observation_id,athlete_id,model_name,feature_set,evaluation_fold,y_true_handgrip_kg,y_pred_handgrip_kg,y_true_pct_prior_median_baseline,residual_kg
rest_daily_a4f0947d555bcfe1,9cee6de4-93b3-46a7-a018-90f60d705ebb,prior_expanding_median,prior_history_only,leave_one_athlete_out:9cee6de4-93b3-46a7-a018-90f60d705ebb,48.8,48.5,100.61855670103093,0.29999999999999716
rest_daily_b0a59a0abf0c6f21,9cee6de4-93b3-46a7-a018-90f60d705ebb,prior_expanding_median,prior_history_only,leave_one_athlete_out:9cee6de4-93b3-46a7-a018-90f60d705ebb,49.3,48.65,101.33607399794452,0.6499999999999986
rest_daily_ad64c57187148a23,9cee6de4-93b3-46a7-a018-90f60d705ebb,prior_expanding_median,prior_history_only,leave_one_athlete_out:9cee6de4-93b3-46a7-a018-90f60d705ebb,50.0,48.8,102.45901639344262,1.2000000000000028
rest_daily_bdb6766b9448f55b,9cee6de4-93b3-46a7-a018-90f60d705ebb,prior_expanding_median,prior_history_only,leave_one_athlete_out:9cee6de4-93b3-46a7-a018-90f60d705ebb,37.5,49.05,76.45259938837921,-11.549999999999997
rest_daily_96bd7b99fb596da4,9cee6de4-93b3-46a7-a018-90f60d705ebb,prior_expanding_median,prior_history_only,leave_one_athlete_out:9cee6de4-93b3-46a7-a018-90f60d705ebb,48.5,48.8,99.38524590163937,-0.29999999999999716
rest_daily_aa66a200e387eba4,9cee6de4-93b3-46a7-a018-90f60d705ebb,prior_expanding_median,prior_history_only,leave_one_athlete_out:9cee6de4-93b3-46a7-a018-90f60d705ebb,45.7,48.65,93.93627954779036,-2.9499999999999957
rest_daily_a4f0947d555bcfe1,9cee6de4-93b3-46a7-a018-90f60d705ebb,prior_expanding_mean,prior_history_only,leave_one_athlete_out:9cee6de4-93b3-46a7-a018-90f60d705ebb,48.8,48.6,100.61855670103093,0.19999999999999574
rest_daily_b0a59a0abf0c6f21,9cee6de4-93b3-46a7-a018-90f60d705ebb,prior_expanding_mean,prior_history_only,leave_one_athlete_out:9cee6de4-93b3-46a7-a018-90f60d705ebb,49.3,48.650000000000006,101.33607399794452,0.6499999999999915
rest_daily_ad64c57187148a23,9cee6de4-93b3-46a7-a018-90f60d705ebb,prior_expanding_mean,prior_history_only,leave_one_athlete_out:9cee6de4-93b3-46a7-a018-90f60d705ebb,50.0,48.78000000000001,102.45901639344262,1.2199999999999918
rest_daily_bdb6766b9448f55b,9cee6de4-93b3-46a7-a018-90f60d705ebb,prior_expanding_mean,prior_history_only,leave_one_athlete_out:9cee6de4-93b3-46a7-a018-90f60d705ebb,37.5,48.98333333333334,76.45259938837921,-11.483333333333341
rest_daily_96bd7b99fb596da4,9cee6de4-93b3-46a7-a018-90f60d705ebb,prior_expanding_mean,prior_history_only,leave_one_athlete_out:9cee6de4-93b3-46a7-a018-90f60d705ebb,48.5,47.34285714285715,99.38524590163937,1.1571428571428513
rest_daily_aa66a200e387eba4,9cee6de4-93b3-46a7-a018-90f60d705ebb,prior_expanding_mean,prior_history_only,leave_one_athlete_out:9cee6de4-93b3-46a7-a018-90f60d705ebb,45.7,47.4875,93.93627954779036,-1.7874999999999943
rest_daily_b711ef41b7e72a58,8d47422f-2512-44a3-a6d6-8feb726f4759,prior_expanding_median,prior_history_only,leave_one_athlete_out:8d47422f-2512-44a3-a6d6-8feb726f4759,32.2,31.4,102.54777070063696,0.8000000000000043
rest_daily_0056b953332cf48c,8d47422f-2512-44a3-a6d6-8feb726f4759,prior_expanding_median,prior_history_only,leave_one_athlete_out:8d47422f-2512-44a3-a6d6-8feb726f4759,31.1,31.2,99.67948717948718,-0.09999999999999787
rest_daily_9576a5f6cfbca811,8d47422f-2512-44a3-a6d6-8feb726f4759,prior_expanding_median,prior_history_only,leave_one_athlete_out:8d47422f-2512-44a3-a6d6-8feb726f4759,31.8,31.1,102.2508038585209,0.6999999999999993
rest_daily_2b0ad7da5f00c7fb,8d47422f-2512-44a3-a6d6-8feb726f4759,prior_expanding_median,prior_history_only,leave_one_athlete_out:8d47422f-2512-44a3-a6d6-8feb726f4759,30.5,31.25,97.6,-0.75
rest_daily_b711ef41b7e72a58,8d47422f-2512-44a3-a6d6-8feb726f4759,prior_expanding_mean,prior_history_only,leave_one_athlete_out:8d47422f-2512-44a3-a6d6-8feb726f4759,32.2,31.366666666666664,102.54777070063696,0.8333333333333393
rest_daily_0056b953332cf48c,8d47422f-2512-44a3-a6d6-8feb726f4759,prior_expanding_mean,prior_history_only,leave_one_athlete_out:8d47422f-2512-44a3-a6d6-8feb726f4759,31.1,31.116666666666664,99.67948717948718,-0.016666666666662167
rest_daily_9576a5f6cfbca811,8d47422f-2512-44a3-a6d6-8feb726f4759,prior_expanding_mean,prior_history_only,leave_one_athlete_out:8d47422f-2512-44a3-a6d6-8feb726f4759,31.8,31.11428571428571,102.2508038585209,0.6857142857142904
rest_daily_2b0ad7da5f00c7fb,8d47422f-2512-44a3-a6d6-8feb726f4759,prior_expanding_mean,prior_history_only,leave_one_athlete_out:8d47422f-2512-44a3-a6d6-8feb726f4759,30.5,31.200000000000003,97.6,-0.7000000000000028
rest_daily_cdf2c1790b6b6b77,ec3fc0a0-ab15-4c0c-b1ad-5243c6e5636f,prior_expanding_median,prior_history_only,leave_one_athlete_out:ec3fc0a0-ab15-4c0c-b1ad-5243c6e5636f,30.1,29.2,103.08219178082192,0.9000000000000021
rest_daily_cd58435642eb8af3,ec3fc0a0-ab15-4c0c-b1ad-5243c6e5636f,prior_expanding_median,prior_history_only,leave_one_athlete_out:ec3fc0a0-ab15-4c0c-b1ad-5243c6e5636f,31.4,29.65,105.90219224283304,1.75
rest_daily_f086eef85301ad30,ec3fc0a0-ab15-4c0c-b1ad-5243c6e5636f,prior_expanding_median,prior_history_only,leave_one_athlete_out:ec3fc0a0-ab15-4c0c-b1ad-5243c6e5636f,32.9,30.1,109.30232558139534,2.799999999999997
rest_daily_c1dfb58557a561b2,ec3fc0a0-ab15-4c0c-b1ad-5243c6e5636f,prior_expanding_median,prior_history_only,leave_one_athlete_out:ec3fc0a0-ab15-4c0c-b1ad-5243c6e5636f,31.8,30.15,105.4726368159204,1.6500000000000021
rest_daily_c72954ac52f3c08e,ec3fc0a0-ab15-4c0c-b1ad-5243c6e5636f,prior_expanding_median,prior_history_only,leave_one_athlete_out:ec3fc0a0-ab15-4c0c-b1ad-5243c6e5636f,31.9,30.2,105.62913907284768,1.6999999999999993
rest_daily_50f6f1543ffe74e1,ec3fc0a0-ab15-4c0c-b1ad-5243c6e5636f,prior_expanding_median,prior_history_only,leave_one_athlete_out:ec3fc0a0-ab15-4c0c-b1ad-5243c6e5636f,29.8,30.799999999999997,96.75324675324676,-0.9999999999999964
rest_daily_cdf2c1790b6b6b77,ec3fc0a0-ab15-4c0c-b1ad-5243c6e5636f,prior_expanding_mean,prior_history_only,leave_one_athlete_out:ec3fc0a0-ab15-4c0c-b1ad-5243c6e5636f,30.1,28.633333333333336,103.08219178082192,1.466666666666665
rest_daily_cd58435642eb8af3,ec3fc0a0-ab15-4c0c-b1ad-5243c6e5636f,prior_expanding_mean,prior_history_only,leave_one_athlete_out:ec3fc0a0-ab15-4c0c-b1ad-5243c6e5636f,31.4,29.0,105.90219224283304,2.3999999999999986
rest_daily_f086eef85301ad30,ec3fc0a0-ab15-4c0c-b1ad-5243c6e5636f,prior_expanding_mean,prior_history_only,leave_one_athlete_out:ec3fc0a0-ab15-4c0c-b1ad-5243c6e5636f,32.9,29.48,109.30232558139534,3.419999999999998
rest_daily_c1dfb58557a561b2,ec3fc0a0-ab15-4c0c-b1ad-5243c6e5636f,prior_expanding_mean,prior_history_only,leave_one_athlete_out:ec3fc0a0-ab15-4c0c-b1ad-5243c6e5636f,31.8,30.05,105.4726368159204,1.75
rest_daily_c72954ac52f3c08e,ec3fc0a0-ab15-4c0c-b1ad-5243c6e5636f,prior_expanding_mean,prior_history_only,leave_one_athlete_out:ec3fc0a0-ab15-4c0c-b1ad-5243c6e5636f,31.9,30.300000000000004,105.62913907284768,1.5999999999999943
rest_daily_50f6f1543ffe74e1,ec3fc0a0-ab15-4c0c-b1ad-5243c6e5636f,prior_expanding_mean,prior_history_only,leave_one_athlete_out:ec3fc0a0-ab15-4c0c-b1ad-5243c6e5636f,29.8,30.5,96.75324675324676,-0.6999999999999993
rest_daily_6c805b4dd0c2cf3f,f2b08928-a410-4d1d-9f19-1f8c063a6311,prior_expanding_median,prior_history_only,leave_one_athlete_out:f2b08928-a410-4d1d-9f19-1f8c063a6311,31.5,31.5,100.0,0.0
rest_daily_6c805b4dd0c2cf3f,f2b08928-a410-4d1d-9f19-1f8c063a6311,prior_expanding_mean,prior_history_only,leave_one_athlete_out:f2b08928-a410-4d1d-9f19-1f8c063a6311,31.5,31.53333333333333,100.0,-0.03333333333333144
rest_daily_f4e5f2267c6c0457,86fed448-f51d-4005-aef8-bd9413933cbe,prior_expanding_median,prior_history_only,leave_one_athlete_out:86fed448-f51d-4005-aef8-bd9413933cbe,29.2,30.6,95.4248366013072,-1.4000000000000021
rest_daily_1b54b101c18e95b5,86fed448-f51d-4005-aef8-bd9413933cbe,prior_expanding_median,prior_history_only,leave_one_athlete_out:86fed448-f51d-4005-aef8-bd9413933cbe,30.7,30.200000000000003,101.65562913907284,0.49999999999999645
rest_daily_7f7a9baf479d195c,86fed448-f51d-4005-aef8-bd9413933cbe,prior_expanding_median,prior_history_only,leave_one_athlete_out:86fed448-f51d-4005-aef8-bd9413933cbe,32.4,30.6,105.88235294117646,1.7999999999999972
rest_daily_f98b6f0e56bf0285,86fed448-f51d-4005-aef8-bd9413933cbe,prior_expanding_median,prior_history_only,leave_one_athlete_out:86fed448-f51d-4005-aef8-bd9413933cbe,30.7,30.65,100.163132137031,0.05000000000000071
rest_daily_5091bf99d5924eac,86fed448-f51d-4005-aef8-bd9413933cbe,prior_expanding_median,prior_history_only,leave_one_athlete_out:86fed448-f51d-4005-aef8-bd9413933cbe,31.8,30.7,103.5830618892508,1.1000000000000014
rest_daily_472237620c8063bf,86fed448-f51d-4005-aef8-bd9413933cbe,prior_expanding_median,prior_history_only,leave_one_athlete_out:86fed448-f51d-4005-aef8-bd9413933cbe,29.8,30.7,97.0684039087948,-0.8999999999999986
rest_daily_a309a15592c25132,86fed448-f51d-4005-aef8-bd9413933cbe,prior_expanding_median,prior_history_only,leave_one_athlete_out:86fed448-f51d-4005-aef8-bd9413933cbe,30.1,30.7,98.0456026058632,-0.5999999999999979
rest_daily_bea3758949606720,86fed448-f51d-4005-aef8-bd9413933cbe,prior_expanding_median,prior_history_only,leave_one_athlete_out:86fed448-f51d-4005-aef8-bd9413933cbe,33.6,30.65,109.62479608482872,2.950000000000003
rest_daily_f4e5f2267c6c0457,86fed448-f51d-4005-aef8-bd9413933cbe,prior_expanding_mean,prior_history_only,leave_one_athlete_out:86fed448-f51d-4005-aef8-bd9413933cbe,29.2,30.5,95.4248366013072,-1.3000000000000007
rest_daily_1b54b101c18e95b5,86fed448-f51d-4005-aef8-bd9413933cbe,prior_expanding_mean,prior_history_only,leave_one_athlete_out:86fed448-f51d-4005-aef8-bd9413933cbe,30.7,30.175,101.65562913907284,0.5249999999999986
rest_daily_7f7a9baf479d195c,86fed448-f51d-4005-aef8-bd9413933cbe,prior_expanding_mean,prior_history_only,leave_one_athlete_out:86fed448-f51d-4005-aef8-bd9413933cbe,32.4,30.28,105.88235294117646,2.1199999999999974
rest_daily_f98b6f0e56bf0285,86fed448-f51d-4005-aef8-bd9413933cbe,prior_expanding_mean,prior_history_only,leave_one_athlete_out:86fed448-f51d-4005-aef8-bd9413933cbe,30.7,30.633333333333336,100.163132137031,0.06666666666666288
rest_daily_5091bf99d5924eac,86fed448-f51d-4005-aef8-bd9413933cbe,prior_expanding_mean,prior_history_only,leave_one_athlete_out:86fed448-f51d-4005-aef8-bd9413933cbe,31.8,30.642857142857142,103.5830618892508,1.1571428571428584
rest_daily_472237620c8063bf,86fed448-f51d-4005-aef8-bd9413933cbe,prior_expanding_mean,prior_history_only,leave_one_athlete_out:86fed448-f51d-4005-aef8-bd9413933cbe,29.8,30.7875,97.0684039087948,-0.9875000000000007
rest_daily_a309a15592c25132,86fed448-f51d-4005-aef8-bd9413933cbe,prior_expanding_mean,prior_history_only,leave_one_athlete_out:86fed448-f51d-4005-aef8-bd9413933cbe,30.1,30.67777777777778,98.0456026058632,-0.5777777777777793
rest_daily_bea3758949606720,86fed448-f51d-4005-aef8-bd9413933cbe,prior_expanding_mean,prior_history_only,leave_one_athlete_out:86fed448-f51d-4005-aef8-bd9413933cbe,33.6,30.620000000000005,109.62479608482872,2.979999999999997
rest_daily_82442f8e52aa8256,a2d89dcf-6bd1-445b-bc9c-7ac6b852a9fc,prior_expanding_median,prior_history_only,leave_one_athlete_out:a2d89dcf-6bd1-445b-bc9c-7ac6b852a9fc,25.2,26.6,94.73684210526316,-1.4000000000000021
rest_daily_baa5ee6cfc8f59b5,a2d89dcf-6bd1-445b-bc9c-7ac6b852a9fc,prior_expanding_median,prior_history_only,leave_one_athlete_out:a2d89dcf-6bd1-445b-bc9c-7ac6b852a9fc,26.0,25.9,100.3861003861004,0.10000000000000142
rest_daily_9afc4bb4cc991ef9,a2d89dcf-6bd1-445b-bc9c-7ac6b852a9fc,prior_expanding_median,prior_history_only,leave_one_athlete_out:a2d89dcf-6bd1-445b-bc9c-7ac6b852a9fc,25.9,26.0,99.6153846153846,-0.10000000000000142
rest_daily_7f8eb3142fb05b5e,a2d89dcf-6bd1-445b-bc9c-7ac6b852a9fc,prior_expanding_median,prior_history_only,leave_one_athlete_out:a2d89dcf-6bd1-445b-bc9c-7ac6b852a9fc,27.3,25.95,105.20231213872832,1.3500000000000014
rest_daily_1c3acd1f7c8cf85f,a2d89dcf-6bd1-445b-bc9c-7ac6b852a9fc,prior_expanding_median,prior_history_only,leave_one_athlete_out:a2d89dcf-6bd1-445b-bc9c-7ac6b852a9fc,26.1,26.0,100.3846153846154,0.10000000000000142
rest_daily_a5cab1550d5946e9,a2d89dcf-6bd1-445b-bc9c-7ac6b852a9fc,prior_expanding_median,prior_history_only,leave_one_athlete_out:a2d89dcf-6bd1-445b-bc9c-7ac6b852a9fc,26.1,26.05,100.1919385796545,0.05000000000000071
rest_daily_82442f8e52aa8256,a2d89dcf-6bd1-445b-bc9c-7ac6b852a9fc,prior_expanding_mean,prior_history_only,leave_one_athlete_out:a2d89dcf-6bd1-445b-bc9c-7ac6b852a9fc,25.2,26.399999999999995,94.73684210526316,-1.1999999999999957
rest_daily_baa5ee6cfc8f59b5,a2d89dcf-6bd1-445b-bc9c-7ac6b852a9fc,prior_expanding_mean,prior_history_only,leave_one_athlete_out:a2d89dcf-6bd1-445b-bc9c-7ac6b852a9fc,26.0,26.1,100.3861003861004,-0.10000000000000142
rest_daily_9afc4bb4cc991ef9,a2d89dcf-6bd1-445b-bc9c-7ac6b852a9fc,prior_expanding_mean,prior_history_only,leave_one_athlete_out:a2d89dcf-6bd1-445b-bc9c-7ac6b852a9fc,25.9,26.079999999999995,99.6153846153846,-0.17999999999999616
rest_daily_7f8eb3142fb05b5e,a2d89dcf-6bd1-445b-bc9c-7ac6b852a9fc,prior_expanding_mean,prior_history_only,leave_one_athlete_out:a2d89dcf-6bd1-445b-bc9c-7ac6b852a9fc,27.3,26.049999999999997,105.20231213872832,1.2500000000000036
rest_daily_1c3acd1f7c8cf85f,a2d89dcf-6bd1-445b-bc9c-7ac6b852a9fc,prior_expanding_mean,prior_history_only,leave_one_athlete_out:a2d89dcf-6bd1-445b-bc9c-7ac6b852a9fc,26.1,26.228571428571428,100.3846153846154,-0.12857142857142634
rest_daily_a5cab1550d5946e9,a2d89dcf-6bd1-445b-bc9c-7ac6b852a9fc,prior_expanding_mean,prior_history_only,leave_one_athlete_out:a2d89dcf-6bd1-445b-bc9c-7ac6b852a9fc,26.1,26.2125,100.1919385796545,-0.11249999999999716
rest_daily_1a821f8053bae41e,6a2ca03c-e61b-4589-a931-58f5e25aacd8,prior_expanding_median,prior_history_only,leave_one_athlete_out:6a2ca03c-e61b-4589-a931-58f5e25aacd8,35.0,36.1,96.9529085872576,-1.1000000000000014
rest_daily_1a821f8053bae41e,6a2ca03c-e61b-4589-a931-58f5e25aacd8,prior_expanding_mean,prior_history_only,leave_one_athlete_out:6a2ca03c-e61b-4589-a931-58f5e25aacd8,35.0,35.4,96.9529085872576,-0.3999999999999986
rest_daily_1fdf1d5bbe31da02,957de0b1-7ee9-437c-b47b-dffd09b6653a,prior_expanding_median,prior_history_only,leave_one_athlete_out:957de0b1-7ee9-437c-b47b-dffd09b6653a,26.4,26.8,98.50746268656717,-0.40000000000000213
rest_daily_ce8b5b7b591dd0fd,957de0b1-7ee9-437c-b47b-dffd09b6653a,prior_expanding_median,prior_history_only,leave_one_athlete_out:957de0b1-7ee9-437c-b47b-dffd09b6653a,24.2,26.8,90.29850746268656,-2.6000000000000014
rest_daily_5725581e019f5fa6,957de0b1-7ee9-437c-b47b-dffd09b6653a,prior_expanding_median,prior_history_only,leave_one_athlete_out:957de0b1-7ee9-437c-b47b-dffd09b6653a,25.2,26.8,94.02985074626864,-1.6000000000000014
rest_daily_9fdde10651bde0b4,957de0b1-7ee9-437c-b47b-dffd09b6653a,prior_expanding_median,prior_history_only,leave_one_athlete_out:957de0b1-7ee9-437c-b47b-dffd09b6653a,25.9,26.8,96.64179104477611,-0.9000000000000021
rest_daily_4cc527b910742f5f,957de0b1-7ee9-437c-b47b-dffd09b6653a,prior_expanding_median,prior_history_only,leave_one_athlete_out:957de0b1-7ee9-437c-b47b-dffd09b6653a,24.4,26.6,91.72932330827066,-2.200000000000003
rest_daily_a682083333fcffda,957de0b1-7ee9-437c-b47b-dffd09b6653a,prior_expanding_median,prior_history_only,leave_one_athlete_out:957de0b1-7ee9-437c-b47b-dffd09b6653a,26.0,26.4,98.48484848484848,-0.3999999999999986
rest_daily_baad225df3d4f040,957de0b1-7ee9-437c-b47b-dffd09b6653a,prior_expanding_median,prior_history_only,leave_one_athlete_out:957de0b1-7ee9-437c-b47b-dffd09b6653a,27.5,26.2,104.9618320610687,1.3000000000000007
rest_daily_24526a257b340324,957de0b1-7ee9-437c-b47b-dffd09b6653a,prior_expanding_median,prior_history_only,leave_one_athlete_out:957de0b1-7ee9-437c-b47b-dffd09b6653a,27.2,26.4,103.03030303030305,0.8000000000000007
rest_daily_f51837b525fe2758,957de0b1-7ee9-437c-b47b-dffd09b6653a,prior_expanding_median,prior_history_only,leave_one_athlete_out:957de0b1-7ee9-437c-b47b-dffd09b6653a,27.5,26.6,103.38345864661652,0.8999999999999986
rest_daily_1fdf1d5bbe31da02,957de0b1-7ee9-437c-b47b-dffd09b6653a,prior_expanding_mean,prior_history_only,leave_one_athlete_out:957de0b1-7ee9-437c-b47b-dffd09b6653a,26.4,27.2,98.50746268656717,-0.8000000000000007
rest_daily_ce8b5b7b591dd0fd,957de0b1-7ee9-437c-b47b-dffd09b6653a,prior_expanding_mean,prior_history_only,leave_one_athlete_out:957de0b1-7ee9-437c-b47b-dffd09b6653a,24.2,27.04,90.29850746268656,-2.84
rest_daily_5725581e019f5fa6,957de0b1-7ee9-437c-b47b-dffd09b6653a,prior_expanding_mean,prior_history_only,leave_one_athlete_out:957de0b1-7ee9-437c-b47b-dffd09b6653a,25.2,26.566666666666663,94.02985074626864,-1.3666666666666636
rest_daily_9fdde10651bde0b4,957de0b1-7ee9-437c-b47b-dffd09b6653a,prior_expanding_mean,prior_history_only,leave_one_athlete_out:957de0b1-7ee9-437c-b47b-dffd09b6653a,25.9,26.371428571428567,96.64179104477611,-0.471428571428568
rest_daily_4cc527b910742f5f,957de0b1-7ee9-437c-b47b-dffd09b6653a,prior_expanding_mean,prior_history_only,leave_one_athlete_out:957de0b1-7ee9-437c-b47b-dffd09b6653a,24.4,26.3125,91.72932330827066,-1.9125000000000014
rest_daily_a682083333fcffda,957de0b1-7ee9-437c-b47b-dffd09b6653a,prior_expanding_mean,prior_history_only,leave_one_athlete_out:957de0b1-7ee9-437c-b47b-dffd09b6653a,26.0,26.1,98.48484848484848,-0.10000000000000142
rest_daily_baad225df3d4f040,957de0b1-7ee9-437c-b47b-dffd09b6653a,prior_expanding_mean,prior_history_only,leave_one_athlete_out:957de0b1-7ee9-437c-b47b-dffd09b6653a,27.5,26.089999999999996,104.9618320610687,1.4100000000000037
rest_daily_24526a257b340324,957de0b1-7ee9-437c-b47b-dffd09b6653a,prior_expanding_mean,prior_history_only,leave_one_athlete_out:957de0b1-7ee9-437c-b47b-dffd09b6653a,27.2,26.218181818181815,103.03030303030305,0.9818181818181841
rest_daily_f51837b525fe2758,957de0b1-7ee9-437c-b47b-dffd09b6653a,prior_expanding_mean,prior_history_only,leave_one_athlete_out:957de0b1-7ee9-437c-b47b-dffd09b6653a,27.5,26.299999999999997,103.38345864661652,1.2000000000000028
rest_daily_44c060af4bc142ed,e362b878-9920-4dcf-9ab7-687a194a821c,prior_expanding_median,prior_history_only,leave_one_athlete_out:e362b878-9920-4dcf-9ab7-687a194a821c,35.0,35.8,97.76536312849164,-0.7999999999999972
rest_daily_e1f7ae429e1b28de,e362b878-9920-4dcf-9ab7-687a194a821c,prior_expanding_median,prior_history_only,leave_one_athlete_out:e362b878-9920-4dcf-9ab7-687a194a821c,32.8,35.7,91.8767507002801,-2.9000000000000057
rest_daily_23de18e0c8746cd7,e362b878-9920-4dcf-9ab7-687a194a821c,prior_expanding_median,prior_history_only,leave_one_athlete_out:e362b878-9920-4dcf-9ab7-687a194a821c,35.3,35.6,99.1573033707865,-0.30000000000000426
rest_daily_19d7ba07a6d15f62,e362b878-9920-4dcf-9ab7-687a194a821c,prior_expanding_median,prior_history_only,leave_one_athlete_out:e362b878-9920-4dcf-9ab7-687a194a821c,32.0,35.45,90.26798307475316,-3.450000000000003
rest_daily_6f1321ab0e065ca1,e362b878-9920-4dcf-9ab7-687a194a821c,prior_expanding_median,prior_history_only,leave_one_athlete_out:e362b878-9920-4dcf-9ab7-687a194a821c,32.6,35.3,92.35127478753542,-2.6999999999999957
rest_daily_8b1130c2e482bf87,e362b878-9920-4dcf-9ab7-687a194a821c,prior_expanding_median,prior_history_only,leave_one_athlete_out:e362b878-9920-4dcf-9ab7-687a194a821c,30.7,35.15,87.33997155049786,-4.449999999999999
rest_daily_aac7a0cea32a78f6,e362b878-9920-4dcf-9ab7-687a194a821c,prior_expanding_median,prior_history_only,leave_one_athlete_out:e362b878-9920-4dcf-9ab7-687a194a821c,33.5,32.8,102.13414634146342,0.7000000000000028
rest_daily_44c060af4bc142ed,e362b878-9920-4dcf-9ab7-687a194a821c,prior_expanding_mean,prior_history_only,leave_one_athlete_out:e362b878-9920-4dcf-9ab7-687a194a821c,35.0,35.86666666666667,97.76536312849164,-0.8666666666666671
rest_daily_e1f7ae429e1b28de,e362b878-9920-4dcf-9ab7-687a194a821c,prior_expanding_mean,prior_history_only,leave_one_athlete_out:e362b878-9920-4dcf-9ab7-687a194a821c,32.8,35.650000000000006,91.8767507002801,-2.8500000000000085
rest_daily_23de18e0c8746cd7,e362b878-9920-4dcf-9ab7-687a194a821c,prior_expanding_mean,prior_history_only,leave_one_athlete_out:e362b878-9920-4dcf-9ab7-687a194a821c,35.3,35.080000000000005,99.1573033707865,0.21999999999999176
rest_daily_19d7ba07a6d15f62,e362b878-9920-4dcf-9ab7-687a194a821c,prior_expanding_mean,prior_history_only,leave_one_athlete_out:e362b878-9920-4dcf-9ab7-687a194a821c,32.0,35.116666666666674,90.26798307475316,-3.1166666666666742
rest_daily_6f1321ab0e065ca1,e362b878-9920-4dcf-9ab7-687a194a821c,prior_expanding_mean,prior_history_only,leave_one_athlete_out:e362b878-9920-4dcf-9ab7-687a194a821c,32.6,34.67142857142858,92.35127478753542,-2.0714285714285765
rest_daily_8b1130c2e482bf87,e362b878-9920-4dcf-9ab7-687a194a821c,prior_expanding_mean,prior_history_only,leave_one_athlete_out:e362b878-9920-4dcf-9ab7-687a194a821c,30.7,34.4125,87.33997155049786,-3.712500000000002
rest_daily_aac7a0cea32a78f6,e362b878-9920-4dcf-9ab7-687a194a821c,prior_expanding_mean,prior_history_only,leave_one_athlete_out:e362b878-9920-4dcf-9ab7-687a194a821c,33.5,33.76363636363636,102.13414634146342,-0.26363636363635834
rest_daily_6f910bb9a01cd557,687552ea-5963-45df-8680-c4c6058eab87,prior_expanding_median,prior_history_only,leave_one_athlete_out:687552ea-5963-45df-8680-c4c6058eab87,35.7,38.9,91.7737789203085,-3.1999999999999957
rest_daily_21d41c9eaff91990,687552ea-5963-45df-8680-c4c6058eab87,prior_expanding_median,prior_history_only,leave_one_athlete_out:687552ea-5963-45df-8680-c4c6058eab87,43.9,37.5,117.06666666666666,6.399999999999999
rest_daily_12a68c9036898205,687552ea-5963-45df-8680-c4c6058eab87,prior_expanding_median,prior_history_only,leave_one_athlete_out:687552ea-5963-45df-8680-c4c6058eab87,42.7,38.9,109.76863753213368,3.8000000000000043
rest_daily_e3c98654c7975c33,687552ea-5963-45df-8680-c4c6058eab87,prior_expanding_median,prior_history_only,leave_one_athlete_out:687552ea-5963-45df-8680-c4c6058eab87,41.3,40.5,101.9753086419753,0.7999999999999972
rest_daily_bb1d299fe508ad69,687552ea-5963-45df-8680-c4c6058eab87,prior_expanding_median,prior_history_only,leave_one_athlete_out:687552ea-5963-45df-8680-c4c6058eab87,36.8,41.3,89.10411622276028,-4.5
rest_daily_1b6135ddcedae6ca,687552ea-5963-45df-8680-c4c6058eab87,prior_expanding_median,prior_history_only,leave_one_athlete_out:687552ea-5963-45df-8680-c4c6058eab87,36.4,40.099999999999994,90.77306733167084,-3.6999999999999957
rest_daily_b5aee6d21878a523,687552ea-5963-45df-8680-c4c6058eab87,prior_expanding_median,prior_history_only,leave_one_athlete_out:687552ea-5963-45df-8680-c4c6058eab87,37.5,38.9,96.40102827763496,-1.3999999999999986
rest_daily_6f910bb9a01cd557,687552ea-5963-45df-8680-c4c6058eab87,prior_expanding_mean,prior_history_only,leave_one_athlete_out:687552ea-5963-45df-8680-c4c6058eab87,35.7,39.03333333333333,91.7737789203085,-3.3333333333333286
rest_daily_21d41c9eaff91990,687552ea-5963-45df-8680-c4c6058eab87,prior_expanding_mean,prior_history_only,leave_one_athlete_out:687552ea-5963-45df-8680-c4c6058eab87,43.9,38.2,117.06666666666666,5.699999999999996
rest_daily_12a68c9036898205,687552ea-5963-45df-8680-c4c6058eab87,prior_expanding_mean,prior_history_only,leave_one_athlete_out:687552ea-5963-45df-8680-c4c6058eab87,42.7,39.34,109.76863753213368,3.3599999999999994
rest_daily_e3c98654c7975c33,687552ea-5963-45df-8680-c4c6058eab87,prior_expanding_mean,prior_history_only,leave_one_athlete_out:687552ea-5963-45df-8680-c4c6058eab87,41.3,39.900000000000006,101.9753086419753,1.3999999999999915
rest_daily_bb1d299fe508ad69,687552ea-5963-45df-8680-c4c6058eab87,prior_expanding_mean,prior_history_only,leave_one_athlete_out:687552ea-5963-45df-8680-c4c6058eab87,36.8,40.10000000000001,89.10411622276028,-3.3000000000000114
rest_daily_1b6135ddcedae6ca,687552ea-5963-45df-8680-c4c6058eab87,prior_expanding_mean,prior_history_only,leave_one_athlete_out:687552ea-5963-45df-8680-c4c6058eab87,36.4,39.6875,90.77306733167084,-3.2875000000000014
rest_daily_b5aee6d21878a523,687552ea-5963-45df-8680-c4c6058eab87,prior_expanding_mean,prior_history_only,leave_one_athlete_out:687552ea-5963-45df-8680-c4c6058eab87,37.5,39.32222222222222,96.40102827763496,-1.8222222222222229
rest_daily_a157f3bb920fa92f,c887cb7e-63cf-4dc2-9fd2-8429137ba44b,prior_expanding_median,prior_history_only,leave_one_athlete_out:c887cb7e-63cf-4dc2-9fd2-8429137ba44b,30.7,26.4,116.2878787878788,4.300000000000001
rest_daily_b8e40341f54d9616,c887cb7e-63cf-4dc2-9fd2-8429137ba44b,prior_expanding_median,prior_history_only,leave_one_athlete_out:c887cb7e-63cf-4dc2-9fd2-8429137ba44b,28.1,27.5,102.1818181818182,0.6000000000000014
rest_daily_1759366c50384ac7,c887cb7e-63cf-4dc2-9fd2-8429137ba44b,prior_expanding_median,prior_history_only,leave_one_athlete_out:c887cb7e-63cf-4dc2-9fd2-8429137ba44b,30.0,28.1,106.76156583629891,1.8999999999999986
rest_daily_0663b3b3ac8bbc8c,c887cb7e-63cf-4dc2-9fd2-8429137ba44b,prior_expanding_median,prior_history_only,leave_one_athlete_out:c887cb7e-63cf-4dc2-9fd2-8429137ba44b,28.5,28.35,100.52910052910052,0.14999999999999858
rest_daily_64860edccfee005f,c887cb7e-63cf-4dc2-9fd2-8429137ba44b,prior_expanding_median,prior_history_only,leave_one_athlete_out:c887cb7e-63cf-4dc2-9fd2-8429137ba44b,28.5,28.5,100.0,0.0
rest_daily_b66d89d81131cac9,c887cb7e-63cf-4dc2-9fd2-8429137ba44b,prior_expanding_median,prior_history_only,leave_one_athlete_out:c887cb7e-63cf-4dc2-9fd2-8429137ba44b,26.6,28.5,93.33333333333331,-1.8999999999999986
rest_daily_462b7d0d1d4cce3d,c887cb7e-63cf-4dc2-9fd2-8429137ba44b,prior_expanding_median,prior_history_only,leave_one_athlete_out:c887cb7e-63cf-4dc2-9fd2-8429137ba44b,24.4,28.5,85.6140350877193,-4.100000000000001
rest_daily_a157f3bb920fa92f,c887cb7e-63cf-4dc2-9fd2-8429137ba44b,prior_expanding_mean,prior_history_only,leave_one_athlete_out:c887cb7e-63cf-4dc2-9fd2-8429137ba44b,30.7,27.133333333333336,116.2878787878788,3.566666666666663
rest_daily_b8e40341f54d9616,c887cb7e-63cf-4dc2-9fd2-8429137ba44b,prior_expanding_mean,prior_history_only,leave_one_athlete_out:c887cb7e-63cf-4dc2-9fd2-8429137ba44b,28.1,28.025,102.1818181818182,0.07500000000000284
rest_daily_1759366c50384ac7,c887cb7e-63cf-4dc2-9fd2-8429137ba44b,prior_expanding_mean,prior_history_only,leave_one_athlete_out:c887cb7e-63cf-4dc2-9fd2-8429137ba44b,30.0,28.040000000000003,106.76156583629891,1.9599999999999973
rest_daily_0663b3b3ac8bbc8c,c887cb7e-63cf-4dc2-9fd2-8429137ba44b,prior_expanding_mean,prior_history_only,leave_one_athlete_out:c887cb7e-63cf-4dc2-9fd2-8429137ba44b,28.5,28.36666666666667,100.52910052910052,0.1333333333333293
rest_daily_64860edccfee005f,c887cb7e-63cf-4dc2-9fd2-8429137ba44b,prior_expanding_mean,prior_history_only,leave_one_athlete_out:c887cb7e-63cf-4dc2-9fd2-8429137ba44b,28.5,28.38571428571429,100.0,0.11428571428571033
rest_daily_b66d89d81131cac9,c887cb7e-63cf-4dc2-9fd2-8429137ba44b,prior_expanding_mean,prior_history_only,leave_one_athlete_out:c887cb7e-63cf-4dc2-9fd2-8429137ba44b,26.6,28.4,93.33333333333331,-1.7999999999999972
rest_daily_462b7d0d1d4cce3d,c887cb7e-63cf-4dc2-9fd2-8429137ba44b,prior_expanding_mean,prior_history_only,leave_one_athlete_out:c887cb7e-63cf-4dc2-9fd2-8429137ba44b,24.4,28.2,85.6140350877193,-3.8000000000000007
rest_daily_6f2bd48791757d01,e6e4e3b9-5cfa-42c6-a4cd-0f96561de3eb,prior_expanding_median,prior_history_only,leave_one_athlete_out:e6e4e3b9-5cfa-42c6-a4cd-0f96561de3eb,32.5,32.3,100.61919504643964,0.20000000000000284
rest_daily_02d5b5624ca2a01d,e6e4e3b9-5cfa-42c6-a4cd-0f96561de3eb,prior_expanding_median,prior_history_only,leave_one_athlete_out:e6e4e3b9-5cfa-42c6-a4cd-0f96561de3eb,30.3,32.4,93.51851851851852,-2.099999999999998
rest_daily_5a6dee4fcd56dbce,e6e4e3b9-5cfa-42c6-a4cd-0f96561de3eb,prior_expanding_median,prior_history_only,leave_one_athlete_out:e6e4e3b9-5cfa-42c6-a4cd-0f96561de3eb,32.5,32.3,100.61919504643964,0.20000000000000284
rest_daily_ab17f1fc7853a9d6,e6e4e3b9-5cfa-42c6-a4cd-0f96561de3eb,prior_expanding_median,prior_history_only,leave_one_athlete_out:e6e4e3b9-5cfa-42c6-a4cd-0f96561de3eb,29.9,32.4,92.28395061728396,-2.5
rest_daily_9f0c016dc4398960,e6e4e3b9-5cfa-42c6-a4cd-0f96561de3eb,prior_expanding_median,prior_history_only,leave_one_athlete_out:e6e4e3b9-5cfa-42c6-a4cd-0f96561de3eb,25.9,32.3,80.1857585139319,-6.399999999999999
rest_daily_0454c91c3fc710e8,e6e4e3b9-5cfa-42c6-a4cd-0f96561de3eb,prior_expanding_median,prior_history_only,leave_one_athlete_out:e6e4e3b9-5cfa-42c6-a4cd-0f96561de3eb,30.8,31.549999999999997,97.62282091917592,-0.7499999999999964
rest_daily_6f2bd48791757d01,e6e4e3b9-5cfa-42c6-a4cd-0f96561de3eb,prior_expanding_mean,prior_history_only,leave_one_athlete_out:e6e4e3b9-5cfa-42c6-a4cd-0f96561de3eb,32.5,32.46666666666666,100.61919504643964,0.033333333333338544
rest_daily_02d5b5624ca2a01d,e6e4e3b9-5cfa-42c6-a4cd-0f96561de3eb,prior_expanding_mean,prior_history_only,leave_one_athlete_out:e6e4e3b9-5cfa-42c6-a4cd-0f96561de3eb,30.3,32.474999999999994,93.51851851851852,-2.1749999999999936
rest_daily_5a6dee4fcd56dbce,e6e4e3b9-5cfa-42c6-a4cd-0f96561de3eb,prior_expanding_mean,prior_history_only,leave_one_athlete_out:e6e4e3b9-5cfa-42c6-a4cd-0f96561de3eb,32.5,32.04,100.61919504643964,0.46000000000000085
rest_daily_ab17f1fc7853a9d6,e6e4e3b9-5cfa-42c6-a4cd-0f96561de3eb,prior_expanding_mean,prior_history_only,leave_one_athlete_out:e6e4e3b9-5cfa-42c6-a4cd-0f96561de3eb,29.9,32.11666666666667,92.28395061728396,-2.2166666666666686
rest_daily_9f0c016dc4398960,e6e4e3b9-5cfa-42c6-a4cd-0f96561de3eb,prior_expanding_mean,prior_history_only,leave_one_athlete_out:e6e4e3b9-5cfa-42c6-a4cd-0f96561de3eb,25.9,31.8,80.1857585139319,-5.900000000000002
rest_daily_0454c91c3fc710e8,e6e4e3b9-5cfa-42c6-a4cd-0f96561de3eb,prior_expanding_mean,prior_history_only,leave_one_athlete_out:e6e4e3b9-5cfa-42c6-a4cd-0f96561de3eb,30.8,31.062499999999996,97.62282091917592,-0.26249999999999574
rest_daily_d6526cc6a798964b,efa2dbe6-24c0-4500-8b7b-1d5d14e1d271,prior_expanding_median,prior_history_only,leave_one_athlete_out:efa2dbe6-24c0-4500-8b7b-1d5d14e1d271,35.2,33.5,105.07462686567166,1.7000000000000028
rest_daily_1041700280114f2c,efa2dbe6-24c0-4500-8b7b-1d5d14e1d271,prior_expanding_median,prior_history_only,leave_one_athlete_out:efa2dbe6-24c0-4500-8b7b-1d5d14e1d271,29.2,34.15,85.50512445095168,-4.949999999999999
rest_daily_3cf67d5887d878f8,efa2dbe6-24c0-4500-8b7b-1d5d14e1d271,prior_expanding_median,prior_history_only,leave_one_athlete_out:efa2dbe6-24c0-4500-8b7b-1d5d14e1d271,31.5,33.4,94.311377245509,-1.8999999999999986
rest_daily_d6526cc6a798964b,efa2dbe6-24c0-4500-8b7b-1d5d14e1d271,prior_expanding_mean,prior_history_only,leave_one_athlete_out:efa2dbe6-24c0-4500-8b7b-1d5d14e1d271,35.2,33.86666666666667,105.07462686567166,1.3333333333333357
rest_daily_1041700280114f2c,efa2dbe6-24c0-4500-8b7b-1d5d14e1d271,prior_expanding_mean,prior_history_only,leave_one_athlete_out:efa2dbe6-24c0-4500-8b7b-1d5d14e1d271,29.2,34.150000000000006,85.50512445095168,-4.950000000000006
rest_daily_3cf67d5887d878f8,efa2dbe6-24c0-4500-8b7b-1d5d14e1d271,prior_expanding_mean,prior_history_only,leave_one_athlete_out:efa2dbe6-24c0-4500-8b7b-1d5d14e1d271,31.5,33.1625,94.311377245509,-1.6625000000000014
rest_daily_82682445d3ee10d1,fd0c9e61-cb99-4d60-ab37-b4b3f5ac60d2,prior_expanding_median,prior_history_only,leave_one_athlete_out:fd0c9e61-cb99-4d60-ab37-b4b3f5ac60d2,36.4,37.7,96.55172413793105,-1.3000000000000043
rest_daily_05f48e6e719ac92e,fd0c9e61-cb99-4d60-ab37-b4b3f5ac60d2,prior_expanding_median,prior_history_only,leave_one_athlete_out:fd0c9e61-cb99-4d60-ab37-b4b3f5ac60d2,34.4,37.05,92.84750337381917,-2.6499999999999986
rest_daily_efc572538dfe1a10,fd0c9e61-cb99-4d60-ab37-b4b3f5ac60d2,prior_expanding_median,prior_history_only,leave_one_athlete_out:fd0c9e61-cb99-4d60-ab37-b4b3f5ac60d2,36.3,36.4,99.72527472527472,-0.10000000000000142
rest_daily_01b75bd63b9e0e56,fd0c9e61-cb99-4d60-ab37-b4b3f5ac60d2,prior_expanding_median,prior_history_only,leave_one_athlete_out:fd0c9e61-cb99-4d60-ab37-b4b3f5ac60d2,37.2,36.349999999999994,102.33837689133428,0.8500000000000085
rest_daily_7c83bde87c5be749,fd0c9e61-cb99-4d60-ab37-b4b3f5ac60d2,prior_expanding_median,prior_history_only,leave_one_athlete_out:fd0c9e61-cb99-4d60-ab37-b4b3f5ac60d2,35.3,36.4,96.97802197802196,-1.1000000000000014
rest_daily_568874402ae121a6,fd0c9e61-cb99-4d60-ab37-b4b3f5ac60d2,prior_expanding_median,prior_history_only,leave_one_athlete_out:fd0c9e61-cb99-4d60-ab37-b4b3f5ac60d2,38.6,36.349999999999994,106.18982118294362,2.250000000000007
rest_daily_e6273f94a99ad120,fd0c9e61-cb99-4d60-ab37-b4b3f5ac60d2,prior_expanding_median,prior_history_only,leave_one_athlete_out:fd0c9e61-cb99-4d60-ab37-b4b3f5ac60d2,36.5,36.4,100.27472527472528,0.10000000000000142
rest_daily_addc070e41582078,fd0c9e61-cb99-4d60-ab37-b4b3f5ac60d2,prior_expanding_median,prior_history_only,leave_one_athlete_out:fd0c9e61-cb99-4d60-ab37-b4b3f5ac60d2,35.8,36.45,98.21673525377228,-0.6500000000000057
rest_daily_82682445d3ee10d1,fd0c9e61-cb99-4d60-ab37-b4b3f5ac60d2,prior_expanding_mean,prior_history_only,leave_one_athlete_out:fd0c9e61-cb99-4d60-ab37-b4b3f5ac60d2,36.4,37.266666666666666,96.55172413793105,-0.8666666666666671
rest_daily_05f48e6e719ac92e,fd0c9e61-cb99-4d60-ab37-b4b3f5ac60d2,prior_expanding_mean,prior_history_only,leave_one_athlete_out:fd0c9e61-cb99-4d60-ab37-b4b3f5ac60d2,34.4,37.05,92.84750337381917,-2.6499999999999986
rest_daily_efc572538dfe1a10,fd0c9e61-cb99-4d60-ab37-b4b3f5ac60d2,prior_expanding_mean,prior_history_only,leave_one_athlete_out:fd0c9e61-cb99-4d60-ab37-b4b3f5ac60d2,36.3,36.52,99.72527472527472,-0.22000000000000597
rest_daily_01b75bd63b9e0e56,fd0c9e61-cb99-4d60-ab37-b4b3f5ac60d2,prior_expanding_mean,prior_history_only,leave_one_athlete_out:fd0c9e61-cb99-4d60-ab37-b4b3f5ac60d2,37.2,36.48333333333333,102.33837689133428,0.7166666666666757
rest_daily_7c83bde87c5be749,fd0c9e61-cb99-4d60-ab37-b4b3f5ac60d2,prior_expanding_mean,prior_history_only,leave_one_athlete_out:fd0c9e61-cb99-4d60-ab37-b4b3f5ac60d2,35.3,36.58571428571428,96.97802197802196,-1.2857142857142847
rest_daily_568874402ae121a6,fd0c9e61-cb99-4d60-ab37-b4b3f5ac60d2,prior_expanding_mean,prior_history_only,leave_one_athlete_out:fd0c9e61-cb99-4d60-ab37-b4b3f5ac60d2,38.6,36.425,106.18982118294362,2.1750000000000043
rest_daily_e6273f94a99ad120,fd0c9e61-cb99-4d60-ab37-b4b3f5ac60d2,prior_expanding_mean,prior_history_only,leave_one_athlete_out:fd0c9e61-cb99-4d60-ab37-b4b3f5ac60d2,36.5,36.666666666666664,100.27472527472528,-0.1666666666666643
rest_daily_addc070e41582078,fd0c9e61-cb99-4d60-ab37-b4b3f5ac60d2,prior_expanding_mean,prior_history_only,leave_one_athlete_out:fd0c9e61-cb99-4d60-ab37-b4b3f5ac60d2,35.8,36.65,98.21673525377228,-0.8500000000000014
rest_daily_e0fe6a57d5ba3bee,2068e7ec-51a8-441a-8053-2be7533e613f,prior_expanding_median,prior_history_only,leave_one_athlete_out:2068e7ec-51a8-441a-8053-2be7533e613f,45.9,45.3,101.32450331125828,0.6000000000000014
rest_daily_d493fee7cfdb999b,2068e7ec-51a8-441a-8053-2be7533e613f,prior_expanding_median,prior_history_only,leave_one_athlete_out:2068e7ec-51a8-441a-8053-2be7533e613f,44.2,44.95,98.33147942157952,-0.75
rest_daily_302c1fbaac2944d8,2068e7ec-51a8-441a-8053-2be7533e613f,prior_expanding_median,prior_history_only,leave_one_athlete_out:2068e7ec-51a8-441a-8053-2be7533e613f,40.4,44.6,90.5829596412556,-4.200000000000003
rest_daily_91c3ba85eea8d163,2068e7ec-51a8-441a-8053-2be7533e613f,prior_expanding_median,prior_history_only,leave_one_athlete_out:2068e7ec-51a8-441a-8053-2be7533e613f,43.9,44.6,98.4304932735426,-0.7000000000000028
rest_daily_0a396a843fa902b0,2068e7ec-51a8-441a-8053-2be7533e613f,prior_expanding_median,prior_history_only,leave_one_athlete_out:2068e7ec-51a8-441a-8053-2be7533e613f,43.3,44.6,97.08520179372196,-1.3000000000000043
rest_daily_e0fe6a57d5ba3bee,2068e7ec-51a8-441a-8053-2be7533e613f,prior_expanding_mean,prior_history_only,leave_one_athlete_out:2068e7ec-51a8-441a-8053-2be7533e613f,45.9,44.7,101.32450331125828,1.1999999999999957
rest_daily_d493fee7cfdb999b,2068e7ec-51a8-441a-8053-2be7533e613f,prior_expanding_mean,prior_history_only,leave_one_athlete_out:2068e7ec-51a8-441a-8053-2be7533e613f,44.2,44.825,98.33147942157952,-0.625
rest_daily_302c1fbaac2944d8,2068e7ec-51a8-441a-8053-2be7533e613f,prior_expanding_mean,prior_history_only,leave_one_athlete_out:2068e7ec-51a8-441a-8053-2be7533e613f,40.4,44.75555555555555,90.5829596412556,-4.355555555555554
rest_daily_91c3ba85eea8d163,2068e7ec-51a8-441a-8053-2be7533e613f,prior_expanding_mean,prior_history_only,leave_one_athlete_out:2068e7ec-51a8-441a-8053-2be7533e613f,43.9,44.31999999999999,98.4304932735426,-0.4199999999999946
rest_daily_0a396a843fa902b0,2068e7ec-51a8-441a-8053-2be7533e613f,prior_expanding_mean,prior_history_only,leave_one_athlete_out:2068e7ec-51a8-441a-8053-2be7533e613f,43.3,44.281818181818174,97.08520179372196,-0.981818181818177
rest_daily_96bd7b99fb596da4,9cee6de4-93b3-46a7-a018-90f60d705ebb,prior_expanding_median,prior_history_only,chronological_holdout:last_30pct_per_athlete_min_1,48.5,48.8,99.38524590163937,-0.29999999999999716
rest_daily_aa66a200e387eba4,9cee6de4-93b3-46a7-a018-90f60d705ebb,prior_expanding_median,prior_history_only,chronological_holdout:last_30pct_per_athlete_min_1,45.7,48.65,93.93627954779036,-2.9499999999999957
rest_daily_9576a5f6cfbca811,8d47422f-2512-44a3-a6d6-8feb726f4759,prior_expanding_median,prior_history_only,chronological_holdout:last_30pct_per_athlete_min_1,31.8,31.1,102.2508038585209,0.6999999999999993
rest_daily_2b0ad7da5f00c7fb,8d47422f-2512-44a3-a6d6-8feb726f4759,prior_expanding_median,prior_history_only,chronological_holdout:last_30pct_per_athlete_min_1,30.5,31.25,97.6,-0.75
rest_daily_c72954ac52f3c08e,ec3fc0a0-ab15-4c0c-b1ad-5243c6e5636f,prior_expanding_median,prior_history_only,chronological_holdout:last_30pct_per_athlete_min_1,31.9,30.2,105.62913907284768,1.6999999999999993
rest_daily_50f6f1543ffe74e1,ec3fc0a0-ab15-4c0c-b1ad-5243c6e5636f,prior_expanding_median,prior_history_only,chronological_holdout:last_30pct_per_athlete_min_1,29.8,30.799999999999997,96.75324675324676,-0.9999999999999964
rest_daily_6c805b4dd0c2cf3f,f2b08928-a410-4d1d-9f19-1f8c063a6311,prior_expanding_median,prior_history_only,chronological_holdout:last_30pct_per_athlete_min_1,31.5,31.5,100.0,0.0
rest_daily_472237620c8063bf,86fed448-f51d-4005-aef8-bd9413933cbe,prior_expanding_median,prior_history_only,chronological_holdout:last_30pct_per_athlete_min_1,29.8,30.7,97.0684039087948,-0.8999999999999986
rest_daily_a309a15592c25132,86fed448-f51d-4005-aef8-bd9413933cbe,prior_expanding_median,prior_history_only,chronological_holdout:last_30pct_per_athlete_min_1,30.1,30.7,98.0456026058632,-0.5999999999999979
rest_daily_bea3758949606720,86fed448-f51d-4005-aef8-bd9413933cbe,prior_expanding_median,prior_history_only,chronological_holdout:last_30pct_per_athlete_min_1,33.6,30.65,109.62479608482872,2.950000000000003
rest_daily_1c3acd1f7c8cf85f,a2d89dcf-6bd1-445b-bc9c-7ac6b852a9fc,prior_expanding_median,prior_history_only,chronological_holdout:last_30pct_per_athlete_min_1,26.1,26.0,100.3846153846154,0.10000000000000142
rest_daily_a5cab1550d5946e9,a2d89dcf-6bd1-445b-bc9c-7ac6b852a9fc,prior_expanding_median,prior_history_only,chronological_holdout:last_30pct_per_athlete_min_1,26.1,26.05,100.1919385796545,0.05000000000000071
rest_daily_1a821f8053bae41e,6a2ca03c-e61b-4589-a931-58f5e25aacd8,prior_expanding_median,prior_history_only,chronological_holdout:last_30pct_per_athlete_min_1,35.0,36.1,96.9529085872576,-1.1000000000000014
rest_daily_baad225df3d4f040,957de0b1-7ee9-437c-b47b-dffd09b6653a,prior_expanding_median,prior_history_only,chronological_holdout:last_30pct_per_athlete_min_1,27.5,26.2,104.9618320610687,1.3000000000000007
rest_daily_24526a257b340324,957de0b1-7ee9-437c-b47b-dffd09b6653a,prior_expanding_median,prior_history_only,chronological_holdout:last_30pct_per_athlete_min_1,27.2,26.4,103.03030303030305,0.8000000000000007
rest_daily_f51837b525fe2758,957de0b1-7ee9-437c-b47b-dffd09b6653a,prior_expanding_median,prior_history_only,chronological_holdout:last_30pct_per_athlete_min_1,27.5,26.6,103.38345864661652,0.8999999999999986
rest_daily_6f1321ab0e065ca1,e362b878-9920-4dcf-9ab7-687a194a821c,prior_expanding_median,prior_history_only,chronological_holdout:last_30pct_per_athlete_min_1,32.6,35.3,92.35127478753542,-2.6999999999999957
rest_daily_8b1130c2e482bf87,e362b878-9920-4dcf-9ab7-687a194a821c,prior_expanding_median,prior_history_only,chronological_holdout:last_30pct_per_athlete_min_1,30.7,35.15,87.33997155049786,-4.449999999999999
rest_daily_aac7a0cea32a78f6,e362b878-9920-4dcf-9ab7-687a194a821c,prior_expanding_median,prior_history_only,chronological_holdout:last_30pct_per_athlete_min_1,33.5,32.8,102.13414634146342,0.7000000000000028
rest_daily_bb1d299fe508ad69,687552ea-5963-45df-8680-c4c6058eab87,prior_expanding_median,prior_history_only,chronological_holdout:last_30pct_per_athlete_min_1,36.8,41.3,89.10411622276028,-4.5
rest_daily_1b6135ddcedae6ca,687552ea-5963-45df-8680-c4c6058eab87,prior_expanding_median,prior_history_only,chronological_holdout:last_30pct_per_athlete_min_1,36.4,40.099999999999994,90.77306733167084,-3.6999999999999957
rest_daily_b5aee6d21878a523,687552ea-5963-45df-8680-c4c6058eab87,prior_expanding_median,prior_history_only,chronological_holdout:last_30pct_per_athlete_min_1,37.5,38.9,96.40102827763496,-1.3999999999999986
rest_daily_64860edccfee005f,c887cb7e-63cf-4dc2-9fd2-8429137ba44b,prior_expanding_median,prior_history_only,chronological_holdout:last_30pct_per_athlete_min_1,28.5,28.5,100.0,0.0
rest_daily_b66d89d81131cac9,c887cb7e-63cf-4dc2-9fd2-8429137ba44b,prior_expanding_median,prior_history_only,chronological_holdout:last_30pct_per_athlete_min_1,26.6,28.5,93.33333333333331,-1.8999999999999986
rest_daily_462b7d0d1d4cce3d,c887cb7e-63cf-4dc2-9fd2-8429137ba44b,prior_expanding_median,prior_history_only,chronological_holdout:last_30pct_per_athlete_min_1,24.4,28.5,85.6140350877193,-4.100000000000001
rest_daily_9f0c016dc4398960,e6e4e3b9-5cfa-42c6-a4cd-0f96561de3eb,prior_expanding_median,prior_history_only,chronological_holdout:last_30pct_per_athlete_min_1,25.9,32.3,80.1857585139319,-6.399999999999999
rest_daily_0454c91c3fc710e8,e6e4e3b9-5cfa-42c6-a4cd-0f96561de3eb,prior_expanding_median,prior_history_only,chronological_holdout:last_30pct_per_athlete_min_1,30.8,31.549999999999997,97.62282091917592,-0.7499999999999964
rest_daily_3cf67d5887d878f8,efa2dbe6-24c0-4500-8b7b-1d5d14e1d271,prior_expanding_median,prior_history_only,chronological_holdout:last_30pct_per_athlete_min_1,31.5,33.4,94.311377245509,-1.8999999999999986
rest_daily_568874402ae121a6,fd0c9e61-cb99-4d60-ab37-b4b3f5ac60d2,prior_expanding_median,prior_history_only,chronological_holdout:last_30pct_per_athlete_min_1,38.6,36.349999999999994,106.18982118294362,2.250000000000007
rest_daily_e6273f94a99ad120,fd0c9e61-cb99-4d60-ab37-b4b3f5ac60d2,prior_expanding_median,prior_history_only,chronological_holdout:last_30pct_per_athlete_min_1,36.5,36.4,100.27472527472528,0.10000000000000142
rest_daily_addc070e41582078,fd0c9e61-cb99-4d60-ab37-b4b3f5ac60d2,prior_expanding_median,prior_history_only,chronological_holdout:last_30pct_per_athlete_min_1,35.8,36.45,98.21673525377228,-0.6500000000000057
rest_daily_91c3ba85eea8d163,2068e7ec-51a8-441a-8053-2be7533e613f,prior_expanding_median,prior_history_only,chronological_holdout:last_30pct_per_athlete_min_1,43.9,44.6,98.4304932735426,-0.7000000000000028
rest_daily_0a396a843fa902b0,2068e7ec-51a8-441a-8053-2be7533e613f,prior_expanding_median,prior_history_only,chronological_holdout:last_30pct_per_athlete_min_1,43.3,44.6,97.08520179372196,-1.3000000000000043
rest_daily_96bd7b99fb596da4,9cee6de4-93b3-46a7-a018-90f60d705ebb,prior_expanding_mean,prior_history_only,chronological_holdout:last_30pct_per_athlete_min_1,48.5,47.34285714285715,99.38524590163937,1.1571428571428513
rest_daily_aa66a200e387eba4,9cee6de4-93b3-46a7-a018-90f60d705ebb,prior_expanding_mean,prior_history_only,chronological_holdout:last_30pct_per_athlete_min_1,45.7,47.4875,93.93627954779036,-1.7874999999999943
rest_daily_9576a5f6cfbca811,8d47422f-2512-44a3-a6d6-8feb726f4759,prior_expanding_mean,prior_history_only,chronological_holdout:last_30pct_per_athlete_min_1,31.8,31.11428571428571,102.2508038585209,0.6857142857142904
rest_daily_2b0ad7da5f00c7fb,8d47422f-2512-44a3-a6d6-8feb726f4759,prior_expanding_mean,prior_history_only,chronological_holdout:last_30pct_per_athlete_min_1,30.5,31.200000000000003,97.6,-0.7000000000000028
rest_daily_c72954ac52f3c08e,ec3fc0a0-ab15-4c0c-b1ad-5243c6e5636f,prior_expanding_mean,prior_history_only,chronological_holdout:last_30pct_per_athlete_min_1,31.9,30.300000000000004,105.62913907284768,1.5999999999999943
rest_daily_50f6f1543ffe74e1,ec3fc0a0-ab15-4c0c-b1ad-5243c6e5636f,prior_expanding_mean,prior_history_only,chronological_holdout:last_30pct_per_athlete_min_1,29.8,30.5,96.75324675324676,-0.6999999999999993
rest_daily_6c805b4dd0c2cf3f,f2b08928-a410-4d1d-9f19-1f8c063a6311,prior_expanding_mean,prior_history_only,chronological_holdout:last_30pct_per_athlete_min_1,31.5,31.53333333333333,100.0,-0.03333333333333144
rest_daily_472237620c8063bf,86fed448-f51d-4005-aef8-bd9413933cbe,prior_expanding_mean,prior_history_only,chronological_holdout:last_30pct_per_athlete_min_1,29.8,30.7875,97.0684039087948,-0.9875000000000007
rest_daily_a309a15592c25132,86fed448-f51d-4005-aef8-bd9413933cbe,prior_expanding_mean,prior_history_only,chronological_holdout:last_30pct_per_athlete_min_1,30.1,30.67777777777778,98.0456026058632,-0.5777777777777793
rest_daily_bea3758949606720,86fed448-f51d-4005-aef8-bd9413933cbe,prior_expanding_mean,prior_history_only,chronological_holdout:last_30pct_per_athlete_min_1,33.6,30.620000000000005,109.62479608482872,2.979999999999997
rest_daily_1c3acd1f7c8cf85f,a2d89dcf-6bd1-445b-bc9c-7ac6b852a9fc,prior_expanding_mean,prior_history_only,chronological_holdout:last_30pct_per_athlete_min_1,26.1,26.228571428571428,100.3846153846154,-0.12857142857142634
rest_daily_a5cab1550d5946e9,a2d89dcf-6bd1-445b-bc9c-7ac6b852a9fc,prior_expanding_mean,prior_history_only,chronological_holdout:last_30pct_per_athlete_min_1,26.1,26.2125,100.1919385796545,-0.11249999999999716
rest_daily_1a821f8053bae41e,6a2ca03c-e61b-4589-a931-58f5e25aacd8,prior_expanding_mean,prior_history_only,chronological_holdout:last_30pct_per_athlete_min_1,35.0,35.4,96.9529085872576,-0.3999999999999986
rest_daily_baad225df3d4f040,957de0b1-7ee9-437c-b47b-dffd09b6653a,prior_expanding_mean,prior_history_only,chronological_holdout:last_30pct_per_athlete_min_1,27.5,26.089999999999996,104.9618320610687,1.4100000000000037
rest_daily_24526a257b340324,957de0b1-7ee9-437c-b47b-dffd09b6653a,prior_expanding_mean,prior_history_only,chronological_holdout:last_30pct_per_athlete_min_1,27.2,26.218181818181815,103.03030303030305,0.9818181818181841
rest_daily_f51837b525fe2758,957de0b1-7ee9-437c-b47b-dffd09b6653a,prior_expanding_mean,prior_history_only,chronological_holdout:last_30pct_per_athlete_min_1,27.5,26.299999999999997,103.38345864661652,1.2000000000000028
rest_daily_6f1321ab0e065ca1,e362b878-9920-4dcf-9ab7-687a194a821c,prior_expanding_mean,prior_history_only,chronological_holdout:last_30pct_per_athlete_min_1,32.6,34.67142857142858,92.35127478753542,-2.0714285714285765
rest_daily_8b1130c2e482bf87,e362b878-9920-4dcf-9ab7-687a194a821c,prior_expanding_mean,prior_history_only,chronological_holdout:last_30pct_per_athlete_min_1,30.7,34.4125,87.33997155049786,-3.712500000000002
rest_daily_aac7a0cea32a78f6,e362b878-9920-4dcf-9ab7-687a194a821c,prior_expanding_mean,prior_history_only,chronological_holdout:last_30pct_per_athlete_min_1,33.5,33.76363636363636,102.13414634146342,-0.26363636363635834
rest_daily_bb1d299fe508ad69,687552ea-5963-45df-8680-c4c6058eab87,prior_expanding_mean,prior_history_only,chronological_holdout:last_30pct_per_athlete_min_1,36.8,40.10000000000001,89.10411622276028,-3.3000000000000114
rest_daily_1b6135ddcedae6ca,687552ea-5963-45df-8680-c4c6058eab87,prior_expanding_mean,prior_history_only,chronological_holdout:last_30pct_per_athlete_min_1,36.4,39.6875,90.77306733167084,-3.2875000000000014
rest_daily_b5aee6d21878a523,687552ea-5963-45df-8680-c4c6058eab87,prior_expanding_mean,prior_history_only,chronological_holdout:last_30pct_per_athlete_min_1,37.5,39.32222222222222,96.40102827763496,-1.8222222222222229
rest_daily_64860edccfee005f,c887cb7e-63cf-4dc2-9fd2-8429137ba44b,prior_expanding_mean,prior_history_only,chronological_holdout:last_30pct_per_athlete_min_1,28.5,28.38571428571429,100.0,0.11428571428571033
rest_daily_b66d89d81131cac9,c887cb7e-63cf-4dc2-9fd2-8429137ba44b,prior_expanding_mean,prior_history_only,chronological_holdout:last_30pct_per_athlete_min_1,26.6,28.4,93.33333333333331,-1.7999999999999972
rest_daily_462b7d0d1d4cce3d,c887cb7e-63cf-4dc2-9fd2-8429137ba44b,prior_expanding_mean,prior_history_only,chronological_holdout:last_30pct_per_athlete_min_1,24.4,28.2,85.6140350877193,-3.8000000000000007
rest_daily_9f0c016dc4398960,e6e4e3b9-5cfa-42c6-a4cd-0f96561de3eb,prior_expanding_mean,prior_history_only,chronological_holdout:last_30pct_per_athlete_min_1,25.9,31.8,80.1857585139319,-5.900000000000002
rest_daily_0454c91c3fc710e8,e6e4e3b9-5cfa-42c6-a4cd-0f96561de3eb,prior_expanding_mean,prior_history_only,chronological_holdout:last_30pct_per_athlete_min_1,30.8,31.062499999999996,97.62282091917592,-0.26249999999999574
rest_daily_3cf67d5887d878f8,efa2dbe6-24c0-4500-8b7b-1d5d14e1d271,prior_expanding_mean,prior_history_only,chronological_holdout:last_30pct_per_athlete_min_1,31.5,33.1625,94.311377245509,-1.6625000000000014
rest_daily_568874402ae121a6,fd0c9e61-cb99-4d60-ab37-b4b3f5ac60d2,prior_expanding_mean,prior_history_only,chronological_holdout:last_30pct_per_athlete_min_1,38.6,36.425,106.18982118294362,2.1750000000000043
rest_daily_e6273f94a99ad120,fd0c9e61-cb99-4d60-ab37-b4b3f5ac60d2,prior_expanding_mean,prior_history_only,chronological_holdout:last_30pct_per_athlete_min_1,36.5,36.666666666666664,100.27472527472528,-0.1666666666666643
rest_daily_addc070e41582078,fd0c9e61-cb99-4d60-ab37-b4b3f5ac60d2,prior_expanding_mean,prior_history_only,chronological_holdout:last_30pct_per_athlete_min_1,35.8,36.65,98.21673525377228,-0.8500000000000014
rest_daily_91c3ba85eea8d163,2068e7ec-51a8-441a-8053-2be7533e613f,prior_expanding_mean,prior_history_only,chronological_holdout:last_30pct_per_athlete_min_1,43.9,44.31999999999999,98.4304932735426,-0.4199999999999946
rest_daily_0a396a843fa902b0,2068e7ec-51a8-441a-8053-2be7533e613f,prior_expanding_mean,prior_history_only,chronological_holdout:last_30pct_per_athlete_min_1,43.3,44.281818181818174,97.08520179372196,-0.981818181818177
rest_daily_a4f0947d555bcfe1,9cee6de4-93b3-46a7-a018-90f60d705ebb,prior_expanding_median,prior_history_plus_daily_sleep,leave_one_athlete_out:9cee6de4-93b3-46a7-a018-90f60d705ebb,48.8,48.5,100.61855670103093,0.29999999999999716
rest_daily_b0a59a0abf0c6f21,9cee6de4-93b3-46a7-a018-90f60d705ebb,prior_expanding_median,prior_history_plus_daily_sleep,leave_one_athlete_out:9cee6de4-93b3-46a7-a018-90f60d705ebb,49.3,48.65,101.33607399794452,0.6499999999999986
rest_daily_ad64c57187148a23,9cee6de4-93b3-46a7-a018-90f60d705ebb,prior_expanding_median,prior_history_plus_daily_sleep,leave_one_athlete_out:9cee6de4-93b3-46a7-a018-90f60d705ebb,50.0,48.8,102.45901639344262,1.2000000000000028
rest_daily_bdb6766b9448f55b,9cee6de4-93b3-46a7-a018-90f60d705ebb,prior_expanding_median,prior_history_plus_daily_sleep,leave_one_athlete_out:9cee6de4-93b3-46a7-a018-90f60d705ebb,37.5,49.05,76.45259938837921,-11.549999999999997
rest_daily_96bd7b99fb596da4,9cee6de4-93b3-46a7-a018-90f60d705ebb,prior_expanding_median,prior_history_plus_daily_sleep,leave_one_athlete_out:9cee6de4-93b3-46a7-a018-90f60d705ebb,48.5,48.8,99.38524590163937,-0.29999999999999716
rest_daily_aa66a200e387eba4,9cee6de4-93b3-46a7-a018-90f60d705ebb,prior_expanding_median,prior_history_plus_daily_sleep,leave_one_athlete_out:9cee6de4-93b3-46a7-a018-90f60d705ebb,45.7,48.65,93.93627954779036,-2.9499999999999957
rest_daily_a4f0947d555bcfe1,9cee6de4-93b3-46a7-a018-90f60d705ebb,prior_expanding_mean,prior_history_plus_daily_sleep,leave_one_athlete_out:9cee6de4-93b3-46a7-a018-90f60d705ebb,48.8,48.6,100.61855670103093,0.19999999999999574
rest_daily_b0a59a0abf0c6f21,9cee6de4-93b3-46a7-a018-90f60d705ebb,prior_expanding_mean,prior_history_plus_daily_sleep,leave_one_athlete_out:9cee6de4-93b3-46a7-a018-90f60d705ebb,49.3,48.650000000000006,101.33607399794452,0.6499999999999915
rest_daily_ad64c57187148a23,9cee6de4-93b3-46a7-a018-90f60d705ebb,prior_expanding_mean,prior_history_plus_daily_sleep,leave_one_athlete_out:9cee6de4-93b3-46a7-a018-90f60d705ebb,50.0,48.78000000000001,102.45901639344262,1.2199999999999918
rest_daily_bdb6766b9448f55b,9cee6de4-93b3-46a7-a018-90f60d705ebb,prior_expanding_mean,prior_history_plus_daily_sleep,leave_one_athlete_out:9cee6de4-93b3-46a7-a018-90f60d705ebb,37.5,48.98333333333334,76.45259938837921,-11.483333333333341
rest_daily_96bd7b99fb596da4,9cee6de4-93b3-46a7-a018-90f60d705ebb,prior_expanding_mean,prior_history_plus_daily_sleep,leave_one_athlete_out:9cee6de4-93b3-46a7-a018-90f60d705ebb,48.5,47.34285714285715,99.38524590163937,1.1571428571428513
rest_daily_aa66a200e387eba4,9cee6de4-93b3-46a7-a018-90f60d705ebb,prior_expanding_mean,prior_history_plus_daily_sleep,leave_one_athlete_out:9cee6de4-93b3-46a7-a018-90f60d705ebb,45.7,47.4875,93.93627954779036,-1.7874999999999943
rest_daily_b711ef41b7e72a58,8d47422f-2512-44a3-a6d6-8feb726f4759,prior_expanding_median,prior_history_plus_daily_sleep,leave_one_athlete_out:8d47422f-2512-44a3-a6d6-8feb726f4759,32.2,31.4,102.54777070063696,0.8000000000000043
rest_daily_0056b953332cf48c,8d47422f-2512-44a3-a6d6-8feb726f4759,prior_expanding_median,prior_history_plus_daily_sleep,leave_one_athlete_out:8d47422f-2512-44a3-a6d6-8feb726f4759,31.1,31.2,99.67948717948718,-0.09999999999999787
rest_daily_9576a5f6cfbca811,8d47422f-2512-44a3-a6d6-8feb726f4759,prior_expanding_median,prior_history_plus_daily_sleep,leave_one_athlete_out:8d47422f-2512-44a3-a6d6-8feb726f4759,31.8,31.1,102.2508038585209,0.6999999999999993
rest_daily_2b0ad7da5f00c7fb,8d47422f-2512-44a3-a6d6-8feb726f4759,prior_expanding_median,prior_history_plus_daily_sleep,leave_one_athlete_out:8d47422f-2512-44a3-a6d6-8feb726f4759,30.5,31.25,97.6,-0.75
rest_daily_b711ef41b7e72a58,8d47422f-2512-44a3-a6d6-8feb726f4759,prior_expanding_mean,prior_history_plus_daily_sleep,leave_one_athlete_out:8d47422f-2512-44a3-a6d6-8feb726f4759,32.2,31.366666666666664,102.54777070063696,0.8333333333333393
rest_daily_0056b953332cf48c,8d47422f-2512-44a3-a6d6-8feb726f4759,prior_expanding_mean,prior_history_plus_daily_sleep,leave_one_athlete_out:8d47422f-2512-44a3-a6d6-8feb726f4759,31.1,31.116666666666664,99.67948717948718,-0.016666666666662167
rest_daily_9576a5f6cfbca811,8d47422f-2512-44a3-a6d6-8feb726f4759,prior_expanding_mean,prior_history_plus_daily_sleep,leave_one_athlete_out:8d47422f-2512-44a3-a6d6-8feb726f4759,31.8,31.11428571428571,102.2508038585209,0.6857142857142904
rest_daily_2b0ad7da5f00c7fb,8d47422f-2512-44a3-a6d6-8feb726f4759,prior_expanding_mean,prior_history_plus_daily_sleep,leave_one_athlete_out:8d47422f-2512-44a3-a6d6-8feb726f4759,30.5,31.200000000000003,97.6,-0.7000000000000028
rest_daily_cdf2c1790b6b6b77,ec3fc0a0-ab15-4c0c-b1ad-5243c6e5636f,prior_expanding_median,prior_history_plus_daily_sleep,leave_one_athlete_out:ec3fc0a0-ab15-4c0c-b1ad-5243c6e5636f,30.1,29.2,103.08219178082192,0.9000000000000021
rest_daily_cd58435642eb8af3,ec3fc0a0-ab15-4c0c-b1ad-5243c6e5636f,prior_expanding_median,prior_history_plus_daily_sleep,leave_one_athlete_out:ec3fc0a0-ab15-4c0c-b1ad-5243c6e5636f,31.4,29.65,105.90219224283304,1.75
rest_daily_f086eef85301ad30,ec3fc0a0-ab15-4c0c-b1ad-5243c6e5636f,prior_expanding_median,prior_history_plus_daily_sleep,leave_one_athlete_out:ec3fc0a0-ab15-4c0c-b1ad-5243c6e5636f,32.9,30.1,109.30232558139534,2.799999999999997
rest_daily_c1dfb58557a561b2,ec3fc0a0-ab15-4c0c-b1ad-5243c6e5636f,prior_expanding_median,prior_history_plus_daily_sleep,leave_one_athlete_out:ec3fc0a0-ab15-4c0c-b1ad-5243c6e5636f,31.8,30.15,105.4726368159204,1.6500000000000021
rest_daily_c72954ac52f3c08e,ec3fc0a0-ab15-4c0c-b1ad-5243c6e5636f,prior_expanding_median,prior_history_plus_daily_sleep,leave_one_athlete_out:ec3fc0a0-ab15-4c0c-b1ad-5243c6e5636f,31.9,30.2,105.62913907284768,1.6999999999999993
rest_daily_50f6f1543ffe74e1,ec3fc0a0-ab15-4c0c-b1ad-5243c6e5636f,prior_expanding_median,prior_history_plus_daily_sleep,leave_one_athlete_out:ec3fc0a0-ab15-4c0c-b1ad-5243c6e5636f,29.8,30.799999999999997,96.75324675324676,-0.9999999999999964
rest_daily_cdf2c1790b6b6b77,ec3fc0a0-ab15-4c0c-b1ad-5243c6e5636f,prior_expanding_mean,prior_history_plus_daily_sleep,leave_one_athlete_out:ec3fc0a0-ab15-4c0c-b1ad-5243c6e5636f,30.1,28.633333333333336,103.08219178082192,1.466666666666665
rest_daily_cd58435642eb8af3,ec3fc0a0-ab15-4c0c-b1ad-5243c6e5636f,prior_expanding_mean,prior_history_plus_daily_sleep,leave_one_athlete_out:ec3fc0a0-ab15-4c0c-b1ad-5243c6e5636f,31.4,29.0,105.90219224283304,2.3999999999999986
rest_daily_f086eef85301ad30,ec3fc0a0-ab15-4c0c-b1ad-5243c6e5636f,prior_expanding_mean,prior_history_plus_daily_sleep,leave_one_athlete_out:ec3fc0a0-ab15-4c0c-b1ad-5243c6e5636f,32.9,29.48,109.30232558139534,3.419999999999998
rest_daily_c1dfb58557a561b2,ec3fc0a0-ab15-4c0c-b1ad-5243c6e5636f,prior_expanding_mean,prior_history_plus_daily_sleep,leave_one_athlete_out:ec3fc0a0-ab15-4c0c-b1ad-5243c6e5636f,31.8,30.05,105.4726368159204,1.75
rest_daily_c72954ac52f3c08e,ec3fc0a0-ab15-4c0c-b1ad-5243c6e5636f,prior_expanding_mean,prior_history_plus_daily_sleep,leave_one_athlete_out:ec3fc0a0-ab15-4c0c-b1ad-5243c6e5636f,31.9,30.300000000000004,105.62913907284768,1.5999999999999943
rest_daily_50f6f1543ffe74e1,ec3fc0a0-ab15-4c0c-b1ad-5243c6e5636f,prior_expanding_mean,prior_history_plus_daily_sleep,leave_one_athlete_out:ec3fc0a0-ab15-4c0c-b1ad-5243c6e5636f,29.8,30.5,96.75324675324676,-0.6999999999999993
rest_daily_6c805b4dd0c2cf3f,f2b08928-a410-4d1d-9f19-1f8c063a6311,prior_expanding_median,prior_history_plus_daily_sleep,leave_one_athlete_out:f2b08928-a410-4d1d-9f19-1f8c063a6311,31.5,31.5,100.0,0.0
rest_daily_6c805b4dd0c2cf3f,f2b08928-a410-4d1d-9f19-1f8c063a6311,prior_expanding_mean,prior_history_plus_daily_sleep,leave_one_athlete_out:f2b08928-a410-4d1d-9f19-1f8c063a6311,31.5,31.53333333333333,100.0,-0.03333333333333144
rest_daily_f4e5f2267c6c0457,86fed448-f51d-4005-aef8-bd9413933cbe,prior_expanding_median,prior_history_plus_daily_sleep,leave_one_athlete_out:86fed448-f51d-4005-aef8-bd9413933cbe,29.2,30.6,95.4248366013072,-1.4000000000000021
rest_daily_1b54b101c18e95b5,86fed448-f51d-4005-aef8-bd9413933cbe,prior_expanding_median,prior_history_plus_daily_sleep,leave_one_athlete_out:86fed448-f51d-4005-aef8-bd9413933cbe,30.7,30.200000000000003,101.65562913907284,0.49999999999999645
rest_daily_7f7a9baf479d195c,86fed448-f51d-4005-aef8-bd9413933cbe,prior_expanding_median,prior_history_plus_daily_sleep,leave_one_athlete_out:86fed448-f51d-4005-aef8-bd9413933cbe,32.4,30.6,105.88235294117646,1.7999999999999972
rest_daily_f98b6f0e56bf0285,86fed448-f51d-4005-aef8-bd9413933cbe,prior_expanding_median,prior_history_plus_daily_sleep,leave_one_athlete_out:86fed448-f51d-4005-aef8-bd9413933cbe,30.7,30.65,100.163132137031,0.05000000000000071
rest_daily_5091bf99d5924eac,86fed448-f51d-4005-aef8-bd9413933cbe,prior_expanding_median,prior_history_plus_daily_sleep,leave_one_athlete_out:86fed448-f51d-4005-aef8-bd9413933cbe,31.8,30.7,103.5830618892508,1.1000000000000014
rest_daily_472237620c8063bf,86fed448-f51d-4005-aef8-bd9413933cbe,prior_expanding_median,prior_history_plus_daily_sleep,leave_one_athlete_out:86fed448-f51d-4005-aef8-bd9413933cbe,29.8,30.7,97.0684039087948,-0.8999999999999986
rest_daily_a309a15592c25132,86fed448-f51d-4005-aef8-bd9413933cbe,prior_expanding_median,prior_history_plus_daily_sleep,leave_one_athlete_out:86fed448-f51d-4005-aef8-bd9413933cbe,30.1,30.7,98.0456026058632,-0.5999999999999979
rest_daily_bea3758949606720,86fed448-f51d-4005-aef8-bd9413933cbe,prior_expanding_median,prior_history_plus_daily_sleep,leave_one_athlete_out:86fed448-f51d-4005-aef8-bd9413933cbe,33.6,30.65,109.62479608482872,2.950000000000003
rest_daily_f4e5f2267c6c0457,86fed448-f51d-4005-aef8-bd9413933cbe,prior_expanding_mean,prior_history_plus_daily_sleep,leave_one_athlete_out:86fed448-f51d-4005-aef8-bd9413933cbe,29.2,30.5,95.4248366013072,-1.3000000000000007
rest_daily_1b54b101c18e95b5,86fed448-f51d-4005-aef8-bd9413933cbe,prior_expanding_mean,prior_history_plus_daily_sleep,leave_one_athlete_out:86fed448-f51d-4005-aef8-bd9413933cbe,30.7,30.175,101.65562913907284,0.5249999999999986
rest_daily_7f7a9baf479d195c,86fed448-f51d-4005-aef8-bd9413933cbe,prior_expanding_mean,prior_history_plus_daily_sleep,leave_one_athlete_out:86fed448-f51d-4005-aef8-bd9413933cbe,32.4,30.28,105.88235294117646,2.1199999999999974
rest_daily_f98b6f0e56bf0285,86fed448-f51d-4005-aef8-bd9413933cbe,prior_expanding_mean,prior_history_plus_daily_sleep,leave_one_athlete_out:86fed448-f51d-4005-aef8-bd9413933cbe,30.7,30.633333333333336,100.163132137031,0.06666666666666288
rest_daily_5091bf99d5924eac,86fed448-f51d-4005-aef8-bd9413933cbe,prior_expanding_mean,prior_history_plus_daily_sleep,leave_one_athlete_out:86fed448-f51d-4005-aef8-bd9413933cbe,31.8,30.642857142857142,103.5830618892508,1.1571428571428584
rest_daily_472237620c8063bf,86fed448-f51d-4005-aef8-bd9413933cbe,prior_expanding_mean,prior_history_plus_daily_sleep,leave_one_athlete_out:86fed448-f51d-4005-aef8-bd9413933cbe,29.8,30.7875,97.0684039087948,-0.9875000000000007
rest_daily_a309a15592c25132,86fed448-f51d-4005-aef8-bd9413933cbe,prior_expanding_mean,prior_history_plus_daily_sleep,leave_one_athlete_out:86fed448-f51d-4005-aef8-bd9413933cbe,30.1,30.67777777777778,98.0456026058632,-0.5777777777777793
rest_daily_bea3758949606720,86fed448-f51d-4005-aef8-bd9413933cbe,prior_expanding_mean,prior_history_plus_daily_sleep,leave_one_athlete_out:86fed448-f51d-4005-aef8-bd9413933cbe,33.6,30.620000000000005,109.62479608482872,2.979999999999997
rest_daily_82442f8e52aa8256,a2d89dcf-6bd1-445b-bc9c-7ac6b852a9fc,prior_expanding_median,prior_history_plus_daily_sleep,leave_one_athlete_out:a2d89dcf-6bd1-445b-bc9c-7ac6b852a9fc,25.2,26.6,94.73684210526316,-1.4000000000000021
rest_daily_baa5ee6cfc8f59b5,a2d89dcf-6bd1-445b-bc9c-7ac6b852a9fc,prior_expanding_median,prior_history_plus_daily_sleep,leave_one_athlete_out:a2d89dcf-6bd1-445b-bc9c-7ac6b852a9fc,26.0,25.9,100.3861003861004,0.10000000000000142
rest_daily_9afc4bb4cc991ef9,a2d89dcf-6bd1-445b-bc9c-7ac6b852a9fc,prior_expanding_median,prior_history_plus_daily_sleep,leave_one_athlete_out:a2d89dcf-6bd1-445b-bc9c-7ac6b852a9fc,25.9,26.0,99.6153846153846,-0.10000000000000142
rest_daily_7f8eb3142fb05b5e,a2d89dcf-6bd1-445b-bc9c-7ac6b852a9fc,prior_expanding_median,prior_history_plus_daily_sleep,leave_one_athlete_out:a2d89dcf-6bd1-445b-bc9c-7ac6b852a9fc,27.3,25.95,105.20231213872832,1.3500000000000014
rest_daily_1c3acd1f7c8cf85f,a2d89dcf-6bd1-445b-bc9c-7ac6b852a9fc,prior_expanding_median,prior_history_plus_daily_sleep,leave_one_athlete_out:a2d89dcf-6bd1-445b-bc9c-7ac6b852a9fc,26.1,26.0,100.3846153846154,0.10000000000000142
rest_daily_a5cab1550d5946e9,a2d89dcf-6bd1-445b-bc9c-7ac6b852a9fc,prior_expanding_median,prior_history_plus_daily_sleep,leave_one_athlete_out:a2d89dcf-6bd1-445b-bc9c-7ac6b852a9fc,26.1,26.05,100.1919385796545,0.05000000000000071
rest_daily_82442f8e52aa8256,a2d89dcf-6bd1-445b-bc9c-7ac6b852a9fc,prior_expanding_mean,prior_history_plus_daily_sleep,leave_one_athlete_out:a2d89dcf-6bd1-445b-bc9c-7ac6b852a9fc,25.2,26.399999999999995,94.73684210526316,-1.1999999999999957
rest_daily_baa5ee6cfc8f59b5,a2d89dcf-6bd1-445b-bc9c-7ac6b852a9fc,prior_expanding_mean,prior_history_plus_daily_sleep,leave_one_athlete_out:a2d89dcf-6bd1-445b-bc9c-7ac6b852a9fc,26.0,26.1,100.3861003861004,-0.10000000000000142
rest_daily_9afc4bb4cc991ef9,a2d89dcf-6bd1-445b-bc9c-7ac6b852a9fc,prior_expanding_mean,prior_history_plus_daily_sleep,leave_one_athlete_out:a2d89dcf-6bd1-445b-bc9c-7ac6b852a9fc,25.9,26.079999999999995,99.6153846153846,-0.17999999999999616
rest_daily_7f8eb3142fb05b5e,a2d89dcf-6bd1-445b-bc9c-7ac6b852a9fc,prior_expanding_mean,prior_history_plus_daily_sleep,leave_one_athlete_out:a2d89dcf-6bd1-445b-bc9c-7ac6b852a9fc,27.3,26.049999999999997,105.20231213872832,1.2500000000000036
rest_daily_1c3acd1f7c8cf85f,a2d89dcf-6bd1-445b-bc9c-7ac6b852a9fc,prior_expanding_mean,prior_history_plus_daily_sleep,leave_one_athlete_out:a2d89dcf-6bd1-445b-bc9c-7ac6b852a9fc,26.1,26.228571428571428,100.3846153846154,-0.12857142857142634
rest_daily_a5cab1550d5946e9,a2d89dcf-6bd1-445b-bc9c-7ac6b852a9fc,prior_expanding_mean,prior_history_plus_daily_sleep,leave_one_athlete_out:a2d89dcf-6bd1-445b-bc9c-7ac6b852a9fc,26.1,26.2125,100.1919385796545,-0.11249999999999716
rest_daily_1a821f8053bae41e,6a2ca03c-e61b-4589-a931-58f5e25aacd8,prior_expanding_median,prior_history_plus_daily_sleep,leave_one_athlete_out:6a2ca03c-e61b-4589-a931-58f5e25aacd8,35.0,36.1,96.9529085872576,-1.1000000000000014
rest_daily_1a821f8053bae41e,6a2ca03c-e61b-4589-a931-58f5e25aacd8,prior_expanding_mean,prior_history_plus_daily_sleep,leave_one_athlete_out:6a2ca03c-e61b-4589-a931-58f5e25aacd8,35.0,35.4,96.9529085872576,-0.3999999999999986
rest_daily_1fdf1d5bbe31da02,957de0b1-7ee9-437c-b47b-dffd09b6653a,prior_expanding_median,prior_history_plus_daily_sleep,leave_one_athlete_out:957de0b1-7ee9-437c-b47b-dffd09b6653a,26.4,26.8,98.50746268656717,-0.40000000000000213
rest_daily_ce8b5b7b591dd0fd,957de0b1-7ee9-437c-b47b-dffd09b6653a,prior_expanding_median,prior_history_plus_daily_sleep,leave_one_athlete_out:957de0b1-7ee9-437c-b47b-dffd09b6653a,24.2,26.8,90.29850746268656,-2.6000000000000014
rest_daily_5725581e019f5fa6,957de0b1-7ee9-437c-b47b-dffd09b6653a,prior_expanding_median,prior_history_plus_daily_sleep,leave_one_athlete_out:957de0b1-7ee9-437c-b47b-dffd09b6653a,25.2,26.8,94.02985074626864,-1.6000000000000014
rest_daily_9fdde10651bde0b4,957de0b1-7ee9-437c-b47b-dffd09b6653a,prior_expanding_median,prior_history_plus_daily_sleep,leave_one_athlete_out:957de0b1-7ee9-437c-b47b-dffd09b6653a,25.9,26.8,96.64179104477611,-0.9000000000000021
rest_daily_4cc527b910742f5f,957de0b1-7ee9-437c-b47b-dffd09b6653a,prior_expanding_median,prior_history_plus_daily_sleep,leave_one_athlete_out:957de0b1-7ee9-437c-b47b-dffd09b6653a,24.4,26.6,91.72932330827066,-2.200000000000003
rest_daily_a682083333fcffda,957de0b1-7ee9-437c-b47b-dffd09b6653a,prior_expanding_median,prior_history_plus_daily_sleep,leave_one_athlete_out:957de0b1-7ee9-437c-b47b-dffd09b6653a,26.0,26.4,98.48484848484848,-0.3999999999999986
rest_daily_baad225df3d4f040,957de0b1-7ee9-437c-b47b-dffd09b6653a,prior_expanding_median,prior_history_plus_daily_sleep,leave_one_athlete_out:957de0b1-7ee9-437c-b47b-dffd09b6653a,27.5,26.2,104.9618320610687,1.3000000000000007
rest_daily_24526a257b340324,957de0b1-7ee9-437c-b47b-dffd09b6653a,prior_expanding_median,prior_history_plus_daily_sleep,leave_one_athlete_out:957de0b1-7ee9-437c-b47b-dffd09b6653a,27.2,26.4,103.03030303030305,0.8000000000000007
rest_daily_f51837b525fe2758,957de0b1-7ee9-437c-b47b-dffd09b6653a,prior_expanding_median,prior_history_plus_daily_sleep,leave_one_athlete_out:957de0b1-7ee9-437c-b47b-dffd09b6653a,27.5,26.6,103.38345864661652,0.8999999999999986
rest_daily_1fdf1d5bbe31da02,957de0b1-7ee9-437c-b47b-dffd09b6653a,prior_expanding_mean,prior_history_plus_daily_sleep,leave_one_athlete_out:957de0b1-7ee9-437c-b47b-dffd09b6653a,26.4,27.2,98.50746268656717,-0.8000000000000007
rest_daily_ce8b5b7b591dd0fd,957de0b1-7ee9-437c-b47b-dffd09b6653a,prior_expanding_mean,prior_history_plus_daily_sleep,leave_one_athlete_out:957de0b1-7ee9-437c-b47b-dffd09b6653a,24.2,27.04,90.29850746268656,-2.84
rest_daily_5725581e019f5fa6,957de0b1-7ee9-437c-b47b-dffd09b6653a,prior_expanding_mean,prior_history_plus_daily_sleep,leave_one_athlete_out:957de0b1-7ee9-437c-b47b-dffd09b6653a,25.2,26.566666666666663,94.02985074626864,-1.3666666666666636
rest_daily_9fdde10651bde0b4,957de0b1-7ee9-437c-b47b-dffd09b6653a,prior_expanding_mean,prior_history_plus_daily_sleep,leave_one_athlete_out:957de0b1-7ee9-437c-b47b-dffd09b6653a,25.9,26.371428571428567,96.64179104477611,-0.471428571428568
rest_daily_4cc527b910742f5f,957de0b1-7ee9-437c-b47b-dffd09b6653a,prior_expanding_mean,prior_history_plus_daily_sleep,leave_one_athlete_out:957de0b1-7ee9-437c-b47b-dffd09b6653a,24.4,26.3125,91.72932330827066,-1.9125000000000014
rest_daily_a682083333fcffda,957de0b1-7ee9-437c-b47b-dffd09b6653a,prior_expanding_mean,prior_history_plus_daily_sleep,leave_one_athlete_out:957de0b1-7ee9-437c-b47b-dffd09b6653a,26.0,26.1,98.48484848484848,-0.10000000000000142
rest_daily_baad225df3d4f040,957de0b1-7ee9-437c-b47b-dffd09b6653a,prior_expanding_mean,prior_history_plus_daily_sleep,leave_one_athlete_out:957de0b1-7ee9-437c-b47b-dffd09b6653a,27.5,26.089999999999996,104.9618320610687,1.4100000000000037
rest_daily_24526a257b340324,957de0b1-7ee9-437c-b47b-dffd09b6653a,prior_expanding_mean,prior_history_plus_daily_sleep,leave_one_athlete_out:957de0b1-7ee9-437c-b47b-dffd09b6653a,27.2,26.218181818181815,103.03030303030305,0.9818181818181841
rest_daily_f51837b525fe2758,957de0b1-7ee9-437c-b47b-dffd09b6653a,prior_expanding_mean,prior_history_plus_daily_sleep,leave_one_athlete_out:957de0b1-7ee9-437c-b47b-dffd09b6653a,27.5,26.299999999999997,103.38345864661652,1.2000000000000028
rest_daily_44c060af4bc142ed,e362b878-9920-4dcf-9ab7-687a194a821c,prior_expanding_median,prior_history_plus_daily_sleep,leave_one_athlete_out:e362b878-9920-4dcf-9ab7-687a194a821c,35.0,35.8,97.76536312849164,-0.7999999999999972
rest_daily_e1f7ae429e1b28de,e362b878-9920-4dcf-9ab7-687a194a821c,prior_expanding_median,prior_history_plus_daily_sleep,leave_one_athlete_out:e362b878-9920-4dcf-9ab7-687a194a821c,32.8,35.7,91.8767507002801,-2.9000000000000057
rest_daily_23de18e0c8746cd7,e362b878-9920-4dcf-9ab7-687a194a821c,prior_expanding_median,prior_history_plus_daily_sleep,leave_one_athlete_out:e362b878-9920-4dcf-9ab7-687a194a821c,35.3,35.6,99.1573033707865,-0.30000000000000426
rest_daily_19d7ba07a6d15f62,e362b878-9920-4dcf-9ab7-687a194a821c,prior_expanding_median,prior_history_plus_daily_sleep,leave_one_athlete_out:e362b878-9920-4dcf-9ab7-687a194a821c,32.0,35.45,90.26798307475316,-3.450000000000003
rest_daily_6f1321ab0e065ca1,e362b878-9920-4dcf-9ab7-687a194a821c,prior_expanding_median,prior_history_plus_daily_sleep,leave_one_athlete_out:e362b878-9920-4dcf-9ab7-687a194a821c,32.6,35.3,92.35127478753542,-2.6999999999999957
rest_daily_8b1130c2e482bf87,e362b878-9920-4dcf-9ab7-687a194a821c,prior_expanding_median,prior_history_plus_daily_sleep,leave_one_athlete_out:e362b878-9920-4dcf-9ab7-687a194a821c,30.7,35.15,87.33997155049786,-4.449999999999999
rest_daily_aac7a0cea32a78f6,e362b878-9920-4dcf-9ab7-687a194a821c,prior_expanding_median,prior_history_plus_daily_sleep,leave_one_athlete_out:e362b878-9920-4dcf-9ab7-687a194a821c,33.5,32.8,102.13414634146342,0.7000000000000028
rest_daily_44c060af4bc142ed,e362b878-9920-4dcf-9ab7-687a194a821c,prior_expanding_mean,prior_history_plus_daily_sleep,leave_one_athlete_out:e362b878-9920-4dcf-9ab7-687a194a821c,35.0,35.86666666666667,97.76536312849164,-0.8666666666666671
rest_daily_e1f7ae429e1b28de,e362b878-9920-4dcf-9ab7-687a194a821c,prior_expanding_mean,prior_history_plus_daily_sleep,leave_one_athlete_out:e362b878-9920-4dcf-9ab7-687a194a821c,32.8,35.650000000000006,91.8767507002801,-2.8500000000000085
rest_daily_23de18e0c8746cd7,e362b878-9920-4dcf-9ab7-687a194a821c,prior_expanding_mean,prior_history_plus_daily_sleep,leave_one_athlete_out:e362b878-9920-4dcf-9ab7-687a194a821c,35.3,35.080000000000005,99.1573033707865,0.21999999999999176
rest_daily_19d7ba07a6d15f62,e362b878-9920-4dcf-9ab7-687a194a821c,prior_expanding_mean,prior_history_plus_daily_sleep,leave_one_athlete_out:e362b878-9920-4dcf-9ab7-687a194a821c,32.0,35.116666666666674,90.26798307475316,-3.1166666666666742
rest_daily_6f1321ab0e065ca1,e362b878-9920-4dcf-9ab7-687a194a821c,prior_expanding_mean,prior_history_plus_daily_sleep,leave_one_athlete_out:e362b878-9920-4dcf-9ab7-687a194a821c,32.6,34.67142857142858,92.35127478753542,-2.0714285714285765
rest_daily_8b1130c2e482bf87,e362b878-9920-4dcf-9ab7-687a194a821c,prior_expanding_mean,prior_history_plus_daily_sleep,leave_one_athlete_out:e362b878-9920-4dcf-9ab7-687a194a821c,30.7,34.4125,87.33997155049786,-3.712500000000002
rest_daily_aac7a0cea32a78f6,e362b878-9920-4dcf-9ab7-687a194a821c,prior_expanding_mean,prior_history_plus_daily_sleep,leave_one_athlete_out:e362b878-9920-4dcf-9ab7-687a194a821c,33.5,33.76363636363636,102.13414634146342,-0.26363636363635834
rest_daily_6f910bb9a01cd557,687552ea-5963-45df-8680-c4c6058eab87,prior_expanding_median,prior_history_plus_daily_sleep,leave_one_athlete_out:687552ea-5963-45df-8680-c4c6058eab87,35.7,38.9,91.7737789203085,-3.1999999999999957
rest_daily_21d41c9eaff91990,687552ea-5963-45df-8680-c4c6058eab87,prior_expanding_median,prior_history_plus_daily_sleep,leave_one_athlete_out:687552ea-5963-45df-8680-c4c6058eab87,43.9,37.5,117.06666666666666,6.399999999999999
rest_daily_12a68c9036898205,687552ea-5963-45df-8680-c4c6058eab87,prior_expanding_median,prior_history_plus_daily_sleep,leave_one_athlete_out:687552ea-5963-45df-8680-c4c6058eab87,42.7,38.9,109.76863753213368,3.8000000000000043
rest_daily_e3c98654c7975c33,687552ea-5963-45df-8680-c4c6058eab87,prior_expanding_median,prior_history_plus_daily_sleep,leave_one_athlete_out:687552ea-5963-45df-8680-c4c6058eab87,41.3,40.5,101.9753086419753,0.7999999999999972
rest_daily_bb1d299fe508ad69,687552ea-5963-45df-8680-c4c6058eab87,prior_expanding_median,prior_history_plus_daily_sleep,leave_one_athlete_out:687552ea-5963-45df-8680-c4c6058eab87,36.8,41.3,89.10411622276028,-4.5
rest_daily_1b6135ddcedae6ca,687552ea-5963-45df-8680-c4c6058eab87,prior_expanding_median,prior_history_plus_daily_sleep,leave_one_athlete_out:687552ea-5963-45df-8680-c4c6058eab87,36.4,40.099999999999994,90.77306733167084,-3.6999999999999957
rest_daily_b5aee6d21878a523,687552ea-5963-45df-8680-c4c6058eab87,prior_expanding_median,prior_history_plus_daily_sleep,leave_one_athlete_out:687552ea-5963-45df-8680-c4c6058eab87,37.5,38.9,96.40102827763496,-1.3999999999999986
rest_daily_6f910bb9a01cd557,687552ea-5963-45df-8680-c4c6058eab87,prior_expanding_mean,prior_history_plus_daily_sleep,leave_one_athlete_out:687552ea-5963-45df-8680-c4c6058eab87,35.7,39.03333333333333,91.7737789203085,-3.3333333333333286
rest_daily_21d41c9eaff91990,687552ea-5963-45df-8680-c4c6058eab87,prior_expanding_mean,prior_history_plus_daily_sleep,leave_one_athlete_out:687552ea-5963-45df-8680-c4c6058eab87,43.9,38.2,117.06666666666666,5.699999999999996
rest_daily_12a68c9036898205,687552ea-5963-45df-8680-c4c6058eab87,prior_expanding_mean,prior_history_plus_daily_sleep,leave_one_athlete_out:687552ea-5963-45df-8680-c4c6058eab87,42.7,39.34,109.76863753213368,3.3599999999999994
rest_daily_e3c98654c7975c33,687552ea-5963-45df-8680-c4c6058eab87,prior_expanding_mean,prior_history_plus_daily_sleep,leave_one_athlete_out:687552ea-5963-45df-8680-c4c6058eab87,41.3,39.900000000000006,101.9753086419753,1.3999999999999915
rest_daily_bb1d299fe508ad69,687552ea-5963-45df-8680-c4c6058eab87,prior_expanding_mean,prior_history_plus_daily_sleep,leave_one_athlete_out:687552ea-5963-45df-8680-c4c6058eab87,36.8,40.10000000000001,89.10411622276028,-3.3000000000000114
rest_daily_1b6135ddcedae6ca,687552ea-5963-45df-8680-c4c6058eab87,prior_expanding_mean,prior_history_plus_daily_sleep,leave_one_athlete_out:687552ea-5963-45df-8680-c4c6058eab87,36.4,39.6875,90.77306733167084,-3.2875000000000014
rest_daily_b5aee6d21878a523,687552ea-5963-45df-8680-c4c6058eab87,prior_expanding_mean,prior_history_plus_daily_sleep,leave_one_athlete_out:687552ea-5963-45df-8680-c4c6058eab87,37.5,39.32222222222222,96.40102827763496,-1.8222222222222229
rest_daily_a157f3bb920fa92f,c887cb7e-63cf-4dc2-9fd2-8429137ba44b,prior_expanding_median,prior_history_plus_daily_sleep,leave_one_athlete_out:c887cb7e-63cf-4dc2-9fd2-8429137ba44b,30.7,26.4,116.2878787878788,4.300000000000001
rest_daily_b8e40341f54d9616,c887cb7e-63cf-4dc2-9fd2-8429137ba44b,prior_expanding_median,prior_history_plus_daily_sleep,leave_one_athlete_out:c887cb7e-63cf-4dc2-9fd2-8429137ba44b,28.1,27.5,102.1818181818182,0.6000000000000014
rest_daily_1759366c50384ac7,c887cb7e-63cf-4dc2-9fd2-8429137ba44b,prior_expanding_median,prior_history_plus_daily_sleep,leave_one_athlete_out:c887cb7e-63cf-4dc2-9fd2-8429137ba44b,30.0,28.1,106.76156583629891,1.8999999999999986
rest_daily_0663b3b3ac8bbc8c,c887cb7e-63cf-4dc2-9fd2-8429137ba44b,prior_expanding_median,prior_history_plus_daily_sleep,leave_one_athlete_out:c887cb7e-63cf-4dc2-9fd2-8429137ba44b,28.5,28.35,100.52910052910052,0.14999999999999858
rest_daily_64860edccfee005f,c887cb7e-63cf-4dc2-9fd2-8429137ba44b,prior_expanding_median,prior_history_plus_daily_sleep,leave_one_athlete_out:c887cb7e-63cf-4dc2-9fd2-8429137ba44b,28.5,28.5,100.0,0.0
rest_daily_b66d89d81131cac9,c887cb7e-63cf-4dc2-9fd2-8429137ba44b,prior_expanding_median,prior_history_plus_daily_sleep,leave_one_athlete_out:c887cb7e-63cf-4dc2-9fd2-8429137ba44b,26.6,28.5,93.33333333333331,-1.8999999999999986
rest_daily_462b7d0d1d4cce3d,c887cb7e-63cf-4dc2-9fd2-8429137ba44b,prior_expanding_median,prior_history_plus_daily_sleep,leave_one_athlete_out:c887cb7e-63cf-4dc2-9fd2-8429137ba44b,24.4,28.5,85.6140350877193,-4.100000000000001
rest_daily_a157f3bb920fa92f,c887cb7e-63cf-4dc2-9fd2-8429137ba44b,prior_expanding_mean,prior_history_plus_daily_sleep,leave_one_athlete_out:c887cb7e-63cf-4dc2-9fd2-8429137ba44b,30.7,27.133333333333336,116.2878787878788,3.566666666666663
rest_daily_b8e40341f54d9616,c887cb7e-63cf-4dc2-9fd2-8429137ba44b,prior_expanding_mean,prior_history_plus_daily_sleep,leave_one_athlete_out:c887cb7e-63cf-4dc2-9fd2-8429137ba44b,28.1,28.025,102.1818181818182,0.07500000000000284
rest_daily_1759366c50384ac7,c887cb7e-63cf-4dc2-9fd2-8429137ba44b,prior_expanding_mean,prior_history_plus_daily_sleep,leave_one_athlete_out:c887cb7e-63cf-4dc2-9fd2-8429137ba44b,30.0,28.040000000000003,106.76156583629891,1.9599999999999973
rest_daily_0663b3b3ac8bbc8c,c887cb7e-63cf-4dc2-9fd2-8429137ba44b,prior_expanding_mean,prior_history_plus_daily_sleep,leave_one_athlete_out:c887cb7e-63cf-4dc2-9fd2-8429137ba44b,28.5,28.36666666666667,100.52910052910052,0.1333333333333293
rest_daily_64860edccfee005f,c887cb7e-63cf-4dc2-9fd2-8429137ba44b,prior_expanding_mean,prior_history_plus_daily_sleep,leave_one_athlete_out:c887cb7e-63cf-4dc2-9fd2-8429137ba44b,28.5,28.38571428571429,100.0,0.11428571428571033
rest_daily_b66d89d81131cac9,c887cb7e-63cf-4dc2-9fd2-8429137ba44b,prior_expanding_mean,prior_history_plus_daily_sleep,leave_one_athlete_out:c887cb7e-63cf-4dc2-9fd2-8429137ba44b,26.6,28.4,93.33333333333331,-1.7999999999999972
rest_daily_462b7d0d1d4cce3d,c887cb7e-63cf-4dc2-9fd2-8429137ba44b,prior_expanding_mean,prior_history_plus_daily_sleep,leave_one_athlete_out:c887cb7e-63cf-4dc2-9fd2-8429137ba44b,24.4,28.2,85.6140350877193,-3.8000000000000007
rest_daily_6f2bd48791757d01,e6e4e3b9-5cfa-42c6-a4cd-0f96561de3eb,prior_expanding_median,prior_history_plus_daily_sleep,leave_one_athlete_out:e6e4e3b9-5cfa-42c6-a4cd-0f96561de3eb,32.5,32.3,100.61919504643964,0.20000000000000284
rest_daily_02d5b5624ca2a01d,e6e4e3b9-5cfa-42c6-a4cd-0f96561de3eb,prior_expanding_median,prior_history_plus_daily_sleep,leave_one_athlete_out:e6e4e3b9-5cfa-42c6-a4cd-0f96561de3eb,30.3,32.4,93.51851851851852,-2.099999999999998
rest_daily_5a6dee4fcd56dbce,e6e4e3b9-5cfa-42c6-a4cd-0f96561de3eb,prior_expanding_median,prior_history_plus_daily_sleep,leave_one_athlete_out:e6e4e3b9-5cfa-42c6-a4cd-0f96561de3eb,32.5,32.3,100.61919504643964,0.20000000000000284
rest_daily_ab17f1fc7853a9d6,e6e4e3b9-5cfa-42c6-a4cd-0f96561de3eb,prior_expanding_median,prior_history_plus_daily_sleep,leave_one_athlete_out:e6e4e3b9-5cfa-42c6-a4cd-0f96561de3eb,29.9,32.4,92.28395061728396,-2.5
rest_daily_9f0c016dc4398960,e6e4e3b9-5cfa-42c6-a4cd-0f96561de3eb,prior_expanding_median,prior_history_plus_daily_sleep,leave_one_athlete_out:e6e4e3b9-5cfa-42c6-a4cd-0f96561de3eb,25.9,32.3,80.1857585139319,-6.399999999999999
rest_daily_0454c91c3fc710e8,e6e4e3b9-5cfa-42c6-a4cd-0f96561de3eb,prior_expanding_median,prior_history_plus_daily_sleep,leave_one_athlete_out:e6e4e3b9-5cfa-42c6-a4cd-0f96561de3eb,30.8,31.549999999999997,97.62282091917592,-0.7499999999999964
rest_daily_6f2bd48791757d01,e6e4e3b9-5cfa-42c6-a4cd-0f96561de3eb,prior_expanding_mean,prior_history_plus_daily_sleep,leave_one_athlete_out:e6e4e3b9-5cfa-42c6-a4cd-0f96561de3eb,32.5,32.46666666666666,100.61919504643964,0.033333333333338544
rest_daily_02d5b5624ca2a01d,e6e4e3b9-5cfa-42c6-a4cd-0f96561de3eb,prior_expanding_mean,prior_history_plus_daily_sleep,leave_one_athlete_out:e6e4e3b9-5cfa-42c6-a4cd-0f96561de3eb,30.3,32.474999999999994,93.51851851851852,-2.1749999999999936
rest_daily_5a6dee4fcd56dbce,e6e4e3b9-5cfa-42c6-a4cd-0f96561de3eb,prior_expanding_mean,prior_history_plus_daily_sleep,leave_one_athlete_out:e6e4e3b9-5cfa-42c6-a4cd-0f96561de3eb,32.5,32.04,100.61919504643964,0.46000000000000085
rest_daily_ab17f1fc7853a9d6,e6e4e3b9-5cfa-42c6-a4cd-0f96561de3eb,prior_expanding_mean,prior_history_plus_daily_sleep,leave_one_athlete_out:e6e4e3b9-5cfa-42c6-a4cd-0f96561de3eb,29.9,32.11666666666667,92.28395061728396,-2.2166666666666686
rest_daily_9f0c016dc4398960,e6e4e3b9-5cfa-42c6-a4cd-0f96561de3eb,prior_expanding_mean,prior_history_plus_daily_sleep,leave_one_athlete_out:e6e4e3b9-5cfa-42c6-a4cd-0f96561de3eb,25.9,31.8,80.1857585139319,-5.900000000000002
rest_daily_0454c91c3fc710e8,e6e4e3b9-5cfa-42c6-a4cd-0f96561de3eb,prior_expanding_mean,prior_history_plus_daily_sleep,leave_one_athlete_out:e6e4e3b9-5cfa-42c6-a4cd-0f96561de3eb,30.8,31.062499999999996,97.62282091917592,-0.26249999999999574
rest_daily_d6526cc6a798964b,efa2dbe6-24c0-4500-8b7b-1d5d14e1d271,prior_expanding_median,prior_history_plus_daily_sleep,leave_one_athlete_out:efa2dbe6-24c0-4500-8b7b-1d5d14e1d271,35.2,33.5,105.07462686567166,1.7000000000000028
rest_daily_1041700280114f2c,efa2dbe6-24c0-4500-8b7b-1d5d14e1d271,prior_expanding_median,prior_history_plus_daily_sleep,leave_one_athlete_out:efa2dbe6-24c0-4500-8b7b-1d5d14e1d271,29.2,34.15,85.50512445095168,-4.949999999999999
rest_daily_3cf67d5887d878f8,efa2dbe6-24c0-4500-8b7b-1d5d14e1d271,prior_expanding_median,prior_history_plus_daily_sleep,leave_one_athlete_out:efa2dbe6-24c0-4500-8b7b-1d5d14e1d271,31.5,33.4,94.311377245509,-1.8999999999999986
rest_daily_d6526cc6a798964b,efa2dbe6-24c0-4500-8b7b-1d5d14e1d271,prior_expanding_mean,prior_history_plus_daily_sleep,leave_one_athlete_out:efa2dbe6-24c0-4500-8b7b-1d5d14e1d271,35.2,33.86666666666667,105.07462686567166,1.3333333333333357
rest_daily_1041700280114f2c,efa2dbe6-24c0-4500-8b7b-1d5d14e1d271,prior_expanding_mean,prior_history_plus_daily_sleep,leave_one_athlete_out:efa2dbe6-24c0-4500-8b7b-1d5d14e1d271,29.2,34.150000000000006,85.50512445095168,-4.950000000000006
rest_daily_3cf67d5887d878f8,efa2dbe6-24c0-4500-8b7b-1d5d14e1d271,prior_expanding_mean,prior_history_plus_daily_sleep,leave_one_athlete_out:efa2dbe6-24c0-4500-8b7b-1d5d14e1d271,31.5,33.1625,94.311377245509,-1.6625000000000014
rest_daily_82682445d3ee10d1,fd0c9e61-cb99-4d60-ab37-b4b3f5ac60d2,prior_expanding_median,prior_history_plus_daily_sleep,leave_one_athlete_out:fd0c9e61-cb99-4d60-ab37-b4b3f5ac60d2,36.4,37.7,96.55172413793105,-1.3000000000000043
rest_daily_05f48e6e719ac92e,fd0c9e61-cb99-4d60-ab37-b4b3f5ac60d2,prior_expanding_median,prior_history_plus_daily_sleep,leave_one_athlete_out:fd0c9e61-cb99-4d60-ab37-b4b3f5ac60d2,34.4,37.05,92.84750337381917,-2.6499999999999986
rest_daily_efc572538dfe1a10,fd0c9e61-cb99-4d60-ab37-b4b3f5ac60d2,prior_expanding_median,prior_history_plus_daily_sleep,leave_one_athlete_out:fd0c9e61-cb99-4d60-ab37-b4b3f5ac60d2,36.3,36.4,99.72527472527472,-0.10000000000000142
rest_daily_01b75bd63b9e0e56,fd0c9e61-cb99-4d60-ab37-b4b3f5ac60d2,prior_expanding_median,prior_history_plus_daily_sleep,leave_one_athlete_out:fd0c9e61-cb99-4d60-ab37-b4b3f5ac60d2,37.2,36.349999999999994,102.33837689133428,0.8500000000000085
rest_daily_7c83bde87c5be749,fd0c9e61-cb99-4d60-ab37-b4b3f5ac60d2,prior_expanding_median,prior_history_plus_daily_sleep,leave_one_athlete_out:fd0c9e61-cb99-4d60-ab37-b4b3f5ac60d2,35.3,36.4,96.97802197802196,-1.1000000000000014
rest_daily_568874402ae121a6,fd0c9e61-cb99-4d60-ab37-b4b3f5ac60d2,prior_expanding_median,prior_history_plus_daily_sleep,leave_one_athlete_out:fd0c9e61-cb99-4d60-ab37-b4b3f5ac60d2,38.6,36.349999999999994,106.18982118294362,2.250000000000007
rest_daily_e6273f94a99ad120,fd0c9e61-cb99-4d60-ab37-b4b3f5ac60d2,prior_expanding_median,prior_history_plus_daily_sleep,leave_one_athlete_out:fd0c9e61-cb99-4d60-ab37-b4b3f5ac60d2,36.5,36.4,100.27472527472528,0.10000000000000142
rest_daily_addc070e41582078,fd0c9e61-cb99-4d60-ab37-b4b3f5ac60d2,prior_expanding_median,prior_history_plus_daily_sleep,leave_one_athlete_out:fd0c9e61-cb99-4d60-ab37-b4b3f5ac60d2,35.8,36.45,98.21673525377228,-0.6500000000000057
rest_daily_82682445d3ee10d1,fd0c9e61-cb99-4d60-ab37-b4b3f5ac60d2,prior_expanding_mean,prior_history_plus_daily_sleep,leave_one_athlete_out:fd0c9e61-cb99-4d60-ab37-b4b3f5ac60d2,36.4,37.266666666666666,96.55172413793105,-0.8666666666666671
rest_daily_05f48e6e719ac92e,fd0c9e61-cb99-4d60-ab37-b4b3f5ac60d2,prior_expanding_mean,prior_history_plus_daily_sleep,leave_one_athlete_out:fd0c9e61-cb99-4d60-ab37-b4b3f5ac60d2,34.4,37.05,92.84750337381917,-2.6499999999999986
rest_daily_efc572538dfe1a10,fd0c9e61-cb99-4d60-ab37-b4b3f5ac60d2,prior_expanding_mean,prior_history_plus_daily_sleep,leave_one_athlete_out:fd0c9e61-cb99-4d60-ab37-b4b3f5ac60d2,36.3,36.52,99.72527472527472,-0.22000000000000597
rest_daily_01b75bd63b9e0e56,fd0c9e61-cb99-4d60-ab37-b4b3f5ac60d2,prior_expanding_mean,prior_history_plus_daily_sleep,leave_one_athlete_out:fd0c9e61-cb99-4d60-ab37-b4b3f5ac60d2,37.2,36.48333333333333,102.33837689133428,0.7166666666666757
rest_daily_7c83bde87c5be749,fd0c9e61-cb99-4d60-ab37-b4b3f5ac60d2,prior_expanding_mean,prior_history_plus_daily_sleep,leave_one_athlete_out:fd0c9e61-cb99-4d60-ab37-b4b3f5ac60d2,35.3,36.58571428571428,96.97802197802196,-1.2857142857142847
rest_daily_568874402ae121a6,fd0c9e61-cb99-4d60-ab37-b4b3f5ac60d2,prior_expanding_mean,prior_history_plus_daily_sleep,leave_one_athlete_out:fd0c9e61-cb99-4d60-ab37-b4b3f5ac60d2,38.6,36.425,106.18982118294362,2.1750000000000043
rest_daily_e6273f94a99ad120,fd0c9e61-cb99-4d60-ab37-b4b3f5ac60d2,prior_expanding_mean,prior_history_plus_daily_sleep,leave_one_athlete_out:fd0c9e61-cb99-4d60-ab37-b4b3f5ac60d2,36.5,36.666666666666664,100.27472527472528,-0.1666666666666643
rest_daily_addc070e41582078,fd0c9e61-cb99-4d60-ab37-b4b3f5ac60d2,prior_expanding_mean,prior_history_plus_daily_sleep,leave_one_athlete_out:fd0c9e61-cb99-4d60-ab37-b4b3f5ac60d2,35.8,36.65,98.21673525377228,-0.8500000000000014
rest_daily_e0fe6a57d5ba3bee,2068e7ec-51a8-441a-8053-2be7533e613f,prior_expanding_median,prior_history_plus_daily_sleep,leave_one_athlete_out:2068e7ec-51a8-441a-8053-2be7533e613f,45.9,45.3,101.32450331125828,0.6000000000000014
rest_daily_d493fee7cfdb999b,2068e7ec-51a8-441a-8053-2be7533e613f,prior_expanding_median,prior_history_plus_daily_sleep,leave_one_athlete_out:2068e7ec-51a8-441a-8053-2be7533e613f,44.2,44.95,98.33147942157952,-0.75
rest_daily_302c1fbaac2944d8,2068e7ec-51a8-441a-8053-2be7533e613f,prior_expanding_median,prior_history_plus_daily_sleep,leave_one_athlete_out:2068e7ec-51a8-441a-8053-2be7533e613f,40.4,44.6,90.5829596412556,-4.200000000000003
rest_daily_91c3ba85eea8d163,2068e7ec-51a8-441a-8053-2be7533e613f,prior_expanding_median,prior_history_plus_daily_sleep,leave_one_athlete_out:2068e7ec-51a8-441a-8053-2be7533e613f,43.9,44.6,98.4304932735426,-0.7000000000000028
rest_daily_0a396a843fa902b0,2068e7ec-51a8-441a-8053-2be7533e613f,prior_expanding_median,prior_history_plus_daily_sleep,leave_one_athlete_out:2068e7ec-51a8-441a-8053-2be7533e613f,43.3,44.6,97.08520179372196,-1.3000000000000043
rest_daily_e0fe6a57d5ba3bee,2068e7ec-51a8-441a-8053-2be7533e613f,prior_expanding_mean,prior_history_plus_daily_sleep,leave_one_athlete_out:2068e7ec-51a8-441a-8053-2be7533e613f,45.9,44.7,101.32450331125828,1.1999999999999957
rest_daily_d493fee7cfdb999b,2068e7ec-51a8-441a-8053-2be7533e613f,prior_expanding_mean,prior_history_plus_daily_sleep,leave_one_athlete_out:2068e7ec-51a8-441a-8053-2be7533e613f,44.2,44.825,98.33147942157952,-0.625
rest_daily_302c1fbaac2944d8,2068e7ec-51a8-441a-8053-2be7533e613f,prior_expanding_mean,prior_history_plus_daily_sleep,leave_one_athlete_out:2068e7ec-51a8-441a-8053-2be7533e613f,40.4,44.75555555555555,90.5829596412556,-4.355555555555554
rest_daily_91c3ba85eea8d163,2068e7ec-51a8-441a-8053-2be7533e613f,prior_expanding_mean,prior_history_plus_daily_sleep,leave_one_athlete_out:2068e7ec-51a8-441a-8053-2be7533e613f,43.9,44.31999999999999,98.4304932735426,-0.4199999999999946
rest_daily_0a396a843fa902b0,2068e7ec-51a8-441a-8053-2be7533e613f,prior_expanding_mean,prior_history_plus_daily_sleep,leave_one_athlete_out:2068e7ec-51a8-441a-8053-2be7533e613f,43.3,44.281818181818174,97.08520179372196,-0.981818181818177
rest_daily_96bd7b99fb596da4,9cee6de4-93b3-46a7-a018-90f60d705ebb,prior_expanding_median,prior_history_plus_daily_sleep,chronological_holdout:last_30pct_per_athlete_min_1,48.5,48.8,99.38524590163937,-0.29999999999999716
rest_daily_aa66a200e387eba4,9cee6de4-93b3-46a7-a018-90f60d705ebb,prior_expanding_median,prior_history_plus_daily_sleep,chronological_holdout:last_30pct_per_athlete_min_1,45.7,48.65,93.93627954779036,-2.9499999999999957
rest_daily_9576a5f6cfbca811,8d47422f-2512-44a3-a6d6-8feb726f4759,prior_expanding_median,prior_history_plus_daily_sleep,chronological_holdout:last_30pct_per_athlete_min_1,31.8,31.1,102.2508038585209,0.6999999999999993
rest_daily_2b0ad7da5f00c7fb,8d47422f-2512-44a3-a6d6-8feb726f4759,prior_expanding_median,prior_history_plus_daily_sleep,chronological_holdout:last_30pct_per_athlete_min_1,30.5,31.25,97.6,-0.75
rest_daily_c72954ac52f3c08e,ec3fc0a0-ab15-4c0c-b1ad-5243c6e5636f,prior_expanding_median,prior_history_plus_daily_sleep,chronological_holdout:last_30pct_per_athlete_min_1,31.9,30.2,105.62913907284768,1.6999999999999993
rest_daily_50f6f1543ffe74e1,ec3fc0a0-ab15-4c0c-b1ad-5243c6e5636f,prior_expanding_median,prior_history_plus_daily_sleep,chronological_holdout:last_30pct_per_athlete_min_1,29.8,30.799999999999997,96.75324675324676,-0.9999999999999964
rest_daily_6c805b4dd0c2cf3f,f2b08928-a410-4d1d-9f19-1f8c063a6311,prior_expanding_median,prior_history_plus_daily_sleep,chronological_holdout:last_30pct_per_athlete_min_1,31.5,31.5,100.0,0.0
rest_daily_472237620c8063bf,86fed448-f51d-4005-aef8-bd9413933cbe,prior_expanding_median,prior_history_plus_daily_sleep,chronological_holdout:last_30pct_per_athlete_min_1,29.8,30.7,97.0684039087948,-0.8999999999999986
rest_daily_a309a15592c25132,86fed448-f51d-4005-aef8-bd9413933cbe,prior_expanding_median,prior_history_plus_daily_sleep,chronological_holdout:last_30pct_per_athlete_min_1,30.1,30.7,98.0456026058632,-0.5999999999999979
rest_daily_bea3758949606720,86fed448-f51d-4005-aef8-bd9413933cbe,prior_expanding_median,prior_history_plus_daily_sleep,chronological_holdout:last_30pct_per_athlete_min_1,33.6,30.65,109.62479608482872,2.950000000000003
rest_daily_1c3acd1f7c8cf85f,a2d89dcf-6bd1-445b-bc9c-7ac6b852a9fc,prior_expanding_median,prior_history_plus_daily_sleep,chronological_holdout:last_30pct_per_athlete_min_1,26.1,26.0,100.3846153846154,0.10000000000000142
rest_daily_a5cab1550d5946e9,a2d89dcf-6bd1-445b-bc9c-7ac6b852a9fc,prior_expanding_median,prior_history_plus_daily_sleep,chronological_holdout:last_30pct_per_athlete_min_1,26.1,26.05,100.1919385796545,0.05000000000000071
rest_daily_1a821f8053bae41e,6a2ca03c-e61b-4589-a931-58f5e25aacd8,prior_expanding_median,prior_history_plus_daily_sleep,chronological_holdout:last_30pct_per_athlete_min_1,35.0,36.1,96.9529085872576,-1.1000000000000014
rest_daily_baad225df3d4f040,957de0b1-7ee9-437c-b47b-dffd09b6653a,prior_expanding_median,prior_history_plus_daily_sleep,chronological_holdout:last_30pct_per_athlete_min_1,27.5,26.2,104.9618320610687,1.3000000000000007
rest_daily_24526a257b340324,957de0b1-7ee9-437c-b47b-dffd09b6653a,prior_expanding_median,prior_history_plus_daily_sleep,chronological_holdout:last_30pct_per_athlete_min_1,27.2,26.4,103.03030303030305,0.8000000000000007
rest_daily_f51837b525fe2758,957de0b1-7ee9-437c-b47b-dffd09b6653a,prior_expanding_median,prior_history_plus_daily_sleep,chronological_holdout:last_30pct_per_athlete_min_1,27.5,26.6,103.38345864661652,0.8999999999999986
rest_daily_6f1321ab0e065ca1,e362b878-9920-4dcf-9ab7-687a194a821c,prior_expanding_median,prior_history_plus_daily_sleep,chronological_holdout:last_30pct_per_athlete_min_1,32.6,35.3,92.35127478753542,-2.6999999999999957
rest_daily_8b1130c2e482bf87,e362b878-9920-4dcf-9ab7-687a194a821c,prior_expanding_median,prior_history_plus_daily_sleep,chronological_holdout:last_30pct_per_athlete_min_1,30.7,35.15,87.33997155049786,-4.449999999999999
rest_daily_aac7a0cea32a78f6,e362b878-9920-4dcf-9ab7-687a194a821c,prior_expanding_median,prior_history_plus_daily_sleep,chronological_holdout:last_30pct_per_athlete_min_1,33.5,32.8,102.13414634146342,0.7000000000000028
rest_daily_bb1d299fe508ad69,687552ea-5963-45df-8680-c4c6058eab87,prior_expanding_median,prior_history_plus_daily_sleep,chronological_holdout:last_30pct_per_athlete_min_1,36.8,41.3,89.10411622276028,-4.5
rest_daily_1b6135ddcedae6ca,687552ea-5963-45df-8680-c4c6058eab87,prior_expanding_median,prior_history_plus_daily_sleep,chronological_holdout:last_30pct_per_athlete_min_1,36.4,40.099999999999994,90.77306733167084,-3.6999999999999957
rest_daily_b5aee6d21878a523,687552ea-5963-45df-8680-c4c6058eab87,prior_expanding_median,prior_history_plus_daily_sleep,chronological_holdout:last_30pct_per_athlete_min_1,37.5,38.9,96.40102827763496,-1.3999999999999986
rest_daily_64860edccfee005f,c887cb7e-63cf-4dc2-9fd2-8429137ba44b,prior_expanding_median,prior_history_plus_daily_sleep,chronological_holdout:last_30pct_per_athlete_min_1,28.5,28.5,100.0,0.0
rest_daily_b66d89d81131cac9,c887cb7e-63cf-4dc2-9fd2-8429137ba44b,prior_expanding_median,prior_history_plus_daily_sleep,chronological_holdout:last_30pct_per_athlete_min_1,26.6,28.5,93.33333333333331,-1.8999999999999986
rest_daily_462b7d0d1d4cce3d,c887cb7e-63cf-4dc2-9fd2-8429137ba44b,prior_expanding_median,prior_history_plus_daily_sleep,chronological_holdout:last_30pct_per_athlete_min_1,24.4,28.5,85.6140350877193,-4.100000000000001
rest_daily_9f0c016dc4398960,e6e4e3b9-5cfa-42c6-a4cd-0f96561de3eb,prior_expanding_median,prior_history_plus_daily_sleep,chronological_holdout:last_30pct_per_athlete_min_1,25.9,32.3,80.1857585139319,-6.399999999999999
rest_daily_0454c91c3fc710e8,e6e4e3b9-5cfa-42c6-a4cd-0f96561de3eb,prior_expanding_median,prior_history_plus_daily_sleep,chronological_holdout:last_30pct_per_athlete_min_1,30.8,31.549999999999997,97.62282091917592,-0.7499999999999964
rest_daily_3cf67d5887d878f8,efa2dbe6-24c0-4500-8b7b-1d5d14e1d271,prior_expanding_median,prior_history_plus_daily_sleep,chronological_holdout:last_30pct_per_athlete_min_1,31.5,33.4,94.311377245509,-1.8999999999999986
rest_daily_568874402ae121a6,fd0c9e61-cb99-4d60-ab37-b4b3f5ac60d2,prior_expanding_median,prior_history_plus_daily_sleep,chronological_holdout:last_30pct_per_athlete_min_1,38.6,36.349999999999994,106.18982118294362,2.250000000000007
rest_daily_e6273f94a99ad120,fd0c9e61-cb99-4d60-ab37-b4b3f5ac60d2,prior_expanding_median,prior_history_plus_daily_sleep,chronological_holdout:last_30pct_per_athlete_min_1,36.5,36.4,100.27472527472528,0.10000000000000142
rest_daily_addc070e41582078,fd0c9e61-cb99-4d60-ab37-b4b3f5ac60d2,prior_expanding_median,prior_history_plus_daily_sleep,chronological_holdout:last_30pct_per_athlete_min_1,35.8,36.45,98.21673525377228,-0.6500000000000057
rest_daily_91c3ba85eea8d163,2068e7ec-51a8-441a-8053-2be7533e613f,prior_expanding_median,prior_history_plus_daily_sleep,chronological_holdout:last_30pct_per_athlete_min_1,43.9,44.6,98.4304932735426,-0.7000000000000028
rest_daily_0a396a843fa902b0,2068e7ec-51a8-441a-8053-2be7533e613f,prior_expanding_median,prior_history_plus_daily_sleep,chronological_holdout:last_30pct_per_athlete_min_1,43.3,44.6,97.08520179372196,-1.3000000000000043
rest_daily_96bd7b99fb596da4,9cee6de4-93b3-46a7-a018-90f60d705ebb,prior_expanding_mean,prior_history_plus_daily_sleep,chronological_holdout:last_30pct_per_athlete_min_1,48.5,47.34285714285715,99.38524590163937,1.1571428571428513
rest_daily_aa66a200e387eba4,9cee6de4-93b3-46a7-a018-90f60d705ebb,prior_expanding_mean,prior_history_plus_daily_sleep,chronological_holdout:last_30pct_per_athlete_min_1,45.7,47.4875,93.93627954779036,-1.7874999999999943
rest_daily_9576a5f6cfbca811,8d47422f-2512-44a3-a6d6-8feb726f4759,prior_expanding_mean,prior_history_plus_daily_sleep,chronological_holdout:last_30pct_per_athlete_min_1,31.8,31.11428571428571,102.2508038585209,0.6857142857142904
rest_daily_2b0ad7da5f00c7fb,8d47422f-2512-44a3-a6d6-8feb726f4759,prior_expanding_mean,prior_history_plus_daily_sleep,chronological_holdout:last_30pct_per_athlete_min_1,30.5,31.200000000000003,97.6,-0.7000000000000028
rest_daily_c72954ac52f3c08e,ec3fc0a0-ab15-4c0c-b1ad-5243c6e5636f,prior_expanding_mean,prior_history_plus_daily_sleep,chronological_holdout:last_30pct_per_athlete_min_1,31.9,30.300000000000004,105.62913907284768,1.5999999999999943
rest_daily_50f6f1543ffe74e1,ec3fc0a0-ab15-4c0c-b1ad-5243c6e5636f,prior_expanding_mean,prior_history_plus_daily_sleep,chronological_holdout:last_30pct_per_athlete_min_1,29.8,30.5,96.75324675324676,-0.6999999999999993
rest_daily_6c805b4dd0c2cf3f,f2b08928-a410-4d1d-9f19-1f8c063a6311,prior_expanding_mean,prior_history_plus_daily_sleep,chronological_holdout:last_30pct_per_athlete_min_1,31.5,31.53333333333333,100.0,-0.03333333333333144
rest_daily_472237620c8063bf,86fed448-f51d-4005-aef8-bd9413933cbe,prior_expanding_mean,prior_history_plus_daily_sleep,chronological_holdout:last_30pct_per_athlete_min_1,29.8,30.7875,97.0684039087948,-0.9875000000000007
rest_daily_a309a15592c25132,86fed448-f51d-4005-aef8-bd9413933cbe,prior_expanding_mean,prior_history_plus_daily_sleep,chronological_holdout:last_30pct_per_athlete_min_1,30.1,30.67777777777778,98.0456026058632,-0.5777777777777793
rest_daily_bea3758949606720,86fed448-f51d-4005-aef8-bd9413933cbe,prior_expanding_mean,prior_history_plus_daily_sleep,chronological_holdout:last_30pct_per_athlete_min_1,33.6,30.620000000000005,109.62479608482872,2.979999999999997
rest_daily_1c3acd1f7c8cf85f,a2d89dcf-6bd1-445b-bc9c-7ac6b852a9fc,prior_expanding_mean,prior_history_plus_daily_sleep,chronological_holdout:last_30pct_per_athlete_min_1,26.1,26.228571428571428,100.3846153846154,-0.12857142857142634
rest_daily_a5cab1550d5946e9,a2d89dcf-6bd1-445b-bc9c-7ac6b852a9fc,prior_expanding_mean,prior_history_plus_daily_sleep,chronological_holdout:last_30pct_per_athlete_min_1,26.1,26.2125,100.1919385796545,-0.11249999999999716
rest_daily_1a821f8053bae41e,6a2ca03c-e61b-4589-a931-58f5e25aacd8,prior_expanding_mean,prior_history_plus_daily_sleep,chronological_holdout:last_30pct_per_athlete_min_1,35.0,35.4,96.9529085872576,-0.3999999999999986
rest_daily_baad225df3d4f040,957de0b1-7ee9-437c-b47b-dffd09b6653a,prior_expanding_mean,prior_history_plus_daily_sleep,chronological_holdout:last_30pct_per_athlete_min_1,27.5,26.089999999999996,104.9618320610687,1.4100000000000037
rest_daily_24526a257b340324,957de0b1-7ee9-437c-b47b-dffd09b6653a,prior_expanding_mean,prior_history_plus_daily_sleep,chronological_holdout:last_30pct_per_athlete_min_1,27.2,26.218181818181815,103.03030303030305,0.9818181818181841
rest_daily_f51837b525fe2758,957de0b1-7ee9-437c-b47b-dffd09b6653a,prior_expanding_mean,prior_history_plus_daily_sleep,chronological_holdout:last_30pct_per_athlete_min_1,27.5,26.299999999999997,103.38345864661652,1.2000000000000028
rest_daily_6f1321ab0e065ca1,e362b878-9920-4dcf-9ab7-687a194a821c,prior_expanding_mean,prior_history_plus_daily_sleep,chronological_holdout:last_30pct_per_athlete_min_1,32.6,34.67142857142858,92.35127478753542,-2.0714285714285765
rest_daily_8b1130c2e482bf87,e362b878-9920-4dcf-9ab7-687a194a821c,prior_expanding_mean,prior_history_plus_daily_sleep,chronological_holdout:last_30pct_per_athlete_min_1,30.7,34.4125,87.33997155049786,-3.712500000000002
rest_daily_aac7a0cea32a78f6,e362b878-9920-4dcf-9ab7-687a194a821c,prior_expanding_mean,prior_history_plus_daily_sleep,chronological_holdout:last_30pct_per_athlete_min_1,33.5,33.76363636363636,102.13414634146342,-0.26363636363635834
rest_daily_bb1d299fe508ad69,687552ea-5963-45df-8680-c4c6058eab87,prior_expanding_mean,prior_history_plus_daily_sleep,chronological_holdout:last_30pct_per_athlete_min_1,36.8,40.10000000000001,89.10411622276028,-3.3000000000000114
rest_daily_1b6135ddcedae6ca,687552ea-5963-45df-8680-c4c6058eab87,prior_expanding_mean,prior_history_plus_daily_sleep,chronological_holdout:last_30pct_per_athlete_min_1,36.4,39.6875,90.77306733167084,-3.2875000000000014
rest_daily_b5aee6d21878a523,687552ea-5963-45df-8680-c4c6058eab87,prior_expanding_mean,prior_history_plus_daily_sleep,chronological_holdout:last_30pct_per_athlete_min_1,37.5,39.32222222222222,96.40102827763496,-1.8222222222222229
rest_daily_64860edccfee005f,c887cb7e-63cf-4dc2-9fd2-8429137ba44b,prior_expanding_mean,prior_history_plus_daily_sleep,chronological_holdout:last_30pct_per_athlete_min_1,28.5,28.38571428571429,100.0,0.11428571428571033
rest_daily_b66d89d81131cac9,c887cb7e-63cf-4dc2-9fd2-8429137ba44b,prior_expanding_mean,prior_history_plus_daily_sleep,chronological_holdout:last_30pct_per_athlete_min_1,26.6,28.4,93.33333333333331,-1.7999999999999972
rest_daily_462b7d0d1d4cce3d,c887cb7e-63cf-4dc2-9fd2-8429137ba44b,prior_expanding_mean,prior_history_plus_daily_sleep,chronological_holdout:last_30pct_per_athlete_min_1,24.4,28.2,85.6140350877193,-3.8000000000000007
rest_daily_9f0c016dc4398960,e6e4e3b9-5cfa-42c6-a4cd-0f96561de3eb,prior_expanding_mean,prior_history_plus_daily_sleep,chronological_holdout:last_30pct_per_athlete_min_1,25.9,31.8,80.1857585139319,-5.900000000000002
rest_daily_0454c91c3fc710e8,e6e4e3b9-5cfa-42c6-a4cd-0f96561de3eb,prior_expanding_mean,prior_history_plus_daily_sleep,chronological_holdout:last_30pct_per_athlete_min_1,30.8,31.062499999999996,97.62282091917592,-0.26249999999999574
rest_daily_3cf67d5887d878f8,efa2dbe6-24c0-4500-8b7b-1d5d14e1d271,prior_expanding_mean,prior_history_plus_daily_sleep,chronological_holdout:last_30pct_per_athlete_min_1,31.5,33.1625,94.311377245509,-1.6625000000000014
rest_daily_568874402ae121a6,fd0c9e61-cb99-4d60-ab37-b4b3f5ac60d2,prior_expanding_mean,prior_history_plus_daily_sleep,chronological_holdout:last_30pct_per_athlete_min_1,38.6,36.425,106.18982118294362,2.1750000000000043
rest_daily_e6273f94a99ad120,fd0c9e61-cb99-4d60-ab37-b4b3f5ac60d2,prior_expanding_mean,prior_history_plus_daily_sleep,chronological_holdout:last_30pct_per_athlete_min_1,36.5,36.666666666666664,100.27472527472528,-0.1666666666666643
rest_daily_addc070e41582078,fd0c9e61-cb99-4d60-ab37-b4b3f5ac60d2,prior_expanding_mean,prior_history_plus_daily_sleep,chronological_holdout:last_30pct_per_athlete_min_1,35.8,36.65,98.21673525377228,-0.8500000000000014
rest_daily_91c3ba85eea8d163,2068e7ec-51a8-441a-8053-2be7533e613f,prior_expanding_mean,prior_history_plus_daily_sleep,chronological_holdout:last_30pct_per_athlete_min_1,43.9,44.31999999999999,98.4304932735426,-0.4199999999999946
rest_daily_0a396a843fa902b0,2068e7ec-51a8-441a-8053-2be7533e613f,prior_expanding_mean,prior_history_plus_daily_sleep,chronological_holdout:last_30pct_per_athlete_min_1,43.3,44.281818181818174,97.08520179372196,-0.981818181818177
rest_daily_a4f0947d555bcfe1,9cee6de4-93b3-46a7-a018-90f60d705ebb,prior_expanding_median,prior_history_plus_caffeine,leave_one_athlete_out:9cee6de4-93b3-46a7-a018-90f60d705ebb,48.8,48.5,100.61855670103093,0.29999999999999716
rest_daily_b0a59a0abf0c6f21,9cee6de4-93b3-46a7-a018-90f60d705ebb,prior_expanding_median,prior_history_plus_caffeine,leave_one_athlete_out:9cee6de4-93b3-46a7-a018-90f60d705ebb,49.3,48.65,101.33607399794452,0.6499999999999986
rest_daily_ad64c57187148a23,9cee6de4-93b3-46a7-a018-90f60d705ebb,prior_expanding_median,prior_history_plus_caffeine,leave_one_athlete_out:9cee6de4-93b3-46a7-a018-90f60d705ebb,50.0,48.8,102.45901639344262,1.2000000000000028
rest_daily_bdb6766b9448f55b,9cee6de4-93b3-46a7-a018-90f60d705ebb,prior_expanding_median,prior_history_plus_caffeine,leave_one_athlete_out:9cee6de4-93b3-46a7-a018-90f60d705ebb,37.5,49.05,76.45259938837921,-11.549999999999997
rest_daily_96bd7b99fb596da4,9cee6de4-93b3-46a7-a018-90f60d705ebb,prior_expanding_median,prior_history_plus_caffeine,leave_one_athlete_out:9cee6de4-93b3-46a7-a018-90f60d705ebb,48.5,48.8,99.38524590163937,-0.29999999999999716
rest_daily_aa66a200e387eba4,9cee6de4-93b3-46a7-a018-90f60d705ebb,prior_expanding_median,prior_history_plus_caffeine,leave_one_athlete_out:9cee6de4-93b3-46a7-a018-90f60d705ebb,45.7,48.65,93.93627954779036,-2.9499999999999957
rest_daily_a4f0947d555bcfe1,9cee6de4-93b3-46a7-a018-90f60d705ebb,prior_expanding_mean,prior_history_plus_caffeine,leave_one_athlete_out:9cee6de4-93b3-46a7-a018-90f60d705ebb,48.8,48.6,100.61855670103093,0.19999999999999574
rest_daily_b0a59a0abf0c6f21,9cee6de4-93b3-46a7-a018-90f60d705ebb,prior_expanding_mean,prior_history_plus_caffeine,leave_one_athlete_out:9cee6de4-93b3-46a7-a018-90f60d705ebb,49.3,48.650000000000006,101.33607399794452,0.6499999999999915
rest_daily_ad64c57187148a23,9cee6de4-93b3-46a7-a018-90f60d705ebb,prior_expanding_mean,prior_history_plus_caffeine,leave_one_athlete_out:9cee6de4-93b3-46a7-a018-90f60d705ebb,50.0,48.78000000000001,102.45901639344262,1.2199999999999918
rest_daily_bdb6766b9448f55b,9cee6de4-93b3-46a7-a018-90f60d705ebb,prior_expanding_mean,prior_history_plus_caffeine,leave_one_athlete_out:9cee6de4-93b3-46a7-a018-90f60d705ebb,37.5,48.98333333333334,76.45259938837921,-11.483333333333341
rest_daily_96bd7b99fb596da4,9cee6de4-93b3-46a7-a018-90f60d705ebb,prior_expanding_mean,prior_history_plus_caffeine,leave_one_athlete_out:9cee6de4-93b3-46a7-a018-90f60d705ebb,48.5,47.34285714285715,99.38524590163937,1.1571428571428513
rest_daily_aa66a200e387eba4,9cee6de4-93b3-46a7-a018-90f60d705ebb,prior_expanding_mean,prior_history_plus_caffeine,leave_one_athlete_out:9cee6de4-93b3-46a7-a018-90f60d705ebb,45.7,47.4875,93.93627954779036,-1.7874999999999943
rest_daily_b711ef41b7e72a58,8d47422f-2512-44a3-a6d6-8feb726f4759,prior_expanding_median,prior_history_plus_caffeine,leave_one_athlete_out:8d47422f-2512-44a3-a6d6-8feb726f4759,32.2,31.4,102.54777070063696,0.8000000000000043
rest_daily_0056b953332cf48c,8d47422f-2512-44a3-a6d6-8feb726f4759,prior_expanding_median,prior_history_plus_caffeine,leave_one_athlete_out:8d47422f-2512-44a3-a6d6-8feb726f4759,31.1,31.2,99.67948717948718,-0.09999999999999787
rest_daily_9576a5f6cfbca811,8d47422f-2512-44a3-a6d6-8feb726f4759,prior_expanding_median,prior_history_plus_caffeine,leave_one_athlete_out:8d47422f-2512-44a3-a6d6-8feb726f4759,31.8,31.1,102.2508038585209,0.6999999999999993
rest_daily_2b0ad7da5f00c7fb,8d47422f-2512-44a3-a6d6-8feb726f4759,prior_expanding_median,prior_history_plus_caffeine,leave_one_athlete_out:8d47422f-2512-44a3-a6d6-8feb726f4759,30.5,31.25,97.6,-0.75
rest_daily_b711ef41b7e72a58,8d47422f-2512-44a3-a6d6-8feb726f4759,prior_expanding_mean,prior_history_plus_caffeine,leave_one_athlete_out:8d47422f-2512-44a3-a6d6-8feb726f4759,32.2,31.366666666666664,102.54777070063696,0.8333333333333393
rest_daily_0056b953332cf48c,8d47422f-2512-44a3-a6d6-8feb726f4759,prior_expanding_mean,prior_history_plus_caffeine,leave_one_athlete_out:8d47422f-2512-44a3-a6d6-8feb726f4759,31.1,31.116666666666664,99.67948717948718,-0.016666666666662167
rest_daily_9576a5f6cfbca811,8d47422f-2512-44a3-a6d6-8feb726f4759,prior_expanding_mean,prior_history_plus_caffeine,leave_one_athlete_out:8d47422f-2512-44a3-a6d6-8feb726f4759,31.8,31.11428571428571,102.2508038585209,0.6857142857142904
rest_daily_2b0ad7da5f00c7fb,8d47422f-2512-44a3-a6d6-8feb726f4759,prior_expanding_mean,prior_history_plus_caffeine,leave_one_athlete_out:8d47422f-2512-44a3-a6d6-8feb726f4759,30.5,31.200000000000003,97.6,-0.7000000000000028
rest_daily_cdf2c1790b6b6b77,ec3fc0a0-ab15-4c0c-b1ad-5243c6e5636f,prior_expanding_median,prior_history_plus_caffeine,leave_one_athlete_out:ec3fc0a0-ab15-4c0c-b1ad-5243c6e5636f,30.1,29.2,103.08219178082192,0.9000000000000021
rest_daily_cd58435642eb8af3,ec3fc0a0-ab15-4c0c-b1ad-5243c6e5636f,prior_expanding_median,prior_history_plus_caffeine,leave_one_athlete_out:ec3fc0a0-ab15-4c0c-b1ad-5243c6e5636f,31.4,29.65,105.90219224283304,1.75
rest_daily_f086eef85301ad30,ec3fc0a0-ab15-4c0c-b1ad-5243c6e5636f,prior_expanding_median,prior_history_plus_caffeine,leave_one_athlete_out:ec3fc0a0-ab15-4c0c-b1ad-5243c6e5636f,32.9,30.1,109.30232558139534,2.799999999999997
rest_daily_c1dfb58557a561b2,ec3fc0a0-ab15-4c0c-b1ad-5243c6e5636f,prior_expanding_median,prior_history_plus_caffeine,leave_one_athlete_out:ec3fc0a0-ab15-4c0c-b1ad-5243c6e5636f,31.8,30.15,105.4726368159204,1.6500000000000021
rest_daily_c72954ac52f3c08e,ec3fc0a0-ab15-4c0c-b1ad-5243c6e5636f,prior_expanding_median,prior_history_plus_caffeine,leave_one_athlete_out:ec3fc0a0-ab15-4c0c-b1ad-5243c6e5636f,31.9,30.2,105.62913907284768,1.6999999999999993
rest_daily_50f6f1543ffe74e1,ec3fc0a0-ab15-4c0c-b1ad-5243c6e5636f,prior_expanding_median,prior_history_plus_caffeine,leave_one_athlete_out:ec3fc0a0-ab15-4c0c-b1ad-5243c6e5636f,29.8,30.799999999999997,96.75324675324676,-0.9999999999999964
rest_daily_cdf2c1790b6b6b77,ec3fc0a0-ab15-4c0c-b1ad-5243c6e5636f,prior_expanding_mean,prior_history_plus_caffeine,leave_one_athlete_out:ec3fc0a0-ab15-4c0c-b1ad-5243c6e5636f,30.1,28.633333333333336,103.08219178082192,1.466666666666665
rest_daily_cd58435642eb8af3,ec3fc0a0-ab15-4c0c-b1ad-5243c6e5636f,prior_expanding_mean,prior_history_plus_caffeine,leave_one_athlete_out:ec3fc0a0-ab15-4c0c-b1ad-5243c6e5636f,31.4,29.0,105.90219224283304,2.3999999999999986
rest_daily_f086eef85301ad30,ec3fc0a0-ab15-4c0c-b1ad-5243c6e5636f,prior_expanding_mean,prior_history_plus_caffeine,leave_one_athlete_out:ec3fc0a0-ab15-4c0c-b1ad-5243c6e5636f,32.9,29.48,109.30232558139534,3.419999999999998
rest_daily_c1dfb58557a561b2,ec3fc0a0-ab15-4c0c-b1ad-5243c6e5636f,prior_expanding_mean,prior_history_plus_caffeine,leave_one_athlete_out:ec3fc0a0-ab15-4c0c-b1ad-5243c6e5636f,31.8,30.05,105.4726368159204,1.75
rest_daily_c72954ac52f3c08e,ec3fc0a0-ab15-4c0c-b1ad-5243c6e5636f,prior_expanding_mean,prior_history_plus_caffeine,leave_one_athlete_out:ec3fc0a0-ab15-4c0c-b1ad-5243c6e5636f,31.9,30.300000000000004,105.62913907284768,1.5999999999999943
rest_daily_50f6f1543ffe74e1,ec3fc0a0-ab15-4c0c-b1ad-5243c6e5636f,prior_expanding_mean,prior_history_plus_caffeine,leave_one_athlete_out:ec3fc0a0-ab15-4c0c-b1ad-5243c6e5636f,29.8,30.5,96.75324675324676,-0.6999999999999993
rest_daily_6c805b4dd0c2cf3f,f2b08928-a410-4d1d-9f19-1f8c063a6311,prior_expanding_median,prior_history_plus_caffeine,leave_one_athlete_out:f2b08928-a410-4d1d-9f19-1f8c063a6311,31.5,31.5,100.0,0.0
rest_daily_6c805b4dd0c2cf3f,f2b08928-a410-4d1d-9f19-1f8c063a6311,prior_expanding_mean,prior_history_plus_caffeine,leave_one_athlete_out:f2b08928-a410-4d1d-9f19-1f8c063a6311,31.5,31.53333333333333,100.0,-0.03333333333333144
rest_daily_f4e5f2267c6c0457,86fed448-f51d-4005-aef8-bd9413933cbe,prior_expanding_median,prior_history_plus_caffeine,leave_one_athlete_out:86fed448-f51d-4005-aef8-bd9413933cbe,29.2,30.6,95.4248366013072,-1.4000000000000021
rest_daily_1b54b101c18e95b5,86fed448-f51d-4005-aef8-bd9413933cbe,prior_expanding_median,prior_history_plus_caffeine,leave_one_athlete_out:86fed448-f51d-4005-aef8-bd9413933cbe,30.7,30.200000000000003,101.65562913907284,0.49999999999999645
rest_daily_7f7a9baf479d195c,86fed448-f51d-4005-aef8-bd9413933cbe,prior_expanding_median,prior_history_plus_caffeine,leave_one_athlete_out:86fed448-f51d-4005-aef8-bd9413933cbe,32.4,30.6,105.88235294117646,1.7999999999999972
rest_daily_f98b6f0e56bf0285,86fed448-f51d-4005-aef8-bd9413933cbe,prior_expanding_median,prior_history_plus_caffeine,leave_one_athlete_out:86fed448-f51d-4005-aef8-bd9413933cbe,30.7,30.65,100.163132137031,0.05000000000000071
rest_daily_5091bf99d5924eac,86fed448-f51d-4005-aef8-bd9413933cbe,prior_expanding_median,prior_history_plus_caffeine,leave_one_athlete_out:86fed448-f51d-4005-aef8-bd9413933cbe,31.8,30.7,103.5830618892508,1.1000000000000014
rest_daily_472237620c8063bf,86fed448-f51d-4005-aef8-bd9413933cbe,prior_expanding_median,prior_history_plus_caffeine,leave_one_athlete_out:86fed448-f51d-4005-aef8-bd9413933cbe,29.8,30.7,97.0684039087948,-0.8999999999999986
rest_daily_a309a15592c25132,86fed448-f51d-4005-aef8-bd9413933cbe,prior_expanding_median,prior_history_plus_caffeine,leave_one_athlete_out:86fed448-f51d-4005-aef8-bd9413933cbe,30.1,30.7,98.0456026058632,-0.5999999999999979
rest_daily_bea3758949606720,86fed448-f51d-4005-aef8-bd9413933cbe,prior_expanding_median,prior_history_plus_caffeine,leave_one_athlete_out:86fed448-f51d-4005-aef8-bd9413933cbe,33.6,30.65,109.62479608482872,2.950000000000003
rest_daily_f4e5f2267c6c0457,86fed448-f51d-4005-aef8-bd9413933cbe,prior_expanding_mean,prior_history_plus_caffeine,leave_one_athlete_out:86fed448-f51d-4005-aef8-bd9413933cbe,29.2,30.5,95.4248366013072,-1.3000000000000007
rest_daily_1b54b101c18e95b5,86fed448-f51d-4005-aef8-bd9413933cbe,prior_expanding_mean,prior_history_plus_caffeine,leave_one_athlete_out:86fed448-f51d-4005-aef8-bd9413933cbe,30.7,30.175,101.65562913907284,0.5249999999999986
rest_daily_7f7a9baf479d195c,86fed448-f51d-4005-aef8-bd9413933cbe,prior_expanding_mean,prior_history_plus_caffeine,leave_one_athlete_out:86fed448-f51d-4005-aef8-bd9413933cbe,32.4,30.28,105.88235294117646,2.1199999999999974
rest_daily_f98b6f0e56bf0285,86fed448-f51d-4005-aef8-bd9413933cbe,prior_expanding_mean,prior_history_plus_caffeine,leave_one_athlete_out:86fed448-f51d-4005-aef8-bd9413933cbe,30.7,30.633333333333336,100.163132137031,0.06666666666666288
rest_daily_5091bf99d5924eac,86fed448-f51d-4005-aef8-bd9413933cbe,prior_expanding_mean,prior_history_plus_caffeine,leave_one_athlete_out:86fed448-f51d-4005-aef8-bd9413933cbe,31.8,30.642857142857142,103.5830618892508,1.1571428571428584
rest_daily_472237620c8063bf,86fed448-f51d-4005-aef8-bd9413933cbe,prior_expanding_mean,prior_history_plus_caffeine,leave_one_athlete_out:86fed448-f51d-4005-aef8-bd9413933cbe,29.8,30.7875,97.0684039087948,-0.9875000000000007
rest_daily_a309a15592c25132,86fed448-f51d-4005-aef8-bd9413933cbe,prior_expanding_mean,prior_history_plus_caffeine,leave_one_athlete_out:86fed448-f51d-4005-aef8-bd9413933cbe,30.1,30.67777777777778,98.0456026058632,-0.5777777777777793
rest_daily_bea3758949606720,86fed448-f51d-4005-aef8-bd9413933cbe,prior_expanding_mean,prior_history_plus_caffeine,leave_one_athlete_out:86fed448-f51d-4005-aef8-bd9413933cbe,33.6,30.620000000000005,109.62479608482872,2.979999999999997
rest_daily_82442f8e52aa8256,a2d89dcf-6bd1-445b-bc9c-7ac6b852a9fc,prior_expanding_median,prior_history_plus_caffeine,leave_one_athlete_out:a2d89dcf-6bd1-445b-bc9c-7ac6b852a9fc,25.2,26.6,94.73684210526316,-1.4000000000000021
rest_daily_baa5ee6cfc8f59b5,a2d89dcf-6bd1-445b-bc9c-7ac6b852a9fc,prior_expanding_median,prior_history_plus_caffeine,leave_one_athlete_out:a2d89dcf-6bd1-445b-bc9c-7ac6b852a9fc,26.0,25.9,100.3861003861004,0.10000000000000142
rest_daily_9afc4bb4cc991ef9,a2d89dcf-6bd1-445b-bc9c-7ac6b852a9fc,prior_expanding_median,prior_history_plus_caffeine,leave_one_athlete_out:a2d89dcf-6bd1-445b-bc9c-7ac6b852a9fc,25.9,26.0,99.6153846153846,-0.10000000000000142
rest_daily_7f8eb3142fb05b5e,a2d89dcf-6bd1-445b-bc9c-7ac6b852a9fc,prior_expanding_median,prior_history_plus_caffeine,leave_one_athlete_out:a2d89dcf-6bd1-445b-bc9c-7ac6b852a9fc,27.3,25.95,105.20231213872832,1.3500000000000014
rest_daily_1c3acd1f7c8cf85f,a2d89dcf-6bd1-445b-bc9c-7ac6b852a9fc,prior_expanding_median,prior_history_plus_caffeine,leave_one_athlete_out:a2d89dcf-6bd1-445b-bc9c-7ac6b852a9fc,26.1,26.0,100.3846153846154,0.10000000000000142
rest_daily_a5cab1550d5946e9,a2d89dcf-6bd1-445b-bc9c-7ac6b852a9fc,prior_expanding_median,prior_history_plus_caffeine,leave_one_athlete_out:a2d89dcf-6bd1-445b-bc9c-7ac6b852a9fc,26.1,26.05,100.1919385796545,0.05000000000000071
rest_daily_82442f8e52aa8256,a2d89dcf-6bd1-445b-bc9c-7ac6b852a9fc,prior_expanding_mean,prior_history_plus_caffeine,leave_one_athlete_out:a2d89dcf-6bd1-445b-bc9c-7ac6b852a9fc,25.2,26.399999999999995,94.73684210526316,-1.1999999999999957
rest_daily_baa5ee6cfc8f59b5,a2d89dcf-6bd1-445b-bc9c-7ac6b852a9fc,prior_expanding_mean,prior_history_plus_caffeine,leave_one_athlete_out:a2d89dcf-6bd1-445b-bc9c-7ac6b852a9fc,26.0,26.1,100.3861003861004,-0.10000000000000142
rest_daily_9afc4bb4cc991ef9,a2d89dcf-6bd1-445b-bc9c-7ac6b852a9fc,prior_expanding_mean,prior_history_plus_caffeine,leave_one_athlete_out:a2d89dcf-6bd1-445b-bc9c-7ac6b852a9fc,25.9,26.079999999999995,99.6153846153846,-0.17999999999999616
rest_daily_7f8eb3142fb05b5e,a2d89dcf-6bd1-445b-bc9c-7ac6b852a9fc,prior_expanding_mean,prior_history_plus_caffeine,leave_one_athlete_out:a2d89dcf-6bd1-445b-bc9c-7ac6b852a9fc,27.3,26.049999999999997,105.20231213872832,1.2500000000000036
rest_daily_1c3acd1f7c8cf85f,a2d89dcf-6bd1-445b-bc9c-7ac6b852a9fc,prior_expanding_mean,prior_history_plus_caffeine,leave_one_athlete_out:a2d89dcf-6bd1-445b-bc9c-7ac6b852a9fc,26.1,26.228571428571428,100.3846153846154,-0.12857142857142634
rest_daily_a5cab1550d5946e9,a2d89dcf-6bd1-445b-bc9c-7ac6b852a9fc,prior_expanding_mean,prior_history_plus_caffeine,leave_one_athlete_out:a2d89dcf-6bd1-445b-bc9c-7ac6b852a9fc,26.1,26.2125,100.1919385796545,-0.11249999999999716
rest_daily_1a821f8053bae41e,6a2ca03c-e61b-4589-a931-58f5e25aacd8,prior_expanding_median,prior_history_plus_caffeine,leave_one_athlete_out:6a2ca03c-e61b-4589-a931-58f5e25aacd8,35.0,36.1,96.9529085872576,-1.1000000000000014
rest_daily_1a821f8053bae41e,6a2ca03c-e61b-4589-a931-58f5e25aacd8,prior_expanding_mean,prior_history_plus_caffeine,leave_one_athlete_out:6a2ca03c-e61b-4589-a931-58f5e25aacd8,35.0,35.4,96.9529085872576,-0.3999999999999986
rest_daily_1fdf1d5bbe31da02,957de0b1-7ee9-437c-b47b-dffd09b6653a,prior_expanding_median,prior_history_plus_caffeine,leave_one_athlete_out:957de0b1-7ee9-437c-b47b-dffd09b6653a,26.4,26.8,98.50746268656717,-0.40000000000000213
rest_daily_ce8b5b7b591dd0fd,957de0b1-7ee9-437c-b47b-dffd09b6653a,prior_expanding_median,prior_history_plus_caffeine,leave_one_athlete_out:957de0b1-7ee9-437c-b47b-dffd09b6653a,24.2,26.8,90.29850746268656,-2.6000000000000014
rest_daily_5725581e019f5fa6,957de0b1-7ee9-437c-b47b-dffd09b6653a,prior_expanding_median,prior_history_plus_caffeine,leave_one_athlete_out:957de0b1-7ee9-437c-b47b-dffd09b6653a,25.2,26.8,94.02985074626864,-1.6000000000000014
rest_daily_9fdde10651bde0b4,957de0b1-7ee9-437c-b47b-dffd09b6653a,prior_expanding_median,prior_history_plus_caffeine,leave_one_athlete_out:957de0b1-7ee9-437c-b47b-dffd09b6653a,25.9,26.8,96.64179104477611,-0.9000000000000021
rest_daily_4cc527b910742f5f,957de0b1-7ee9-437c-b47b-dffd09b6653a,prior_expanding_median,prior_history_plus_caffeine,leave_one_athlete_out:957de0b1-7ee9-437c-b47b-dffd09b6653a,24.4,26.6,91.72932330827066,-2.200000000000003
rest_daily_a682083333fcffda,957de0b1-7ee9-437c-b47b-dffd09b6653a,prior_expanding_median,prior_history_plus_caffeine,leave_one_athlete_out:957de0b1-7ee9-437c-b47b-dffd09b6653a,26.0,26.4,98.48484848484848,-0.3999999999999986
rest_daily_baad225df3d4f040,957de0b1-7ee9-437c-b47b-dffd09b6653a,prior_expanding_median,prior_history_plus_caffeine,leave_one_athlete_out:957de0b1-7ee9-437c-b47b-dffd09b6653a,27.5,26.2,104.9618320610687,1.3000000000000007
rest_daily_24526a257b340324,957de0b1-7ee9-437c-b47b-dffd09b6653a,prior_expanding_median,prior_history_plus_caffeine,leave_one_athlete_out:957de0b1-7ee9-437c-b47b-dffd09b6653a,27.2,26.4,103.03030303030305,0.8000000000000007
rest_daily_f51837b525fe2758,957de0b1-7ee9-437c-b47b-dffd09b6653a,prior_expanding_median,prior_history_plus_caffeine,leave_one_athlete_out:957de0b1-7ee9-437c-b47b-dffd09b6653a,27.5,26.6,103.38345864661652,0.8999999999999986
rest_daily_1fdf1d5bbe31da02,957de0b1-7ee9-437c-b47b-dffd09b6653a,prior_expanding_mean,prior_history_plus_caffeine,leave_one_athlete_out:957de0b1-7ee9-437c-b47b-dffd09b6653a,26.4,27.2,98.50746268656717,-0.8000000000000007
rest_daily_ce8b5b7b591dd0fd,957de0b1-7ee9-437c-b47b-dffd09b6653a,prior_expanding_mean,prior_history_plus_caffeine,leave_one_athlete_out:957de0b1-7ee9-437c-b47b-dffd09b6653a,24.2,27.04,90.29850746268656,-2.84
rest_daily_5725581e019f5fa6,957de0b1-7ee9-437c-b47b-dffd09b6653a,prior_expanding_mean,prior_history_plus_caffeine,leave_one_athlete_out:957de0b1-7ee9-437c-b47b-dffd09b6653a,25.2,26.566666666666663,94.02985074626864,-1.3666666666666636
rest_daily_9fdde10651bde0b4,957de0b1-7ee9-437c-b47b-dffd09b6653a,prior_expanding_mean,prior_history_plus_caffeine,leave_one_athlete_out:957de0b1-7ee9-437c-b47b-dffd09b6653a,25.9,26.371428571428567,96.64179104477611,-0.471428571428568
rest_daily_4cc527b910742f5f,957de0b1-7ee9-437c-b47b-dffd09b6653a,prior_expanding_mean,prior_history_plus_caffeine,leave_one_athlete_out:957de0b1-7ee9-437c-b47b-dffd09b6653a,24.4,26.3125,91.72932330827066,-1.9125000000000014
rest_daily_a682083333fcffda,957de0b1-7ee9-437c-b47b-dffd09b6653a,prior_expanding_mean,prior_history_plus_caffeine,leave_one_athlete_out:957de0b1-7ee9-437c-b47b-dffd09b6653a,26.0,26.1,98.48484848484848,-0.10000000000000142
rest_daily_baad225df3d4f040,957de0b1-7ee9-437c-b47b-dffd09b6653a,prior_expanding_mean,prior_history_plus_caffeine,leave_one_athlete_out:957de0b1-7ee9-437c-b47b-dffd09b6653a,27.5,26.089999999999996,104.9618320610687,1.4100000000000037
rest_daily_24526a257b340324,957de0b1-7ee9-437c-b47b-dffd09b6653a,prior_expanding_mean,prior_history_plus_caffeine,leave_one_athlete_out:957de0b1-7ee9-437c-b47b-dffd09b6653a,27.2,26.218181818181815,103.03030303030305,0.9818181818181841
rest_daily_f51837b525fe2758,957de0b1-7ee9-437c-b47b-dffd09b6653a,prior_expanding_mean,prior_history_plus_caffeine,leave_one_athlete_out:957de0b1-7ee9-437c-b47b-dffd09b6653a,27.5,26.299999999999997,103.38345864661652,1.2000000000000028
rest_daily_44c060af4bc142ed,e362b878-9920-4dcf-9ab7-687a194a821c,prior_expanding_median,prior_history_plus_caffeine,leave_one_athlete_out:e362b878-9920-4dcf-9ab7-687a194a821c,35.0,35.8,97.76536312849164,-0.7999999999999972
rest_daily_e1f7ae429e1b28de,e362b878-9920-4dcf-9ab7-687a194a821c,prior_expanding_median,prior_history_plus_caffeine,leave_one_athlete_out:e362b878-9920-4dcf-9ab7-687a194a821c,32.8,35.7,91.8767507002801,-2.9000000000000057
rest_daily_23de18e0c8746cd7,e362b878-9920-4dcf-9ab7-687a194a821c,prior_expanding_median,prior_history_plus_caffeine,leave_one_athlete_out:e362b878-9920-4dcf-9ab7-687a194a821c,35.3,35.6,99.1573033707865,-0.30000000000000426
rest_daily_19d7ba07a6d15f62,e362b878-9920-4dcf-9ab7-687a194a821c,prior_expanding_median,prior_history_plus_caffeine,leave_one_athlete_out:e362b878-9920-4dcf-9ab7-687a194a821c,32.0,35.45,90.26798307475316,-3.450000000000003
rest_daily_6f1321ab0e065ca1,e362b878-9920-4dcf-9ab7-687a194a821c,prior_expanding_median,prior_history_plus_caffeine,leave_one_athlete_out:e362b878-9920-4dcf-9ab7-687a194a821c,32.6,35.3,92.35127478753542,-2.6999999999999957
rest_daily_8b1130c2e482bf87,e362b878-9920-4dcf-9ab7-687a194a821c,prior_expanding_median,prior_history_plus_caffeine,leave_one_athlete_out:e362b878-9920-4dcf-9ab7-687a194a821c,30.7,35.15,87.33997155049786,-4.449999999999999
rest_daily_aac7a0cea32a78f6,e362b878-9920-4dcf-9ab7-687a194a821c,prior_expanding_median,prior_history_plus_caffeine,leave_one_athlete_out:e362b878-9920-4dcf-9ab7-687a194a821c,33.5,32.8,102.13414634146342,0.7000000000000028
rest_daily_44c060af4bc142ed,e362b878-9920-4dcf-9ab7-687a194a821c,prior_expanding_mean,prior_history_plus_caffeine,leave_one_athlete_out:e362b878-9920-4dcf-9ab7-687a194a821c,35.0,35.86666666666667,97.76536312849164,-0.8666666666666671
rest_daily_e1f7ae429e1b28de,e362b878-9920-4dcf-9ab7-687a194a821c,prior_expanding_mean,prior_history_plus_caffeine,leave_one_athlete_out:e362b878-9920-4dcf-9ab7-687a194a821c,32.8,35.650000000000006,91.8767507002801,-2.8500000000000085
rest_daily_23de18e0c8746cd7,e362b878-9920-4dcf-9ab7-687a194a821c,prior_expanding_mean,prior_history_plus_caffeine,leave_one_athlete_out:e362b878-9920-4dcf-9ab7-687a194a821c,35.3,35.080000000000005,99.1573033707865,0.21999999999999176
rest_daily_19d7ba07a6d15f62,e362b878-9920-4dcf-9ab7-687a194a821c,prior_expanding_mean,prior_history_plus_caffeine,leave_one_athlete_out:e362b878-9920-4dcf-9ab7-687a194a821c,32.0,35.116666666666674,90.26798307475316,-3.1166666666666742
rest_daily_6f1321ab0e065ca1,e362b878-9920-4dcf-9ab7-687a194a821c,prior_expanding_mean,prior_history_plus_caffeine,leave_one_athlete_out:e362b878-9920-4dcf-9ab7-687a194a821c,32.6,34.67142857142858,92.35127478753542,-2.0714285714285765
rest_daily_8b1130c2e482bf87,e362b878-9920-4dcf-9ab7-687a194a821c,prior_expanding_mean,prior_history_plus_caffeine,leave_one_athlete_out:e362b878-9920-4dcf-9ab7-687a194a821c,30.7,34.4125,87.33997155049786,-3.712500000000002
rest_daily_aac7a0cea32a78f6,e362b878-9920-4dcf-9ab7-687a194a821c,prior_expanding_mean,prior_history_plus_caffeine,leave_one_athlete_out:e362b878-9920-4dcf-9ab7-687a194a821c,33.5,33.76363636363636,102.13414634146342,-0.26363636363635834
rest_daily_6f910bb9a01cd557,687552ea-5963-45df-8680-c4c6058eab87,prior_expanding_median,prior_history_plus_caffeine,leave_one_athlete_out:687552ea-5963-45df-8680-c4c6058eab87,35.7,38.9,91.7737789203085,-3.1999999999999957
rest_daily_21d41c9eaff91990,687552ea-5963-45df-8680-c4c6058eab87,prior_expanding_median,prior_history_plus_caffeine,leave_one_athlete_out:687552ea-5963-45df-8680-c4c6058eab87,43.9,37.5,117.06666666666666,6.399999999999999
rest_daily_12a68c9036898205,687552ea-5963-45df-8680-c4c6058eab87,prior_expanding_median,prior_history_plus_caffeine,leave_one_athlete_out:687552ea-5963-45df-8680-c4c6058eab87,42.7,38.9,109.76863753213368,3.8000000000000043
rest_daily_e3c98654c7975c33,687552ea-5963-45df-8680-c4c6058eab87,prior_expanding_median,prior_history_plus_caffeine,leave_one_athlete_out:687552ea-5963-45df-8680-c4c6058eab87,41.3,40.5,101.9753086419753,0.7999999999999972
rest_daily_bb1d299fe508ad69,687552ea-5963-45df-8680-c4c6058eab87,prior_expanding_median,prior_history_plus_caffeine,leave_one_athlete_out:687552ea-5963-45df-8680-c4c6058eab87,36.8,41.3,89.10411622276028,-4.5
rest_daily_1b6135ddcedae6ca,687552ea-5963-45df-8680-c4c6058eab87,prior_expanding_median,prior_history_plus_caffeine,leave_one_athlete_out:687552ea-5963-45df-8680-c4c6058eab87,36.4,40.099999999999994,90.77306733167084,-3.6999999999999957
rest_daily_b5aee6d21878a523,687552ea-5963-45df-8680-c4c6058eab87,prior_expanding_median,prior_history_plus_caffeine,leave_one_athlete_out:687552ea-5963-45df-8680-c4c6058eab87,37.5,38.9,96.40102827763496,-1.3999999999999986
rest_daily_6f910bb9a01cd557,687552ea-5963-45df-8680-c4c6058eab87,prior_expanding_mean,prior_history_plus_caffeine,leave_one_athlete_out:687552ea-5963-45df-8680-c4c6058eab87,35.7,39.03333333333333,91.7737789203085,-3.3333333333333286
rest_daily_21d41c9eaff91990,687552ea-5963-45df-8680-c4c6058eab87,prior_expanding_mean,prior_history_plus_caffeine,leave_one_athlete_out:687552ea-5963-45df-8680-c4c6058eab87,43.9,38.2,117.06666666666666,5.699999999999996
rest_daily_12a68c9036898205,687552ea-5963-45df-8680-c4c6058eab87,prior_expanding_mean,prior_history_plus_caffeine,leave_one_athlete_out:687552ea-5963-45df-8680-c4c6058eab87,42.7,39.34,109.76863753213368,3.3599999999999994
rest_daily_e3c98654c7975c33,687552ea-5963-45df-8680-c4c6058eab87,prior_expanding_mean,prior_history_plus_caffeine,leave_one_athlete_out:687552ea-5963-45df-8680-c4c6058eab87,41.3,39.900000000000006,101.9753086419753,1.3999999999999915
rest_daily_bb1d299fe508ad69,687552ea-5963-45df-8680-c4c6058eab87,prior_expanding_mean,prior_history_plus_caffeine,leave_one_athlete_out:687552ea-5963-45df-8680-c4c6058eab87,36.8,40.10000000000001,89.10411622276028,-3.3000000000000114
rest_daily_1b6135ddcedae6ca,687552ea-5963-45df-8680-c4c6058eab87,prior_expanding_mean,prior_history_plus_caffeine,leave_one_athlete_out:687552ea-5963-45df-8680-c4c6058eab87,36.4,39.6875,90.77306733167084,-3.2875000000000014
rest_daily_b5aee6d21878a523,687552ea-5963-45df-8680-c4c6058eab87,prior_expanding_mean,prior_history_plus_caffeine,leave_one_athlete_out:687552ea-5963-45df-8680-c4c6058eab87,37.5,39.32222222222222,96.40102827763496,-1.8222222222222229
rest_daily_a157f3bb920fa92f,c887cb7e-63cf-4dc2-9fd2-8429137ba44b,prior_expanding_median,prior_history_plus_caffeine,leave_one_athlete_out:c887cb7e-63cf-4dc2-9fd2-8429137ba44b,30.7,26.4,116.2878787878788,4.300000000000001
rest_daily_b8e40341f54d9616,c887cb7e-63cf-4dc2-9fd2-8429137ba44b,prior_expanding_median,prior_history_plus_caffeine,leave_one_athlete_out:c887cb7e-63cf-4dc2-9fd2-8429137ba44b,28.1,27.5,102.1818181818182,0.6000000000000014
rest_daily_1759366c50384ac7,c887cb7e-63cf-4dc2-9fd2-8429137ba44b,prior_expanding_median,prior_history_plus_caffeine,leave_one_athlete_out:c887cb7e-63cf-4dc2-9fd2-8429137ba44b,30.0,28.1,106.76156583629891,1.8999999999999986
rest_daily_0663b3b3ac8bbc8c,c887cb7e-63cf-4dc2-9fd2-8429137ba44b,prior_expanding_median,prior_history_plus_caffeine,leave_one_athlete_out:c887cb7e-63cf-4dc2-9fd2-8429137ba44b,28.5,28.35,100.52910052910052,0.14999999999999858
rest_daily_64860edccfee005f,c887cb7e-63cf-4dc2-9fd2-8429137ba44b,prior_expanding_median,prior_history_plus_caffeine,leave_one_athlete_out:c887cb7e-63cf-4dc2-9fd2-8429137ba44b,28.5,28.5,100.0,0.0
rest_daily_b66d89d81131cac9,c887cb7e-63cf-4dc2-9fd2-8429137ba44b,prior_expanding_median,prior_history_plus_caffeine,leave_one_athlete_out:c887cb7e-63cf-4dc2-9fd2-8429137ba44b,26.6,28.5,93.33333333333331,-1.8999999999999986
rest_daily_462b7d0d1d4cce3d,c887cb7e-63cf-4dc2-9fd2-8429137ba44b,prior_expanding_median,prior_history_plus_caffeine,leave_one_athlete_out:c887cb7e-63cf-4dc2-9fd2-8429137ba44b,24.4,28.5,85.6140350877193,-4.100000000000001
rest_daily_a157f3bb920fa92f,c887cb7e-63cf-4dc2-9fd2-8429137ba44b,prior_expanding_mean,prior_history_plus_caffeine,leave_one_athlete_out:c887cb7e-63cf-4dc2-9fd2-8429137ba44b,30.7,27.133333333333336,116.2878787878788,3.566666666666663
rest_daily_b8e40341f54d9616,c887cb7e-63cf-4dc2-9fd2-8429137ba44b,prior_expanding_mean,prior_history_plus_caffeine,leave_one_athlete_out:c887cb7e-63cf-4dc2-9fd2-8429137ba44b,28.1,28.025,102.1818181818182,0.07500000000000284
rest_daily_1759366c50384ac7,c887cb7e-63cf-4dc2-9fd2-8429137ba44b,prior_expanding_mean,prior_history_plus_caffeine,leave_one_athlete_out:c887cb7e-63cf-4dc2-9fd2-8429137ba44b,30.0,28.040000000000003,106.76156583629891,1.9599999999999973
rest_daily_0663b3b3ac8bbc8c,c887cb7e-63cf-4dc2-9fd2-8429137ba44b,prior_expanding_mean,prior_history_plus_caffeine,leave_one_athlete_out:c887cb7e-63cf-4dc2-9fd2-8429137ba44b,28.5,28.36666666666667,100.52910052910052,0.1333333333333293
rest_daily_64860edccfee005f,c887cb7e-63cf-4dc2-9fd2-8429137ba44b,prior_expanding_mean,prior_history_plus_caffeine,leave_one_athlete_out:c887cb7e-63cf-4dc2-9fd2-8429137ba44b,28.5,28.38571428571429,100.0,0.11428571428571033
rest_daily_b66d89d81131cac9,c887cb7e-63cf-4dc2-9fd2-8429137ba44b,prior_expanding_mean,prior_history_plus_caffeine,leave_one_athlete_out:c887cb7e-63cf-4dc2-9fd2-8429137ba44b,26.6,28.4,93.33333333333331,-1.7999999999999972
rest_daily_462b7d0d1d4cce3d,c887cb7e-63cf-4dc2-9fd2-8429137ba44b,prior_expanding_mean,prior_history_plus_caffeine,leave_one_athlete_out:c887cb7e-63cf-4dc2-9fd2-8429137ba44b,24.4,28.2,85.6140350877193,-3.8000000000000007
rest_daily_6f2bd48791757d01,e6e4e3b9-5cfa-42c6-a4cd-0f96561de3eb,prior_expanding_median,prior_history_plus_caffeine,leave_one_athlete_out:e6e4e3b9-5cfa-42c6-a4cd-0f96561de3eb,32.5,32.3,100.61919504643964,0.20000000000000284
rest_daily_02d5b5624ca2a01d,e6e4e3b9-5cfa-42c6-a4cd-0f96561de3eb,prior_expanding_median,prior_history_plus_caffeine,leave_one_athlete_out:e6e4e3b9-5cfa-42c6-a4cd-0f96561de3eb,30.3,32.4,93.51851851851852,-2.099999999999998
rest_daily_5a6dee4fcd56dbce,e6e4e3b9-5cfa-42c6-a4cd-0f96561de3eb,prior_expanding_median,prior_history_plus_caffeine,leave_one_athlete_out:e6e4e3b9-5cfa-42c6-a4cd-0f96561de3eb,32.5,32.3,100.61919504643964,0.20000000000000284
rest_daily_ab17f1fc7853a9d6,e6e4e3b9-5cfa-42c6-a4cd-0f96561de3eb,prior_expanding_median,prior_history_plus_caffeine,leave_one_athlete_out:e6e4e3b9-5cfa-42c6-a4cd-0f96561de3eb,29.9,32.4,92.28395061728396,-2.5
rest_daily_9f0c016dc4398960,e6e4e3b9-5cfa-42c6-a4cd-0f96561de3eb,prior_expanding_median,prior_history_plus_caffeine,leave_one_athlete_out:e6e4e3b9-5cfa-42c6-a4cd-0f96561de3eb,25.9,32.3,80.1857585139319,-6.399999999999999
rest_daily_0454c91c3fc710e8,e6e4e3b9-5cfa-42c6-a4cd-0f96561de3eb,prior_expanding_median,prior_history_plus_caffeine,leave_one_athlete_out:e6e4e3b9-5cfa-42c6-a4cd-0f96561de3eb,30.8,31.549999999999997,97.62282091917592,-0.7499999999999964
rest_daily_6f2bd48791757d01,e6e4e3b9-5cfa-42c6-a4cd-0f96561de3eb,prior_expanding_mean,prior_history_plus_caffeine,leave_one_athlete_out:e6e4e3b9-5cfa-42c6-a4cd-0f96561de3eb,32.5,32.46666666666666,100.61919504643964,0.033333333333338544
rest_daily_02d5b5624ca2a01d,e6e4e3b9-5cfa-42c6-a4cd-0f96561de3eb,prior_expanding_mean,prior_history_plus_caffeine,leave_one_athlete_out:e6e4e3b9-5cfa-42c6-a4cd-0f96561de3eb,30.3,32.474999999999994,93.51851851851852,-2.1749999999999936
rest_daily_5a6dee4fcd56dbce,e6e4e3b9-5cfa-42c6-a4cd-0f96561de3eb,prior_expanding_mean,prior_history_plus_caffeine,leave_one_athlete_out:e6e4e3b9-5cfa-42c6-a4cd-0f96561de3eb,32.5,32.04,100.61919504643964,0.46000000000000085
rest_daily_ab17f1fc7853a9d6,e6e4e3b9-5cfa-42c6-a4cd-0f96561de3eb,prior_expanding_mean,prior_history_plus_caffeine,leave_one_athlete_out:e6e4e3b9-5cfa-42c6-a4cd-0f96561de3eb,29.9,32.11666666666667,92.28395061728396,-2.2166666666666686
rest_daily_9f0c016dc4398960,e6e4e3b9-5cfa-42c6-a4cd-0f96561de3eb,prior_expanding_mean,prior_history_plus_caffeine,leave_one_athlete_out:e6e4e3b9-5cfa-42c6-a4cd-0f96561de3eb,25.9,31.8,80.1857585139319,-5.900000000000002
rest_daily_0454c91c3fc710e8,e6e4e3b9-5cfa-42c6-a4cd-0f96561de3eb,prior_expanding_mean,prior_history_plus_caffeine,leave_one_athlete_out:e6e4e3b9-5cfa-42c6-a4cd-0f96561de3eb,30.8,31.062499999999996,97.62282091917592,-0.26249999999999574
rest_daily_d6526cc6a798964b,efa2dbe6-24c0-4500-8b7b-1d5d14e1d271,prior_expanding_median,prior_history_plus_caffeine,leave_one_athlete_out:efa2dbe6-24c0-4500-8b7b-1d5d14e1d271,35.2,33.5,105.07462686567166,1.7000000000000028
rest_daily_1041700280114f2c,efa2dbe6-24c0-4500-8b7b-1d5d14e1d271,prior_expanding_median,prior_history_plus_caffeine,leave_one_athlete_out:efa2dbe6-24c0-4500-8b7b-1d5d14e1d271,29.2,34.15,85.50512445095168,-4.949999999999999
rest_daily_3cf67d5887d878f8,efa2dbe6-24c0-4500-8b7b-1d5d14e1d271,prior_expanding_median,prior_history_plus_caffeine,leave_one_athlete_out:efa2dbe6-24c0-4500-8b7b-1d5d14e1d271,31.5,33.4,94.311377245509,-1.8999999999999986
rest_daily_d6526cc6a798964b,efa2dbe6-24c0-4500-8b7b-1d5d14e1d271,prior_expanding_mean,prior_history_plus_caffeine,leave_one_athlete_out:efa2dbe6-24c0-4500-8b7b-1d5d14e1d271,35.2,33.86666666666667,105.07462686567166,1.3333333333333357
rest_daily_1041700280114f2c,efa2dbe6-24c0-4500-8b7b-1d5d14e1d271,prior_expanding_mean,prior_history_plus_caffeine,leave_one_athlete_out:efa2dbe6-24c0-4500-8b7b-1d5d14e1d271,29.2,34.150000000000006,85.50512445095168,-4.950000000000006
rest_daily_3cf67d5887d878f8,efa2dbe6-24c0-4500-8b7b-1d5d14e1d271,prior_expanding_mean,prior_history_plus_caffeine,leave_one_athlete_out:efa2dbe6-24c0-4500-8b7b-1d5d14e1d271,31.5,33.1625,94.311377245509,-1.6625000000000014
rest_daily_82682445d3ee10d1,fd0c9e61-cb99-4d60-ab37-b4b3f5ac60d2,prior_expanding_median,prior_history_plus_caffeine,leave_one_athlete_out:fd0c9e61-cb99-4d60-ab37-b4b3f5ac60d2,36.4,37.7,96.55172413793105,-1.3000000000000043
rest_daily_05f48e6e719ac92e,fd0c9e61-cb99-4d60-ab37-b4b3f5ac60d2,prior_expanding_median,prior_history_plus_caffeine,leave_one_athlete_out:fd0c9e61-cb99-4d60-ab37-b4b3f5ac60d2,34.4,37.05,92.84750337381917,-2.6499999999999986
rest_daily_efc572538dfe1a10,fd0c9e61-cb99-4d60-ab37-b4b3f5ac60d2,prior_expanding_median,prior_history_plus_caffeine,leave_one_athlete_out:fd0c9e61-cb99-4d60-ab37-b4b3f5ac60d2,36.3,36.4,99.72527472527472,-0.10000000000000142
rest_daily_01b75bd63b9e0e56,fd0c9e61-cb99-4d60-ab37-b4b3f5ac60d2,prior_expanding_median,prior_history_plus_caffeine,leave_one_athlete_out:fd0c9e61-cb99-4d60-ab37-b4b3f5ac60d2,37.2,36.349999999999994,102.33837689133428,0.8500000000000085
rest_daily_7c83bde87c5be749,fd0c9e61-cb99-4d60-ab37-b4b3f5ac60d2,prior_expanding_median,prior_history_plus_caffeine,leave_one_athlete_out:fd0c9e61-cb99-4d60-ab37-b4b3f5ac60d2,35.3,36.4,96.97802197802196,-1.1000000000000014
rest_daily_568874402ae121a6,fd0c9e61-cb99-4d60-ab37-b4b3f5ac60d2,prior_expanding_median,prior_history_plus_caffeine,leave_one_athlete_out:fd0c9e61-cb99-4d60-ab37-b4b3f5ac60d2,38.6,36.349999999999994,106.18982118294362,2.250000000000007
rest_daily_e6273f94a99ad120,fd0c9e61-cb99-4d60-ab37-b4b3f5ac60d2,prior_expanding_median,prior_history_plus_caffeine,leave_one_athlete_out:fd0c9e61-cb99-4d60-ab37-b4b3f5ac60d2,36.5,36.4,100.27472527472528,0.10000000000000142
rest_daily_addc070e41582078,fd0c9e61-cb99-4d60-ab37-b4b3f5ac60d2,prior_expanding_median,prior_history_plus_caffeine,leave_one_athlete_out:fd0c9e61-cb99-4d60-ab37-b4b3f5ac60d2,35.8,36.45,98.21673525377228,-0.6500000000000057
rest_daily_82682445d3ee10d1,fd0c9e61-cb99-4d60-ab37-b4b3f5ac60d2,prior_expanding_mean,prior_history_plus_caffeine,leave_one_athlete_out:fd0c9e61-cb99-4d60-ab37-b4b3f5ac60d2,36.4,37.266666666666666,96.55172413793105,-0.8666666666666671
rest_daily_05f48e6e719ac92e,fd0c9e61-cb99-4d60-ab37-b4b3f5ac60d2,prior_expanding_mean,prior_history_plus_caffeine,leave_one_athlete_out:fd0c9e61-cb99-4d60-ab37-b4b3f5ac60d2,34.4,37.05,92.84750337381917,-2.6499999999999986
rest_daily_efc572538dfe1a10,fd0c9e61-cb99-4d60-ab37-b4b3f5ac60d2,prior_expanding_mean,prior_history_plus_caffeine,leave_one_athlete_out:fd0c9e61-cb99-4d60-ab37-b4b3f5ac60d2,36.3,36.52,99.72527472527472,-0.22000000000000597
rest_daily_01b75bd63b9e0e56,fd0c9e61-cb99-4d60-ab37-b4b3f5ac60d2,prior_expanding_mean,prior_history_plus_caffeine,leave_one_athlete_out:fd0c9e61-cb99-4d60-ab37-b4b3f5ac60d2,37.2,36.48333333333333,102.33837689133428,0.7166666666666757
rest_daily_7c83bde87c5be749,fd0c9e61-cb99-4d60-ab37-b4b3f5ac60d2,prior_expanding_mean,prior_history_plus_caffeine,leave_one_athlete_out:fd0c9e61-cb99-4d60-ab37-b4b3f5ac60d2,35.3,36.58571428571428,96.97802197802196,-1.2857142857142847
rest_daily_568874402ae121a6,fd0c9e61-cb99-4d60-ab37-b4b3f5ac60d2,prior_expanding_mean,prior_history_plus_caffeine,leave_one_athlete_out:fd0c9e61-cb99-4d60-ab37-b4b3f5ac60d2,38.6,36.425,106.18982118294362,2.1750000000000043
rest_daily_e6273f94a99ad120,fd0c9e61-cb99-4d60-ab37-b4b3f5ac60d2,prior_expanding_mean,prior_history_plus_caffeine,leave_one_athlete_out:fd0c9e61-cb99-4d60-ab37-b4b3f5ac60d2,36.5,36.666666666666664,100.27472527472528,-0.1666666666666643
rest_daily_addc070e41582078,fd0c9e61-cb99-4d60-ab37-b4b3f5ac60d2,prior_expanding_mean,prior_history_plus_caffeine,leave_one_athlete_out:fd0c9e61-cb99-4d60-ab37-b4b3f5ac60d2,35.8,36.65,98.21673525377228,-0.8500000000000014
rest_daily_e0fe6a57d5ba3bee,2068e7ec-51a8-441a-8053-2be7533e613f,prior_expanding_median,prior_history_plus_caffeine,leave_one_athlete_out:2068e7ec-51a8-441a-8053-2be7533e613f,45.9,45.3,101.32450331125828,0.6000000000000014
rest_daily_d493fee7cfdb999b,2068e7ec-51a8-441a-8053-2be7533e613f,prior_expanding_median,prior_history_plus_caffeine,leave_one_athlete_out:2068e7ec-51a8-441a-8053-2be7533e613f,44.2,44.95,98.33147942157952,-0.75
rest_daily_302c1fbaac2944d8,2068e7ec-51a8-441a-8053-2be7533e613f,prior_expanding_median,prior_history_plus_caffeine,leave_one_athlete_out:2068e7ec-51a8-441a-8053-2be7533e613f,40.4,44.6,90.5829596412556,-4.200000000000003
rest_daily_91c3ba85eea8d163,2068e7ec-51a8-441a-8053-2be7533e613f,prior_expanding_median,prior_history_plus_caffeine,leave_one_athlete_out:2068e7ec-51a8-441a-8053-2be7533e613f,43.9,44.6,98.4304932735426,-0.7000000000000028
rest_daily_0a396a843fa902b0,2068e7ec-51a8-441a-8053-2be7533e613f,prior_expanding_median,prior_history_plus_caffeine,leave_one_athlete_out:2068e7ec-51a8-441a-8053-2be7533e613f,43.3,44.6,97.08520179372196,-1.3000000000000043
rest_daily_e0fe6a57d5ba3bee,2068e7ec-51a8-441a-8053-2be7533e613f,prior_expanding_mean,prior_history_plus_caffeine,leave_one_athlete_out:2068e7ec-51a8-441a-8053-2be7533e613f,45.9,44.7,101.32450331125828,1.1999999999999957
rest_daily_d493fee7cfdb999b,2068e7ec-51a8-441a-8053-2be7533e613f,prior_expanding_mean,prior_history_plus_caffeine,leave_one_athlete_out:2068e7ec-51a8-441a-8053-2be7533e613f,44.2,44.825,98.33147942157952,-0.625
rest_daily_302c1fbaac2944d8,2068e7ec-51a8-441a-8053-2be7533e613f,prior_expanding_mean,prior_history_plus_caffeine,leave_one_athlete_out:2068e7ec-51a8-441a-8053-2be7533e613f,40.4,44.75555555555555,90.5829596412556,-4.355555555555554
rest_daily_91c3ba85eea8d163,2068e7ec-51a8-441a-8053-2be7533e613f,prior_expanding_mean,prior_history_plus_caffeine,leave_one_athlete_out:2068e7ec-51a8-441a-8053-2be7533e613f,43.9,44.31999999999999,98.4304932735426,-0.4199999999999946
rest_daily_0a396a843fa902b0,2068e7ec-51a8-441a-8053-2be7533e613f,prior_expanding_mean,prior_history_plus_caffeine,leave_one_athlete_out:2068e7ec-51a8-441a-8053-2be7533e613f,43.3,44.281818181818174,97.08520179372196,-0.981818181818177
rest_daily_96bd7b99fb596da4,9cee6de4-93b3-46a7-a018-90f60d705ebb,prior_expanding_median,prior_history_plus_caffeine,chronological_holdout:last_30pct_per_athlete_min_1,48.5,48.8,99.38524590163937,-0.29999999999999716
rest_daily_aa66a200e387eba4,9cee6de4-93b3-46a7-a018-90f60d705ebb,prior_expanding_median,prior_history_plus_caffeine,chronological_holdout:last_30pct_per_athlete_min_1,45.7,48.65,93.93627954779036,-2.9499999999999957
rest_daily_9576a5f6cfbca811,8d47422f-2512-44a3-a6d6-8feb726f4759,prior_expanding_median,prior_history_plus_caffeine,chronological_holdout:last_30pct_per_athlete_min_1,31.8,31.1,102.2508038585209,0.6999999999999993
rest_daily_2b0ad7da5f00c7fb,8d47422f-2512-44a3-a6d6-8feb726f4759,prior_expanding_median,prior_history_plus_caffeine,chronological_holdout:last_30pct_per_athlete_min_1,30.5,31.25,97.6,-0.75
rest_daily_c72954ac52f3c08e,ec3fc0a0-ab15-4c0c-b1ad-5243c6e5636f,prior_expanding_median,prior_history_plus_caffeine,chronological_holdout:last_30pct_per_athlete_min_1,31.9,30.2,105.62913907284768,1.6999999999999993
rest_daily_50f6f1543ffe74e1,ec3fc0a0-ab15-4c0c-b1ad-5243c6e5636f,prior_expanding_median,prior_history_plus_caffeine,chronological_holdout:last_30pct_per_athlete_min_1,29.8,30.799999999999997,96.75324675324676,-0.9999999999999964
rest_daily_6c805b4dd0c2cf3f,f2b08928-a410-4d1d-9f19-1f8c063a6311,prior_expanding_median,prior_history_plus_caffeine,chronological_holdout:last_30pct_per_athlete_min_1,31.5,31.5,100.0,0.0
rest_daily_472237620c8063bf,86fed448-f51d-4005-aef8-bd9413933cbe,prior_expanding_median,prior_history_plus_caffeine,chronological_holdout:last_30pct_per_athlete_min_1,29.8,30.7,97.0684039087948,-0.8999999999999986
rest_daily_a309a15592c25132,86fed448-f51d-4005-aef8-bd9413933cbe,prior_expanding_median,prior_history_plus_caffeine,chronological_holdout:last_30pct_per_athlete_min_1,30.1,30.7,98.0456026058632,-0.5999999999999979
rest_daily_bea3758949606720,86fed448-f51d-4005-aef8-bd9413933cbe,prior_expanding_median,prior_history_plus_caffeine,chronological_holdout:last_30pct_per_athlete_min_1,33.6,30.65,109.62479608482872,2.950000000000003
rest_daily_1c3acd1f7c8cf85f,a2d89dcf-6bd1-445b-bc9c-7ac6b852a9fc,prior_expanding_median,prior_history_plus_caffeine,chronological_holdout:last_30pct_per_athlete_min_1,26.1,26.0,100.3846153846154,0.10000000000000142
rest_daily_a5cab1550d5946e9,a2d89dcf-6bd1-445b-bc9c-7ac6b852a9fc,prior_expanding_median,prior_history_plus_caffeine,chronological_holdout:last_30pct_per_athlete_min_1,26.1,26.05,100.1919385796545,0.05000000000000071
rest_daily_1a821f8053bae41e,6a2ca03c-e61b-4589-a931-58f5e25aacd8,prior_expanding_median,prior_history_plus_caffeine,chronological_holdout:last_30pct_per_athlete_min_1,35.0,36.1,96.9529085872576,-1.1000000000000014
rest_daily_baad225df3d4f040,957de0b1-7ee9-437c-b47b-dffd09b6653a,prior_expanding_median,prior_history_plus_caffeine,chronological_holdout:last_30pct_per_athlete_min_1,27.5,26.2,104.9618320610687,1.3000000000000007
rest_daily_24526a257b340324,957de0b1-7ee9-437c-b47b-dffd09b6653a,prior_expanding_median,prior_history_plus_caffeine,chronological_holdout:last_30pct_per_athlete_min_1,27.2,26.4,103.03030303030305,0.8000000000000007
rest_daily_f51837b525fe2758,957de0b1-7ee9-437c-b47b-dffd09b6653a,prior_expanding_median,prior_history_plus_caffeine,chronological_holdout:last_30pct_per_athlete_min_1,27.5,26.6,103.38345864661652,0.8999999999999986
rest_daily_6f1321ab0e065ca1,e362b878-9920-4dcf-9ab7-687a194a821c,prior_expanding_median,prior_history_plus_caffeine,chronological_holdout:last_30pct_per_athlete_min_1,32.6,35.3,92.35127478753542,-2.6999999999999957
rest_daily_8b1130c2e482bf87,e362b878-9920-4dcf-9ab7-687a194a821c,prior_expanding_median,prior_history_plus_caffeine,chronological_holdout:last_30pct_per_athlete_min_1,30.7,35.15,87.33997155049786,-4.449999999999999
rest_daily_aac7a0cea32a78f6,e362b878-9920-4dcf-9ab7-687a194a821c,prior_expanding_median,prior_history_plus_caffeine,chronological_holdout:last_30pct_per_athlete_min_1,33.5,32.8,102.13414634146342,0.7000000000000028
rest_daily_bb1d299fe508ad69,687552ea-5963-45df-8680-c4c6058eab87,prior_expanding_median,prior_history_plus_caffeine,chronological_holdout:last_30pct_per_athlete_min_1,36.8,41.3,89.10411622276028,-4.5
rest_daily_1b6135ddcedae6ca,687552ea-5963-45df-8680-c4c6058eab87,prior_expanding_median,prior_history_plus_caffeine,chronological_holdout:last_30pct_per_athlete_min_1,36.4,40.099999999999994,90.77306733167084,-3.6999999999999957
rest_daily_b5aee6d21878a523,687552ea-5963-45df-8680-c4c6058eab87,prior_expanding_median,prior_history_plus_caffeine,chronological_holdout:last_30pct_per_athlete_min_1,37.5,38.9,96.40102827763496,-1.3999999999999986
rest_daily_64860edccfee005f,c887cb7e-63cf-4dc2-9fd2-8429137ba44b,prior_expanding_median,prior_history_plus_caffeine,chronological_holdout:last_30pct_per_athlete_min_1,28.5,28.5,100.0,0.0
rest_daily_b66d89d81131cac9,c887cb7e-63cf-4dc2-9fd2-8429137ba44b,prior_expanding_median,prior_history_plus_caffeine,chronological_holdout:last_30pct_per_athlete_min_1,26.6,28.5,93.33333333333331,-1.8999999999999986
rest_daily_462b7d0d1d4cce3d,c887cb7e-63cf-4dc2-9fd2-8429137ba44b,prior_expanding_median,prior_history_plus_caffeine,chronological_holdout:last_30pct_per_athlete_min_1,24.4,28.5,85.6140350877193,-4.100000000000001
rest_daily_9f0c016dc4398960,e6e4e3b9-5cfa-42c6-a4cd-0f96561de3eb,prior_expanding_median,prior_history_plus_caffeine,chronological_holdout:last_30pct_per_athlete_min_1,25.9,32.3,80.1857585139319,-6.399999999999999
rest_daily_0454c91c3fc710e8,e6e4e3b9-5cfa-42c6-a4cd-0f96561de3eb,prior_expanding_median,prior_history_plus_caffeine,chronological_holdout:last_30pct_per_athlete_min_1,30.8,31.549999999999997,97.62282091917592,-0.7499999999999964
rest_daily_3cf67d5887d878f8,efa2dbe6-24c0-4500-8b7b-1d5d14e1d271,prior_expanding_median,prior_history_plus_caffeine,chronological_holdout:last_30pct_per_athlete_min_1,31.5,33.4,94.311377245509,-1.8999999999999986
rest_daily_568874402ae121a6,fd0c9e61-cb99-4d60-ab37-b4b3f5ac60d2,prior_expanding_median,prior_history_plus_caffeine,chronological_holdout:last_30pct_per_athlete_min_1,38.6,36.349999999999994,106.18982118294362,2.250000000000007
rest_daily_e6273f94a99ad120,fd0c9e61-cb99-4d60-ab37-b4b3f5ac60d2,prior_expanding_median,prior_history_plus_caffeine,chronological_holdout:last_30pct_per_athlete_min_1,36.5,36.4,100.27472527472528,0.10000000000000142
rest_daily_addc070e41582078,fd0c9e61-cb99-4d60-ab37-b4b3f5ac60d2,prior_expanding_median,prior_history_plus_caffeine,chronological_holdout:last_30pct_per_athlete_min_1,35.8,36.45,98.21673525377228,-0.6500000000000057
rest_daily_91c3ba85eea8d163,2068e7ec-51a8-441a-8053-2be7533e613f,prior_expanding_median,prior_history_plus_caffeine,chronological_holdout:last_30pct_per_athlete_min_1,43.9,44.6,98.4304932735426,-0.7000000000000028
rest_daily_0a396a843fa902b0,2068e7ec-51a8-441a-8053-2be7533e613f,prior_expanding_median,prior_history_plus_caffeine,chronological_holdout:last_30pct_per_athlete_min_1,43.3,44.6,97.08520179372196,-1.3000000000000043
rest_daily_96bd7b99fb596da4,9cee6de4-93b3-46a7-a018-90f60d705ebb,prior_expanding_mean,prior_history_plus_caffeine,chronological_holdout:last_30pct_per_athlete_min_1,48.5,47.34285714285715,99.38524590163937,1.1571428571428513
rest_daily_aa66a200e387eba4,9cee6de4-93b3-46a7-a018-90f60d705ebb,prior_expanding_mean,prior_history_plus_caffeine,chronological_holdout:last_30pct_per_athlete_min_1,45.7,47.4875,93.93627954779036,-1.7874999999999943
rest_daily_9576a5f6cfbca811,8d47422f-2512-44a3-a6d6-8feb726f4759,prior_expanding_mean,prior_history_plus_caffeine,chronological_holdout:last_30pct_per_athlete_min_1,31.8,31.11428571428571,102.2508038585209,0.6857142857142904
rest_daily_2b0ad7da5f00c7fb,8d47422f-2512-44a3-a6d6-8feb726f4759,prior_expanding_mean,prior_history_plus_caffeine,chronological_holdout:last_30pct_per_athlete_min_1,30.5,31.200000000000003,97.6,-0.7000000000000028
rest_daily_c72954ac52f3c08e,ec3fc0a0-ab15-4c0c-b1ad-5243c6e5636f,prior_expanding_mean,prior_history_plus_caffeine,chronological_holdout:last_30pct_per_athlete_min_1,31.9,30.300000000000004,105.62913907284768,1.5999999999999943
rest_daily_50f6f1543ffe74e1,ec3fc0a0-ab15-4c0c-b1ad-5243c6e5636f,prior_expanding_mean,prior_history_plus_caffeine,chronological_holdout:last_30pct_per_athlete_min_1,29.8,30.5,96.75324675324676,-0.6999999999999993
rest_daily_6c805b4dd0c2cf3f,f2b08928-a410-4d1d-9f19-1f8c063a6311,prior_expanding_mean,prior_history_plus_caffeine,chronological_holdout:last_30pct_per_athlete_min_1,31.5,31.53333333333333,100.0,-0.03333333333333144
rest_daily_472237620c8063bf,86fed448-f51d-4005-aef8-bd9413933cbe,prior_expanding_mean,prior_history_plus_caffeine,chronological_holdout:last_30pct_per_athlete_min_1,29.8,30.7875,97.0684039087948,-0.9875000000000007
rest_daily_a309a15592c25132,86fed448-f51d-4005-aef8-bd9413933cbe,prior_expanding_mean,prior_history_plus_caffeine,chronological_holdout:last_30pct_per_athlete_min_1,30.1,30.67777777777778,98.0456026058632,-0.5777777777777793
rest_daily_bea3758949606720,86fed448-f51d-4005-aef8-bd9413933cbe,prior_expanding_mean,prior_history_plus_caffeine,chronological_holdout:last_30pct_per_athlete_min_1,33.6,30.620000000000005,109.62479608482872,2.979999999999997
rest_daily_1c3acd1f7c8cf85f,a2d89dcf-6bd1-445b-bc9c-7ac6b852a9fc,prior_expanding_mean,prior_history_plus_caffeine,chronological_holdout:last_30pct_per_athlete_min_1,26.1,26.228571428571428,100.3846153846154,-0.12857142857142634
rest_daily_a5cab1550d5946e9,a2d89dcf-6bd1-445b-bc9c-7ac6b852a9fc,prior_expanding_mean,prior_history_plus_caffeine,chronological_holdout:last_30pct_per_athlete_min_1,26.1,26.2125,100.1919385796545,-0.11249999999999716
rest_daily_1a821f8053bae41e,6a2ca03c-e61b-4589-a931-58f5e25aacd8,prior_expanding_mean,prior_history_plus_caffeine,chronological_holdout:last_30pct_per_athlete_min_1,35.0,35.4,96.9529085872576,-0.3999999999999986
rest_daily_baad225df3d4f040,957de0b1-7ee9-437c-b47b-dffd09b6653a,prior_expanding_mean,prior_history_plus_caffeine,chronological_holdout:last_30pct_per_athlete_min_1,27.5,26.089999999999996,104.9618320610687,1.4100000000000037
rest_daily_24526a257b340324,957de0b1-7ee9-437c-b47b-dffd09b6653a,prior_expanding_mean,prior_history_plus_caffeine,chronological_holdout:last_30pct_per_athlete_min_1,27.2,26.218181818181815,103.03030303030305,0.9818181818181841
rest_daily_f51837b525fe2758,957de0b1-7ee9-437c-b47b-dffd09b6653a,prior_expanding_mean,prior_history_plus_caffeine,chronological_holdout:last_30pct_per_athlete_min_1,27.5,26.299999999999997,103.38345864661652,1.2000000000000028
rest_daily_6f1321ab0e065ca1,e362b878-9920-4dcf-9ab7-687a194a821c,prior_expanding_mean,prior_history_plus_caffeine,chronological_holdout:last_30pct_per_athlete_min_1,32.6,34.67142857142858,92.35127478753542,-2.0714285714285765
rest_daily_8b1130c2e482bf87,e362b878-9920-4dcf-9ab7-687a194a821c,prior_expanding_mean,prior_history_plus_caffeine,chronological_holdout:last_30pct_per_athlete_min_1,30.7,34.4125,87.33997155049786,-3.712500000000002
rest_daily_aac7a0cea32a78f6,e362b878-9920-4dcf-9ab7-687a194a821c,prior_expanding_mean,prior_history_plus_caffeine,chronological_holdout:last_30pct_per_athlete_min_1,33.5,33.76363636363636,102.13414634146342,-0.26363636363635834
rest_daily_bb1d299fe508ad69,687552ea-5963-45df-8680-c4c6058eab87,prior_expanding_mean,prior_history_plus_caffeine,chronological_holdout:last_30pct_per_athlete_min_1,36.8,40.10000000000001,89.10411622276028,-3.3000000000000114
rest_daily_1b6135ddcedae6ca,687552ea-5963-45df-8680-c4c6058eab87,prior_expanding_mean,prior_history_plus_caffeine,chronological_holdout:last_30pct_per_athlete_min_1,36.4,39.6875,90.77306733167084,-3.2875000000000014
rest_daily_b5aee6d21878a523,687552ea-5963-45df-8680-c4c6058eab87,prior_expanding_mean,prior_history_plus_caffeine,chronological_holdout:last_30pct_per_athlete_min_1,37.5,39.32222222222222,96.40102827763496,-1.8222222222222229
rest_daily_64860edccfee005f,c887cb7e-63cf-4dc2-9fd2-8429137ba44b,prior_expanding_mean,prior_history_plus_caffeine,chronological_holdout:last_30pct_per_athlete_min_1,28.5,28.38571428571429,100.0,0.11428571428571033
rest_daily_b66d89d81131cac9,c887cb7e-63cf-4dc2-9fd2-8429137ba44b,prior_expanding_mean,prior_history_plus_caffeine,chronological_holdout:last_30pct_per_athlete_min_1,26.6,28.4,93.33333333333331,-1.7999999999999972
rest_daily_462b7d0d1d4cce3d,c887cb7e-63cf-4dc2-9fd2-8429137ba44b,prior_expanding_mean,prior_history_plus_caffeine,chronological_holdout:last_30pct_per_athlete_min_1,24.4,28.2,85.6140350877193,-3.8000000000000007
rest_daily_9f0c016dc4398960,e6e4e3b9-5cfa-42c6-a4cd-0f96561de3eb,prior_expanding_mean,prior_history_plus_caffeine,chronological_holdout:last_30pct_per_athlete_min_1,25.9,31.8,80.1857585139319,-5.900000000000002
rest_daily_0454c91c3fc710e8,e6e4e3b9-5cfa-42c6-a4cd-0f96561de3eb,prior_expanding_mean,prior_history_plus_caffeine,chronological_holdout:last_30pct_per_athlete_min_1,30.8,31.062499999999996,97.62282091917592,-0.26249999999999574
rest_daily_3cf67d5887d878f8,efa2dbe6-24c0-4500-8b7b-1d5d14e1d271,prior_expanding_mean,prior_history_plus_caffeine,chronological_holdout:last_30pct_per_athlete_min_1,31.5,33.1625,94.311377245509,-1.6625000000000014
rest_daily_568874402ae121a6,fd0c9e61-cb99-4d60-ab37-b4b3f5ac60d2,prior_expanding_mean,prior_history_plus_caffeine,chronological_holdout:last_30pct_per_athlete_min_1,38.6,36.425,106.18982118294362,2.1750000000000043
rest_daily_e6273f94a99ad120,fd0c9e61-cb99-4d60-ab37-b4b3f5ac60d2,prior_expanding_mean,prior_history_plus_caffeine,chronological_holdout:last_30pct_per_athlete_min_1,36.5,36.666666666666664,100.27472527472528,-0.1666666666666643
rest_daily_addc070e41582078,fd0c9e61-cb99-4d60-ab37-b4b3f5ac60d2,prior_expanding_mean,prior_history_plus_caffeine,chronological_holdout:last_30pct_per_athlete_min_1,35.8,36.65,98.21673525377228,-0.8500000000000014
rest_daily_91c3ba85eea8d163,2068e7ec-51a8-441a-8053-2be7533e613f,prior_expanding_mean,prior_history_plus_caffeine,chronological_holdout:last_30pct_per_athlete_min_1,43.9,44.31999999999999,98.4304932735426,-0.4199999999999946
rest_daily_0a396a843fa902b0,2068e7ec-51a8-441a-8053-2be7533e613f,prior_expanding_mean,prior_history_plus_caffeine,chronological_holdout:last_30pct_per_athlete_min_1,43.3,44.281818181818174,97.08520179372196,-0.981818181818177
rest_daily_a4f0947d555bcfe1,9cee6de4-93b3-46a7-a018-90f60d705ebb,prior_expanding_median,prior_history_plus_wellness,leave_one_athlete_out:9cee6de4-93b3-46a7-a018-90f60d705ebb,48.8,48.5,100.61855670103093,0.29999999999999716
rest_daily_b0a59a0abf0c6f21,9cee6de4-93b3-46a7-a018-90f60d705ebb,prior_expanding_median,prior_history_plus_wellness,leave_one_athlete_out:9cee6de4-93b3-46a7-a018-90f60d705ebb,49.3,48.65,101.33607399794452,0.6499999999999986
rest_daily_ad64c57187148a23,9cee6de4-93b3-46a7-a018-90f60d705ebb,prior_expanding_median,prior_history_plus_wellness,leave_one_athlete_out:9cee6de4-93b3-46a7-a018-90f60d705ebb,50.0,48.8,102.45901639344262,1.2000000000000028
rest_daily_bdb6766b9448f55b,9cee6de4-93b3-46a7-a018-90f60d705ebb,prior_expanding_median,prior_history_plus_wellness,leave_one_athlete_out:9cee6de4-93b3-46a7-a018-90f60d705ebb,37.5,49.05,76.45259938837921,-11.549999999999997
rest_daily_96bd7b99fb596da4,9cee6de4-93b3-46a7-a018-90f60d705ebb,prior_expanding_median,prior_history_plus_wellness,leave_one_athlete_out:9cee6de4-93b3-46a7-a018-90f60d705ebb,48.5,48.8,99.38524590163937,-0.29999999999999716
rest_daily_aa66a200e387eba4,9cee6de4-93b3-46a7-a018-90f60d705ebb,prior_expanding_median,prior_history_plus_wellness,leave_one_athlete_out:9cee6de4-93b3-46a7-a018-90f60d705ebb,45.7,48.65,93.93627954779036,-2.9499999999999957
rest_daily_a4f0947d555bcfe1,9cee6de4-93b3-46a7-a018-90f60d705ebb,prior_expanding_mean,prior_history_plus_wellness,leave_one_athlete_out:9cee6de4-93b3-46a7-a018-90f60d705ebb,48.8,48.6,100.61855670103093,0.19999999999999574
rest_daily_b0a59a0abf0c6f21,9cee6de4-93b3-46a7-a018-90f60d705ebb,prior_expanding_mean,prior_history_plus_wellness,leave_one_athlete_out:9cee6de4-93b3-46a7-a018-90f60d705ebb,49.3,48.650000000000006,101.33607399794452,0.6499999999999915
rest_daily_ad64c57187148a23,9cee6de4-93b3-46a7-a018-90f60d705ebb,prior_expanding_mean,prior_history_plus_wellness,leave_one_athlete_out:9cee6de4-93b3-46a7-a018-90f60d705ebb,50.0,48.78000000000001,102.45901639344262,1.2199999999999918
rest_daily_bdb6766b9448f55b,9cee6de4-93b3-46a7-a018-90f60d705ebb,prior_expanding_mean,prior_history_plus_wellness,leave_one_athlete_out:9cee6de4-93b3-46a7-a018-90f60d705ebb,37.5,48.98333333333334,76.45259938837921,-11.483333333333341
rest_daily_96bd7b99fb596da4,9cee6de4-93b3-46a7-a018-90f60d705ebb,prior_expanding_mean,prior_history_plus_wellness,leave_one_athlete_out:9cee6de4-93b3-46a7-a018-90f60d705ebb,48.5,47.34285714285715,99.38524590163937,1.1571428571428513
rest_daily_aa66a200e387eba4,9cee6de4-93b3-46a7-a018-90f60d705ebb,prior_expanding_mean,prior_history_plus_wellness,leave_one_athlete_out:9cee6de4-93b3-46a7-a018-90f60d705ebb,45.7,47.4875,93.93627954779036,-1.7874999999999943
rest_daily_b711ef41b7e72a58,8d47422f-2512-44a3-a6d6-8feb726f4759,prior_expanding_median,prior_history_plus_wellness,leave_one_athlete_out:8d47422f-2512-44a3-a6d6-8feb726f4759,32.2,31.4,102.54777070063696,0.8000000000000043
rest_daily_0056b953332cf48c,8d47422f-2512-44a3-a6d6-8feb726f4759,prior_expanding_median,prior_history_plus_wellness,leave_one_athlete_out:8d47422f-2512-44a3-a6d6-8feb726f4759,31.1,31.2,99.67948717948718,-0.09999999999999787
rest_daily_9576a5f6cfbca811,8d47422f-2512-44a3-a6d6-8feb726f4759,prior_expanding_median,prior_history_plus_wellness,leave_one_athlete_out:8d47422f-2512-44a3-a6d6-8feb726f4759,31.8,31.1,102.2508038585209,0.6999999999999993
rest_daily_2b0ad7da5f00c7fb,8d47422f-2512-44a3-a6d6-8feb726f4759,prior_expanding_median,prior_history_plus_wellness,leave_one_athlete_out:8d47422f-2512-44a3-a6d6-8feb726f4759,30.5,31.25,97.6,-0.75
rest_daily_b711ef41b7e72a58,8d47422f-2512-44a3-a6d6-8feb726f4759,prior_expanding_mean,prior_history_plus_wellness,leave_one_athlete_out:8d47422f-2512-44a3-a6d6-8feb726f4759,32.2,31.366666666666664,102.54777070063696,0.8333333333333393
rest_daily_0056b953332cf48c,8d47422f-2512-44a3-a6d6-8feb726f4759,prior_expanding_mean,prior_history_plus_wellness,leave_one_athlete_out:8d47422f-2512-44a3-a6d6-8feb726f4759,31.1,31.116666666666664,99.67948717948718,-0.016666666666662167
rest_daily_9576a5f6cfbca811,8d47422f-2512-44a3-a6d6-8feb726f4759,prior_expanding_mean,prior_history_plus_wellness,leave_one_athlete_out:8d47422f-2512-44a3-a6d6-8feb726f4759,31.8,31.11428571428571,102.2508038585209,0.6857142857142904
rest_daily_2b0ad7da5f00c7fb,8d47422f-2512-44a3-a6d6-8feb726f4759,prior_expanding_mean,prior_history_plus_wellness,leave_one_athlete_out:8d47422f-2512-44a3-a6d6-8feb726f4759,30.5,31.200000000000003,97.6,-0.7000000000000028
rest_daily_cdf2c1790b6b6b77,ec3fc0a0-ab15-4c0c-b1ad-5243c6e5636f,prior_expanding_median,prior_history_plus_wellness,leave_one_athlete_out:ec3fc0a0-ab15-4c0c-b1ad-5243c6e5636f,30.1,29.2,103.08219178082192,0.9000000000000021
rest_daily_cd58435642eb8af3,ec3fc0a0-ab15-4c0c-b1ad-5243c6e5636f,prior_expanding_median,prior_history_plus_wellness,leave_one_athlete_out:ec3fc0a0-ab15-4c0c-b1ad-5243c6e5636f,31.4,29.65,105.90219224283304,1.75
rest_daily_f086eef85301ad30,ec3fc0a0-ab15-4c0c-b1ad-5243c6e5636f,prior_expanding_median,prior_history_plus_wellness,leave_one_athlete_out:ec3fc0a0-ab15-4c0c-b1ad-5243c6e5636f,32.9,30.1,109.30232558139534,2.799999999999997
rest_daily_c1dfb58557a561b2,ec3fc0a0-ab15-4c0c-b1ad-5243c6e5636f,prior_expanding_median,prior_history_plus_wellness,leave_one_athlete_out:ec3fc0a0-ab15-4c0c-b1ad-5243c6e5636f,31.8,30.15,105.4726368159204,1.6500000000000021
rest_daily_c72954ac52f3c08e,ec3fc0a0-ab15-4c0c-b1ad-5243c6e5636f,prior_expanding_median,prior_history_plus_wellness,leave_one_athlete_out:ec3fc0a0-ab15-4c0c-b1ad-5243c6e5636f,31.9,30.2,105.62913907284768,1.6999999999999993
rest_daily_50f6f1543ffe74e1,ec3fc0a0-ab15-4c0c-b1ad-5243c6e5636f,prior_expanding_median,prior_history_plus_wellness,leave_one_athlete_out:ec3fc0a0-ab15-4c0c-b1ad-5243c6e5636f,29.8,30.799999999999997,96.75324675324676,-0.9999999999999964
rest_daily_cdf2c1790b6b6b77,ec3fc0a0-ab15-4c0c-b1ad-5243c6e5636f,prior_expanding_mean,prior_history_plus_wellness,leave_one_athlete_out:ec3fc0a0-ab15-4c0c-b1ad-5243c6e5636f,30.1,28.633333333333336,103.08219178082192,1.466666666666665
rest_daily_cd58435642eb8af3,ec3fc0a0-ab15-4c0c-b1ad-5243c6e5636f,prior_expanding_mean,prior_history_plus_wellness,leave_one_athlete_out:ec3fc0a0-ab15-4c0c-b1ad-5243c6e5636f,31.4,29.0,105.90219224283304,2.3999999999999986
rest_daily_f086eef85301ad30,ec3fc0a0-ab15-4c0c-b1ad-5243c6e5636f,prior_expanding_mean,prior_history_plus_wellness,leave_one_athlete_out:ec3fc0a0-ab15-4c0c-b1ad-5243c6e5636f,32.9,29.48,109.30232558139534,3.419999999999998
rest_daily_c1dfb58557a561b2,ec3fc0a0-ab15-4c0c-b1ad-5243c6e5636f,prior_expanding_mean,prior_history_plus_wellness,leave_one_athlete_out:ec3fc0a0-ab15-4c0c-b1ad-5243c6e5636f,31.8,30.05,105.4726368159204,1.75
rest_daily_c72954ac52f3c08e,ec3fc0a0-ab15-4c0c-b1ad-5243c6e5636f,prior_expanding_mean,prior_history_plus_wellness,leave_one_athlete_out:ec3fc0a0-ab15-4c0c-b1ad-5243c6e5636f,31.9,30.300000000000004,105.62913907284768,1.5999999999999943
rest_daily_50f6f1543ffe74e1,ec3fc0a0-ab15-4c0c-b1ad-5243c6e5636f,prior_expanding_mean,prior_history_plus_wellness,leave_one_athlete_out:ec3fc0a0-ab15-4c0c-b1ad-5243c6e5636f,29.8,30.5,96.75324675324676,-0.6999999999999993
rest_daily_6c805b4dd0c2cf3f,f2b08928-a410-4d1d-9f19-1f8c063a6311,prior_expanding_median,prior_history_plus_wellness,leave_one_athlete_out:f2b08928-a410-4d1d-9f19-1f8c063a6311,31.5,31.5,100.0,0.0
rest_daily_6c805b4dd0c2cf3f,f2b08928-a410-4d1d-9f19-1f8c063a6311,prior_expanding_mean,prior_history_plus_wellness,leave_one_athlete_out:f2b08928-a410-4d1d-9f19-1f8c063a6311,31.5,31.53333333333333,100.0,-0.03333333333333144
rest_daily_f4e5f2267c6c0457,86fed448-f51d-4005-aef8-bd9413933cbe,prior_expanding_median,prior_history_plus_wellness,leave_one_athlete_out:86fed448-f51d-4005-aef8-bd9413933cbe,29.2,30.6,95.4248366013072,-1.4000000000000021
rest_daily_1b54b101c18e95b5,86fed448-f51d-4005-aef8-bd9413933cbe,prior_expanding_median,prior_history_plus_wellness,leave_one_athlete_out:86fed448-f51d-4005-aef8-bd9413933cbe,30.7,30.200000000000003,101.65562913907284,0.49999999999999645
rest_daily_7f7a9baf479d195c,86fed448-f51d-4005-aef8-bd9413933cbe,prior_expanding_median,prior_history_plus_wellness,leave_one_athlete_out:86fed448-f51d-4005-aef8-bd9413933cbe,32.4,30.6,105.88235294117646,1.7999999999999972
rest_daily_f98b6f0e56bf0285,86fed448-f51d-4005-aef8-bd9413933cbe,prior_expanding_median,prior_history_plus_wellness,leave_one_athlete_out:86fed448-f51d-4005-aef8-bd9413933cbe,30.7,30.65,100.163132137031,0.05000000000000071
rest_daily_5091bf99d5924eac,86fed448-f51d-4005-aef8-bd9413933cbe,prior_expanding_median,prior_history_plus_wellness,leave_one_athlete_out:86fed448-f51d-4005-aef8-bd9413933cbe,31.8,30.7,103.5830618892508,1.1000000000000014
rest_daily_472237620c8063bf,86fed448-f51d-4005-aef8-bd9413933cbe,prior_expanding_median,prior_history_plus_wellness,leave_one_athlete_out:86fed448-f51d-4005-aef8-bd9413933cbe,29.8,30.7,97.0684039087948,-0.8999999999999986
rest_daily_a309a15592c25132,86fed448-f51d-4005-aef8-bd9413933cbe,prior_expanding_median,prior_history_plus_wellness,leave_one_athlete_out:86fed448-f51d-4005-aef8-bd9413933cbe,30.1,30.7,98.0456026058632,-0.5999999999999979
rest_daily_bea3758949606720,86fed448-f51d-4005-aef8-bd9413933cbe,prior_expanding_median,prior_history_plus_wellness,leave_one_athlete_out:86fed448-f51d-4005-aef8-bd9413933cbe,33.6,30.65,109.62479608482872,2.950000000000003
rest_daily_f4e5f2267c6c0457,86fed448-f51d-4005-aef8-bd9413933cbe,prior_expanding_mean,prior_history_plus_wellness,leave_one_athlete_out:86fed448-f51d-4005-aef8-bd9413933cbe,29.2,30.5,95.4248366013072,-1.3000000000000007
rest_daily_1b54b101c18e95b5,86fed448-f51d-4005-aef8-bd9413933cbe,prior_expanding_mean,prior_history_plus_wellness,leave_one_athlete_out:86fed448-f51d-4005-aef8-bd9413933cbe,30.7,30.175,101.65562913907284,0.5249999999999986
rest_daily_7f7a9baf479d195c,86fed448-f51d-4005-aef8-bd9413933cbe,prior_expanding_mean,prior_history_plus_wellness,leave_one_athlete_out:86fed448-f51d-4005-aef8-bd9413933cbe,32.4,30.28,105.88235294117646,2.1199999999999974
rest_daily_f98b6f0e56bf0285,86fed448-f51d-4005-aef8-bd9413933cbe,prior_expanding_mean,prior_history_plus_wellness,leave_one_athlete_out:86fed448-f51d-4005-aef8-bd9413933cbe,30.7,30.633333333333336,100.163132137031,0.06666666666666288
rest_daily_5091bf99d5924eac,86fed448-f51d-4005-aef8-bd9413933cbe,prior_expanding_mean,prior_history_plus_wellness,leave_one_athlete_out:86fed448-f51d-4005-aef8-bd9413933cbe,31.8,30.642857142857142,103.5830618892508,1.1571428571428584
rest_daily_472237620c8063bf,86fed448-f51d-4005-aef8-bd9413933cbe,prior_expanding_mean,prior_history_plus_wellness,leave_one_athlete_out:86fed448-f51d-4005-aef8-bd9413933cbe,29.8,30.7875,97.0684039087948,-0.9875000000000007
rest_daily_a309a15592c25132,86fed448-f51d-4005-aef8-bd9413933cbe,prior_expanding_mean,prior_history_plus_wellness,leave_one_athlete_out:86fed448-f51d-4005-aef8-bd9413933cbe,30.1,30.67777777777778,98.0456026058632,-0.5777777777777793
rest_daily_bea3758949606720,86fed448-f51d-4005-aef8-bd9413933cbe,prior_expanding_mean,prior_history_plus_wellness,leave_one_athlete_out:86fed448-f51d-4005-aef8-bd9413933cbe,33.6,30.620000000000005,109.62479608482872,2.979999999999997
rest_daily_82442f8e52aa8256,a2d89dcf-6bd1-445b-bc9c-7ac6b852a9fc,prior_expanding_median,prior_history_plus_wellness,leave_one_athlete_out:a2d89dcf-6bd1-445b-bc9c-7ac6b852a9fc,25.2,26.6,94.73684210526316,-1.4000000000000021
rest_daily_baa5ee6cfc8f59b5,a2d89dcf-6bd1-445b-bc9c-7ac6b852a9fc,prior_expanding_median,prior_history_plus_wellness,leave_one_athlete_out:a2d89dcf-6bd1-445b-bc9c-7ac6b852a9fc,26.0,25.9,100.3861003861004,0.10000000000000142
rest_daily_9afc4bb4cc991ef9,a2d89dcf-6bd1-445b-bc9c-7ac6b852a9fc,prior_expanding_median,prior_history_plus_wellness,leave_one_athlete_out:a2d89dcf-6bd1-445b-bc9c-7ac6b852a9fc,25.9,26.0,99.6153846153846,-0.10000000000000142
rest_daily_7f8eb3142fb05b5e,a2d89dcf-6bd1-445b-bc9c-7ac6b852a9fc,prior_expanding_median,prior_history_plus_wellness,leave_one_athlete_out:a2d89dcf-6bd1-445b-bc9c-7ac6b852a9fc,27.3,25.95,105.20231213872832,1.3500000000000014
rest_daily_1c3acd1f7c8cf85f,a2d89dcf-6bd1-445b-bc9c-7ac6b852a9fc,prior_expanding_median,prior_history_plus_wellness,leave_one_athlete_out:a2d89dcf-6bd1-445b-bc9c-7ac6b852a9fc,26.1,26.0,100.3846153846154,0.10000000000000142
rest_daily_a5cab1550d5946e9,a2d89dcf-6bd1-445b-bc9c-7ac6b852a9fc,prior_expanding_median,prior_history_plus_wellness,leave_one_athlete_out:a2d89dcf-6bd1-445b-bc9c-7ac6b852a9fc,26.1,26.05,100.1919385796545,0.05000000000000071
rest_daily_82442f8e52aa8256,a2d89dcf-6bd1-445b-bc9c-7ac6b852a9fc,prior_expanding_mean,prior_history_plus_wellness,leave_one_athlete_out:a2d89dcf-6bd1-445b-bc9c-7ac6b852a9fc,25.2,26.399999999999995,94.73684210526316,-1.1999999999999957
rest_daily_baa5ee6cfc8f59b5,a2d89dcf-6bd1-445b-bc9c-7ac6b852a9fc,prior_expanding_mean,prior_history_plus_wellness,leave_one_athlete_out:a2d89dcf-6bd1-445b-bc9c-7ac6b852a9fc,26.0,26.1,100.3861003861004,-0.10000000000000142
rest_daily_9afc4bb4cc991ef9,a2d89dcf-6bd1-445b-bc9c-7ac6b852a9fc,prior_expanding_mean,prior_history_plus_wellness,leave_one_athlete_out:a2d89dcf-6bd1-445b-bc9c-7ac6b852a9fc,25.9,26.079999999999995,99.6153846153846,-0.17999999999999616
rest_daily_7f8eb3142fb05b5e,a2d89dcf-6bd1-445b-bc9c-7ac6b852a9fc,prior_expanding_mean,prior_history_plus_wellness,leave_one_athlete_out:a2d89dcf-6bd1-445b-bc9c-7ac6b852a9fc,27.3,26.049999999999997,105.20231213872832,1.2500000000000036
rest_daily_1c3acd1f7c8cf85f,a2d89dcf-6bd1-445b-bc9c-7ac6b852a9fc,prior_expanding_mean,prior_history_plus_wellness,leave_one_athlete_out:a2d89dcf-6bd1-445b-bc9c-7ac6b852a9fc,26.1,26.228571428571428,100.3846153846154,-0.12857142857142634
rest_daily_a5cab1550d5946e9,a2d89dcf-6bd1-445b-bc9c-7ac6b852a9fc,prior_expanding_mean,prior_history_plus_wellness,leave_one_athlete_out:a2d89dcf-6bd1-445b-bc9c-7ac6b852a9fc,26.1,26.2125,100.1919385796545,-0.11249999999999716
rest_daily_1a821f8053bae41e,6a2ca03c-e61b-4589-a931-58f5e25aacd8,prior_expanding_median,prior_history_plus_wellness,leave_one_athlete_out:6a2ca03c-e61b-4589-a931-58f5e25aacd8,35.0,36.1,96.9529085872576,-1.1000000000000014
rest_daily_1a821f8053bae41e,6a2ca03c-e61b-4589-a931-58f5e25aacd8,prior_expanding_mean,prior_history_plus_wellness,leave_one_athlete_out:6a2ca03c-e61b-4589-a931-58f5e25aacd8,35.0,35.4,96.9529085872576,-0.3999999999999986
rest_daily_1fdf1d5bbe31da02,957de0b1-7ee9-437c-b47b-dffd09b6653a,prior_expanding_median,prior_history_plus_wellness,leave_one_athlete_out:957de0b1-7ee9-437c-b47b-dffd09b6653a,26.4,26.8,98.50746268656717,-0.40000000000000213
rest_daily_ce8b5b7b591dd0fd,957de0b1-7ee9-437c-b47b-dffd09b6653a,prior_expanding_median,prior_history_plus_wellness,leave_one_athlete_out:957de0b1-7ee9-437c-b47b-dffd09b6653a,24.2,26.8,90.29850746268656,-2.6000000000000014
rest_daily_5725581e019f5fa6,957de0b1-7ee9-437c-b47b-dffd09b6653a,prior_expanding_median,prior_history_plus_wellness,leave_one_athlete_out:957de0b1-7ee9-437c-b47b-dffd09b6653a,25.2,26.8,94.02985074626864,-1.6000000000000014
rest_daily_9fdde10651bde0b4,957de0b1-7ee9-437c-b47b-dffd09b6653a,prior_expanding_median,prior_history_plus_wellness,leave_one_athlete_out:957de0b1-7ee9-437c-b47b-dffd09b6653a,25.9,26.8,96.64179104477611,-0.9000000000000021
rest_daily_4cc527b910742f5f,957de0b1-7ee9-437c-b47b-dffd09b6653a,prior_expanding_median,prior_history_plus_wellness,leave_one_athlete_out:957de0b1-7ee9-437c-b47b-dffd09b6653a,24.4,26.6,91.72932330827066,-2.200000000000003
rest_daily_a682083333fcffda,957de0b1-7ee9-437c-b47b-dffd09b6653a,prior_expanding_median,prior_history_plus_wellness,leave_one_athlete_out:957de0b1-7ee9-437c-b47b-dffd09b6653a,26.0,26.4,98.48484848484848,-0.3999999999999986
rest_daily_baad225df3d4f040,957de0b1-7ee9-437c-b47b-dffd09b6653a,prior_expanding_median,prior_history_plus_wellness,leave_one_athlete_out:957de0b1-7ee9-437c-b47b-dffd09b6653a,27.5,26.2,104.9618320610687,1.3000000000000007
rest_daily_24526a257b340324,957de0b1-7ee9-437c-b47b-dffd09b6653a,prior_expanding_median,prior_history_plus_wellness,leave_one_athlete_out:957de0b1-7ee9-437c-b47b-dffd09b6653a,27.2,26.4,103.03030303030305,0.8000000000000007
rest_daily_f51837b525fe2758,957de0b1-7ee9-437c-b47b-dffd09b6653a,prior_expanding_median,prior_history_plus_wellness,leave_one_athlete_out:957de0b1-7ee9-437c-b47b-dffd09b6653a,27.5,26.6,103.38345864661652,0.8999999999999986
rest_daily_1fdf1d5bbe31da02,957de0b1-7ee9-437c-b47b-dffd09b6653a,prior_expanding_mean,prior_history_plus_wellness,leave_one_athlete_out:957de0b1-7ee9-437c-b47b-dffd09b6653a,26.4,27.2,98.50746268656717,-0.8000000000000007
rest_daily_ce8b5b7b591dd0fd,957de0b1-7ee9-437c-b47b-dffd09b6653a,prior_expanding_mean,prior_history_plus_wellness,leave_one_athlete_out:957de0b1-7ee9-437c-b47b-dffd09b6653a,24.2,27.04,90.29850746268656,-2.84
rest_daily_5725581e019f5fa6,957de0b1-7ee9-437c-b47b-dffd09b6653a,prior_expanding_mean,prior_history_plus_wellness,leave_one_athlete_out:957de0b1-7ee9-437c-b47b-dffd09b6653a,25.2,26.566666666666663,94.02985074626864,-1.3666666666666636
rest_daily_9fdde10651bde0b4,957de0b1-7ee9-437c-b47b-dffd09b6653a,prior_expanding_mean,prior_history_plus_wellness,leave_one_athlete_out:957de0b1-7ee9-437c-b47b-dffd09b6653a,25.9,26.371428571428567,96.64179104477611,-0.471428571428568
rest_daily_4cc527b910742f5f,957de0b1-7ee9-437c-b47b-dffd09b6653a,prior_expanding_mean,prior_history_plus_wellness,leave_one_athlete_out:957de0b1-7ee9-437c-b47b-dffd09b6653a,24.4,26.3125,91.72932330827066,-1.9125000000000014
rest_daily_a682083333fcffda,957de0b1-7ee9-437c-b47b-dffd09b6653a,prior_expanding_mean,prior_history_plus_wellness,leave_one_athlete_out:957de0b1-7ee9-437c-b47b-dffd09b6653a,26.0,26.1,98.48484848484848,-0.10000000000000142
rest_daily_baad225df3d4f040,957de0b1-7ee9-437c-b47b-dffd09b6653a,prior_expanding_mean,prior_history_plus_wellness,leave_one_athlete_out:957de0b1-7ee9-437c-b47b-dffd09b6653a,27.5,26.089999999999996,104.9618320610687,1.4100000000000037
rest_daily_24526a257b340324,957de0b1-7ee9-437c-b47b-dffd09b6653a,prior_expanding_mean,prior_history_plus_wellness,leave_one_athlete_out:957de0b1-7ee9-437c-b47b-dffd09b6653a,27.2,26.218181818181815,103.03030303030305,0.9818181818181841
rest_daily_f51837b525fe2758,957de0b1-7ee9-437c-b47b-dffd09b6653a,prior_expanding_mean,prior_history_plus_wellness,leave_one_athlete_out:957de0b1-7ee9-437c-b47b-dffd09b6653a,27.5,26.299999999999997,103.38345864661652,1.2000000000000028
rest_daily_44c060af4bc142ed,e362b878-9920-4dcf-9ab7-687a194a821c,prior_expanding_median,prior_history_plus_wellness,leave_one_athlete_out:e362b878-9920-4dcf-9ab7-687a194a821c,35.0,35.8,97.76536312849164,-0.7999999999999972
rest_daily_e1f7ae429e1b28de,e362b878-9920-4dcf-9ab7-687a194a821c,prior_expanding_median,prior_history_plus_wellness,leave_one_athlete_out:e362b878-9920-4dcf-9ab7-687a194a821c,32.8,35.7,91.8767507002801,-2.9000000000000057
rest_daily_23de18e0c8746cd7,e362b878-9920-4dcf-9ab7-687a194a821c,prior_expanding_median,prior_history_plus_wellness,leave_one_athlete_out:e362b878-9920-4dcf-9ab7-687a194a821c,35.3,35.6,99.1573033707865,-0.30000000000000426
rest_daily_19d7ba07a6d15f62,e362b878-9920-4dcf-9ab7-687a194a821c,prior_expanding_median,prior_history_plus_wellness,leave_one_athlete_out:e362b878-9920-4dcf-9ab7-687a194a821c,32.0,35.45,90.26798307475316,-3.450000000000003
rest_daily_6f1321ab0e065ca1,e362b878-9920-4dcf-9ab7-687a194a821c,prior_expanding_median,prior_history_plus_wellness,leave_one_athlete_out:e362b878-9920-4dcf-9ab7-687a194a821c,32.6,35.3,92.35127478753542,-2.6999999999999957
rest_daily_8b1130c2e482bf87,e362b878-9920-4dcf-9ab7-687a194a821c,prior_expanding_median,prior_history_plus_wellness,leave_one_athlete_out:e362b878-9920-4dcf-9ab7-687a194a821c,30.7,35.15,87.33997155049786,-4.449999999999999
rest_daily_aac7a0cea32a78f6,e362b878-9920-4dcf-9ab7-687a194a821c,prior_expanding_median,prior_history_plus_wellness,leave_one_athlete_out:e362b878-9920-4dcf-9ab7-687a194a821c,33.5,32.8,102.13414634146342,0.7000000000000028
rest_daily_44c060af4bc142ed,e362b878-9920-4dcf-9ab7-687a194a821c,prior_expanding_mean,prior_history_plus_wellness,leave_one_athlete_out:e362b878-9920-4dcf-9ab7-687a194a821c,35.0,35.86666666666667,97.76536312849164,-0.8666666666666671
rest_daily_e1f7ae429e1b28de,e362b878-9920-4dcf-9ab7-687a194a821c,prior_expanding_mean,prior_history_plus_wellness,leave_one_athlete_out:e362b878-9920-4dcf-9ab7-687a194a821c,32.8,35.650000000000006,91.8767507002801,-2.8500000000000085
rest_daily_23de18e0c8746cd7,e362b878-9920-4dcf-9ab7-687a194a821c,prior_expanding_mean,prior_history_plus_wellness,leave_one_athlete_out:e362b878-9920-4dcf-9ab7-687a194a821c,35.3,35.080000000000005,99.1573033707865,0.21999999999999176
rest_daily_19d7ba07a6d15f62,e362b878-9920-4dcf-9ab7-687a194a821c,prior_expanding_mean,prior_history_plus_wellness,leave_one_athlete_out:e362b878-9920-4dcf-9ab7-687a194a821c,32.0,35.116666666666674,90.26798307475316,-3.1166666666666742
rest_daily_6f1321ab0e065ca1,e362b878-9920-4dcf-9ab7-687a194a821c,prior_expanding_mean,prior_history_plus_wellness,leave_one_athlete_out:e362b878-9920-4dcf-9ab7-687a194a821c,32.6,34.67142857142858,92.35127478753542,-2.0714285714285765
rest_daily_8b1130c2e482bf87,e362b878-9920-4dcf-9ab7-687a194a821c,prior_expanding_mean,prior_history_plus_wellness,leave_one_athlete_out:e362b878-9920-4dcf-9ab7-687a194a821c,30.7,34.4125,87.33997155049786,-3.712500000000002
rest_daily_aac7a0cea32a78f6,e362b878-9920-4dcf-9ab7-687a194a821c,prior_expanding_mean,prior_history_plus_wellness,leave_one_athlete_out:e362b878-9920-4dcf-9ab7-687a194a821c,33.5,33.76363636363636,102.13414634146342,-0.26363636363635834
rest_daily_6f910bb9a01cd557,687552ea-5963-45df-8680-c4c6058eab87,prior_expanding_median,prior_history_plus_wellness,leave_one_athlete_out:687552ea-5963-45df-8680-c4c6058eab87,35.7,38.9,91.7737789203085,-3.1999999999999957
rest_daily_21d41c9eaff91990,687552ea-5963-45df-8680-c4c6058eab87,prior_expanding_median,prior_history_plus_wellness,leave_one_athlete_out:687552ea-5963-45df-8680-c4c6058eab87,43.9,37.5,117.06666666666666,6.399999999999999
rest_daily_12a68c9036898205,687552ea-5963-45df-8680-c4c6058eab87,prior_expanding_median,prior_history_plus_wellness,leave_one_athlete_out:687552ea-5963-45df-8680-c4c6058eab87,42.7,38.9,109.76863753213368,3.8000000000000043
rest_daily_e3c98654c7975c33,687552ea-5963-45df-8680-c4c6058eab87,prior_expanding_median,prior_history_plus_wellness,leave_one_athlete_out:687552ea-5963-45df-8680-c4c6058eab87,41.3,40.5,101.9753086419753,0.7999999999999972
rest_daily_bb1d299fe508ad69,687552ea-5963-45df-8680-c4c6058eab87,prior_expanding_median,prior_history_plus_wellness,leave_one_athlete_out:687552ea-5963-45df-8680-c4c6058eab87,36.8,41.3,89.10411622276028,-4.5
rest_daily_1b6135ddcedae6ca,687552ea-5963-45df-8680-c4c6058eab87,prior_expanding_median,prior_history_plus_wellness,leave_one_athlete_out:687552ea-5963-45df-8680-c4c6058eab87,36.4,40.099999999999994,90.77306733167084,-3.6999999999999957
rest_daily_b5aee6d21878a523,687552ea-5963-45df-8680-c4c6058eab87,prior_expanding_median,prior_history_plus_wellness,leave_one_athlete_out:687552ea-5963-45df-8680-c4c6058eab87,37.5,38.9,96.40102827763496,-1.3999999999999986
rest_daily_6f910bb9a01cd557,687552ea-5963-45df-8680-c4c6058eab87,prior_expanding_mean,prior_history_plus_wellness,leave_one_athlete_out:687552ea-5963-45df-8680-c4c6058eab87,35.7,39.03333333333333,91.7737789203085,-3.3333333333333286
rest_daily_21d41c9eaff91990,687552ea-5963-45df-8680-c4c6058eab87,prior_expanding_mean,prior_history_plus_wellness,leave_one_athlete_out:687552ea-5963-45df-8680-c4c6058eab87,43.9,38.2,117.06666666666666,5.699999999999996
rest_daily_12a68c9036898205,687552ea-5963-45df-8680-c4c6058eab87,prior_expanding_mean,prior_history_plus_wellness,leave_one_athlete_out:687552ea-5963-45df-8680-c4c6058eab87,42.7,39.34,109.76863753213368,3.3599999999999994
rest_daily_e3c98654c7975c33,687552ea-5963-45df-8680-c4c6058eab87,prior_expanding_mean,prior_history_plus_wellness,leave_one_athlete_out:687552ea-5963-45df-8680-c4c6058eab87,41.3,39.900000000000006,101.9753086419753,1.3999999999999915
rest_daily_bb1d299fe508ad69,687552ea-5963-45df-8680-c4c6058eab87,prior_expanding_mean,prior_history_plus_wellness,leave_one_athlete_out:687552ea-5963-45df-8680-c4c6058eab87,36.8,40.10000000000001,89.10411622276028,-3.3000000000000114
rest_daily_1b6135ddcedae6ca,687552ea-5963-45df-8680-c4c6058eab87,prior_expanding_mean,prior_history_plus_wellness,leave_one_athlete_out:687552ea-5963-45df-8680-c4c6058eab87,36.4,39.6875,90.77306733167084,-3.2875000000000014
rest_daily_b5aee6d21878a523,687552ea-5963-45df-8680-c4c6058eab87,prior_expanding_mean,prior_history_plus_wellness,leave_one_athlete_out:687552ea-5963-45df-8680-c4c6058eab87,37.5,39.32222222222222,96.40102827763496,-1.8222222222222229
rest_daily_a157f3bb920fa92f,c887cb7e-63cf-4dc2-9fd2-8429137ba44b,prior_expanding_median,prior_history_plus_wellness,leave_one_athlete_out:c887cb7e-63cf-4dc2-9fd2-8429137ba44b,30.7,26.4,116.2878787878788,4.300000000000001
rest_daily_b8e40341f54d9616,c887cb7e-63cf-4dc2-9fd2-8429137ba44b,prior_expanding_median,prior_history_plus_wellness,leave_one_athlete_out:c887cb7e-63cf-4dc2-9fd2-8429137ba44b,28.1,27.5,102.1818181818182,0.6000000000000014
rest_daily_1759366c50384ac7,c887cb7e-63cf-4dc2-9fd2-8429137ba44b,prior_expanding_median,prior_history_plus_wellness,leave_one_athlete_out:c887cb7e-63cf-4dc2-9fd2-8429137ba44b,30.0,28.1,106.76156583629891,1.8999999999999986
rest_daily_0663b3b3ac8bbc8c,c887cb7e-63cf-4dc2-9fd2-8429137ba44b,prior_expanding_median,prior_history_plus_wellness,leave_one_athlete_out:c887cb7e-63cf-4dc2-9fd2-8429137ba44b,28.5,28.35,100.52910052910052,0.14999999999999858
rest_daily_64860edccfee005f,c887cb7e-63cf-4dc2-9fd2-8429137ba44b,prior_expanding_median,prior_history_plus_wellness,leave_one_athlete_out:c887cb7e-63cf-4dc2-9fd2-8429137ba44b,28.5,28.5,100.0,0.0
rest_daily_b66d89d81131cac9,c887cb7e-63cf-4dc2-9fd2-8429137ba44b,prior_expanding_median,prior_history_plus_wellness,leave_one_athlete_out:c887cb7e-63cf-4dc2-9fd2-8429137ba44b,26.6,28.5,93.33333333333331,-1.8999999999999986
rest_daily_462b7d0d1d4cce3d,c887cb7e-63cf-4dc2-9fd2-8429137ba44b,prior_expanding_median,prior_history_plus_wellness,leave_one_athlete_out:c887cb7e-63cf-4dc2-9fd2-8429137ba44b,24.4,28.5,85.6140350877193,-4.100000000000001
rest_daily_a157f3bb920fa92f,c887cb7e-63cf-4dc2-9fd2-8429137ba44b,prior_expanding_mean,prior_history_plus_wellness,leave_one_athlete_out:c887cb7e-63cf-4dc2-9fd2-8429137ba44b,30.7,27.133333333333336,116.2878787878788,3.566666666666663
rest_daily_b8e40341f54d9616,c887cb7e-63cf-4dc2-9fd2-8429137ba44b,prior_expanding_mean,prior_history_plus_wellness,leave_one_athlete_out:c887cb7e-63cf-4dc2-9fd2-8429137ba44b,28.1,28.025,102.1818181818182,0.07500000000000284
rest_daily_1759366c50384ac7,c887cb7e-63cf-4dc2-9fd2-8429137ba44b,prior_expanding_mean,prior_history_plus_wellness,leave_one_athlete_out:c887cb7e-63cf-4dc2-9fd2-8429137ba44b,30.0,28.040000000000003,106.76156583629891,1.9599999999999973
rest_daily_0663b3b3ac8bbc8c,c887cb7e-63cf-4dc2-9fd2-8429137ba44b,prior_expanding_mean,prior_history_plus_wellness,leave_one_athlete_out:c887cb7e-63cf-4dc2-9fd2-8429137ba44b,28.5,28.36666666666667,100.52910052910052,0.1333333333333293
rest_daily_64860edccfee005f,c887cb7e-63cf-4dc2-9fd2-8429137ba44b,prior_expanding_mean,prior_history_plus_wellness,leave_one_athlete_out:c887cb7e-63cf-4dc2-9fd2-8429137ba44b,28.5,28.38571428571429,100.0,0.11428571428571033
rest_daily_b66d89d81131cac9,c887cb7e-63cf-4dc2-9fd2-8429137ba44b,prior_expanding_mean,prior_history_plus_wellness,leave_one_athlete_out:c887cb7e-63cf-4dc2-9fd2-8429137ba44b,26.6,28.4,93.33333333333331,-1.7999999999999972
rest_daily_462b7d0d1d4cce3d,c887cb7e-63cf-4dc2-9fd2-8429137ba44b,prior_expanding_mean,prior_history_plus_wellness,leave_one_athlete_out:c887cb7e-63cf-4dc2-9fd2-8429137ba44b,24.4,28.2,85.6140350877193,-3.8000000000000007
rest_daily_6f2bd48791757d01,e6e4e3b9-5cfa-42c6-a4cd-0f96561de3eb,prior_expanding_median,prior_history_plus_wellness,leave_one_athlete_out:e6e4e3b9-5cfa-42c6-a4cd-0f96561de3eb,32.5,32.3,100.61919504643964,0.20000000000000284
rest_daily_02d5b5624ca2a01d,e6e4e3b9-5cfa-42c6-a4cd-0f96561de3eb,prior_expanding_median,prior_history_plus_wellness,leave_one_athlete_out:e6e4e3b9-5cfa-42c6-a4cd-0f96561de3eb,30.3,32.4,93.51851851851852,-2.099999999999998
rest_daily_5a6dee4fcd56dbce,e6e4e3b9-5cfa-42c6-a4cd-0f96561de3eb,prior_expanding_median,prior_history_plus_wellness,leave_one_athlete_out:e6e4e3b9-5cfa-42c6-a4cd-0f96561de3eb,32.5,32.3,100.61919504643964,0.20000000000000284
rest_daily_ab17f1fc7853a9d6,e6e4e3b9-5cfa-42c6-a4cd-0f96561de3eb,prior_expanding_median,prior_history_plus_wellness,leave_one_athlete_out:e6e4e3b9-5cfa-42c6-a4cd-0f96561de3eb,29.9,32.4,92.28395061728396,-2.5
rest_daily_9f0c016dc4398960,e6e4e3b9-5cfa-42c6-a4cd-0f96561de3eb,prior_expanding_median,prior_history_plus_wellness,leave_one_athlete_out:e6e4e3b9-5cfa-42c6-a4cd-0f96561de3eb,25.9,32.3,80.1857585139319,-6.399999999999999
rest_daily_0454c91c3fc710e8,e6e4e3b9-5cfa-42c6-a4cd-0f96561de3eb,prior_expanding_median,prior_history_plus_wellness,leave_one_athlete_out:e6e4e3b9-5cfa-42c6-a4cd-0f96561de3eb,30.8,31.549999999999997,97.62282091917592,-0.7499999999999964
rest_daily_6f2bd48791757d01,e6e4e3b9-5cfa-42c6-a4cd-0f96561de3eb,prior_expanding_mean,prior_history_plus_wellness,leave_one_athlete_out:e6e4e3b9-5cfa-42c6-a4cd-0f96561de3eb,32.5,32.46666666666666,100.61919504643964,0.033333333333338544
rest_daily_02d5b5624ca2a01d,e6e4e3b9-5cfa-42c6-a4cd-0f96561de3eb,prior_expanding_mean,prior_history_plus_wellness,leave_one_athlete_out:e6e4e3b9-5cfa-42c6-a4cd-0f96561de3eb,30.3,32.474999999999994,93.51851851851852,-2.1749999999999936
rest_daily_5a6dee4fcd56dbce,e6e4e3b9-5cfa-42c6-a4cd-0f96561de3eb,prior_expanding_mean,prior_history_plus_wellness,leave_one_athlete_out:e6e4e3b9-5cfa-42c6-a4cd-0f96561de3eb,32.5,32.04,100.61919504643964,0.46000000000000085
rest_daily_ab17f1fc7853a9d6,e6e4e3b9-5cfa-42c6-a4cd-0f96561de3eb,prior_expanding_mean,prior_history_plus_wellness,leave_one_athlete_out:e6e4e3b9-5cfa-42c6-a4cd-0f96561de3eb,29.9,32.11666666666667,92.28395061728396,-2.2166666666666686
rest_daily_9f0c016dc4398960,e6e4e3b9-5cfa-42c6-a4cd-0f96561de3eb,prior_expanding_mean,prior_history_plus_wellness,leave_one_athlete_out:e6e4e3b9-5cfa-42c6-a4cd-0f96561de3eb,25.9,31.8,80.1857585139319,-5.900000000000002
rest_daily_0454c91c3fc710e8,e6e4e3b9-5cfa-42c6-a4cd-0f96561de3eb,prior_expanding_mean,prior_history_plus_wellness,leave_one_athlete_out:e6e4e3b9-5cfa-42c6-a4cd-0f96561de3eb,30.8,31.062499999999996,97.62282091917592,-0.26249999999999574
rest_daily_d6526cc6a798964b,efa2dbe6-24c0-4500-8b7b-1d5d14e1d271,prior_expanding_median,prior_history_plus_wellness,leave_one_athlete_out:efa2dbe6-24c0-4500-8b7b-1d5d14e1d271,35.2,33.5,105.07462686567166,1.7000000000000028
rest_daily_1041700280114f2c,efa2dbe6-24c0-4500-8b7b-1d5d14e1d271,prior_expanding_median,prior_history_plus_wellness,leave_one_athlete_out:efa2dbe6-24c0-4500-8b7b-1d5d14e1d271,29.2,34.15,85.50512445095168,-4.949999999999999
rest_daily_3cf67d5887d878f8,efa2dbe6-24c0-4500-8b7b-1d5d14e1d271,prior_expanding_median,prior_history_plus_wellness,leave_one_athlete_out:efa2dbe6-24c0-4500-8b7b-1d5d14e1d271,31.5,33.4,94.311377245509,-1.8999999999999986
rest_daily_d6526cc6a798964b,efa2dbe6-24c0-4500-8b7b-1d5d14e1d271,prior_expanding_mean,prior_history_plus_wellness,leave_one_athlete_out:efa2dbe6-24c0-4500-8b7b-1d5d14e1d271,35.2,33.86666666666667,105.07462686567166,1.3333333333333357
rest_daily_1041700280114f2c,efa2dbe6-24c0-4500-8b7b-1d5d14e1d271,prior_expanding_mean,prior_history_plus_wellness,leave_one_athlete_out:efa2dbe6-24c0-4500-8b7b-1d5d14e1d271,29.2,34.150000000000006,85.50512445095168,-4.950000000000006
rest_daily_3cf67d5887d878f8,efa2dbe6-24c0-4500-8b7b-1d5d14e1d271,prior_expanding_mean,prior_history_plus_wellness,leave_one_athlete_out:efa2dbe6-24c0-4500-8b7b-1d5d14e1d271,31.5,33.1625,94.311377245509,-1.6625000000000014
rest_daily_82682445d3ee10d1,fd0c9e61-cb99-4d60-ab37-b4b3f5ac60d2,prior_expanding_median,prior_history_plus_wellness,leave_one_athlete_out:fd0c9e61-cb99-4d60-ab37-b4b3f5ac60d2,36.4,37.7,96.55172413793105,-1.3000000000000043
rest_daily_05f48e6e719ac92e,fd0c9e61-cb99-4d60-ab37-b4b3f5ac60d2,prior_expanding_median,prior_history_plus_wellness,leave_one_athlete_out:fd0c9e61-cb99-4d60-ab37-b4b3f5ac60d2,34.4,37.05,92.84750337381917,-2.6499999999999986
rest_daily_efc572538dfe1a10,fd0c9e61-cb99-4d60-ab37-b4b3f5ac60d2,prior_expanding_median,prior_history_plus_wellness,leave_one_athlete_out:fd0c9e61-cb99-4d60-ab37-b4b3f5ac60d2,36.3,36.4,99.72527472527472,-0.10000000000000142
rest_daily_01b75bd63b9e0e56,fd0c9e61-cb99-4d60-ab37-b4b3f5ac60d2,prior_expanding_median,prior_history_plus_wellness,leave_one_athlete_out:fd0c9e61-cb99-4d60-ab37-b4b3f5ac60d2,37.2,36.349999999999994,102.33837689133428,0.8500000000000085
rest_daily_7c83bde87c5be749,fd0c9e61-cb99-4d60-ab37-b4b3f5ac60d2,prior_expanding_median,prior_history_plus_wellness,leave_one_athlete_out:fd0c9e61-cb99-4d60-ab37-b4b3f5ac60d2,35.3,36.4,96.97802197802196,-1.1000000000000014
rest_daily_568874402ae121a6,fd0c9e61-cb99-4d60-ab37-b4b3f5ac60d2,prior_expanding_median,prior_history_plus_wellness,leave_one_athlete_out:fd0c9e61-cb99-4d60-ab37-b4b3f5ac60d2,38.6,36.349999999999994,106.18982118294362,2.250000000000007
rest_daily_e6273f94a99ad120,fd0c9e61-cb99-4d60-ab37-b4b3f5ac60d2,prior_expanding_median,prior_history_plus_wellness,leave_one_athlete_out:fd0c9e61-cb99-4d60-ab37-b4b3f5ac60d2,36.5,36.4,100.27472527472528,0.10000000000000142
rest_daily_addc070e41582078,fd0c9e61-cb99-4d60-ab37-b4b3f5ac60d2,prior_expanding_median,prior_history_plus_wellness,leave_one_athlete_out:fd0c9e61-cb99-4d60-ab37-b4b3f5ac60d2,35.8,36.45,98.21673525377228,-0.6500000000000057
rest_daily_82682445d3ee10d1,fd0c9e61-cb99-4d60-ab37-b4b3f5ac60d2,prior_expanding_mean,prior_history_plus_wellness,leave_one_athlete_out:fd0c9e61-cb99-4d60-ab37-b4b3f5ac60d2,36.4,37.266666666666666,96.55172413793105,-0.8666666666666671
rest_daily_05f48e6e719ac92e,fd0c9e61-cb99-4d60-ab37-b4b3f5ac60d2,prior_expanding_mean,prior_history_plus_wellness,leave_one_athlete_out:fd0c9e61-cb99-4d60-ab37-b4b3f5ac60d2,34.4,37.05,92.84750337381917,-2.6499999999999986
rest_daily_efc572538dfe1a10,fd0c9e61-cb99-4d60-ab37-b4b3f5ac60d2,prior_expanding_mean,prior_history_plus_wellness,leave_one_athlete_out:fd0c9e61-cb99-4d60-ab37-b4b3f5ac60d2,36.3,36.52,99.72527472527472,-0.22000000000000597
rest_daily_01b75bd63b9e0e56,fd0c9e61-cb99-4d60-ab37-b4b3f5ac60d2,prior_expanding_mean,prior_history_plus_wellness,leave_one_athlete_out:fd0c9e61-cb99-4d60-ab37-b4b3f5ac60d2,37.2,36.48333333333333,102.33837689133428,0.7166666666666757
rest_daily_7c83bde87c5be749,fd0c9e61-cb99-4d60-ab37-b4b3f5ac60d2,prior_expanding_mean,prior_history_plus_wellness,leave_one_athlete_out:fd0c9e61-cb99-4d60-ab37-b4b3f5ac60d2,35.3,36.58571428571428,96.97802197802196,-1.2857142857142847
rest_daily_568874402ae121a6,fd0c9e61-cb99-4d60-ab37-b4b3f5ac60d2,prior_expanding_mean,prior_history_plus_wellness,leave_one_athlete_out:fd0c9e61-cb99-4d60-ab37-b4b3f5ac60d2,38.6,36.425,106.18982118294362,2.1750000000000043
rest_daily_e6273f94a99ad120,fd0c9e61-cb99-4d60-ab37-b4b3f5ac60d2,prior_expanding_mean,prior_history_plus_wellness,leave_one_athlete_out:fd0c9e61-cb99-4d60-ab37-b4b3f5ac60d2,36.5,36.666666666666664,100.27472527472528,-0.1666666666666643
rest_daily_addc070e41582078,fd0c9e61-cb99-4d60-ab37-b4b3f5ac60d2,prior_expanding_mean,prior_history_plus_wellness,leave_one_athlete_out:fd0c9e61-cb99-4d60-ab37-b4b3f5ac60d2,35.8,36.65,98.21673525377228,-0.8500000000000014
rest_daily_e0fe6a57d5ba3bee,2068e7ec-51a8-441a-8053-2be7533e613f,prior_expanding_median,prior_history_plus_wellness,leave_one_athlete_out:2068e7ec-51a8-441a-8053-2be7533e613f,45.9,45.3,101.32450331125828,0.6000000000000014
rest_daily_d493fee7cfdb999b,2068e7ec-51a8-441a-8053-2be7533e613f,prior_expanding_median,prior_history_plus_wellness,leave_one_athlete_out:2068e7ec-51a8-441a-8053-2be7533e613f,44.2,44.95,98.33147942157952,-0.75
rest_daily_302c1fbaac2944d8,2068e7ec-51a8-441a-8053-2be7533e613f,prior_expanding_median,prior_history_plus_wellness,leave_one_athlete_out:2068e7ec-51a8-441a-8053-2be7533e613f,40.4,44.6,90.5829596412556,-4.200000000000003
rest_daily_91c3ba85eea8d163,2068e7ec-51a8-441a-8053-2be7533e613f,prior_expanding_median,prior_history_plus_wellness,leave_one_athlete_out:2068e7ec-51a8-441a-8053-2be7533e613f,43.9,44.6,98.4304932735426,-0.7000000000000028
rest_daily_0a396a843fa902b0,2068e7ec-51a8-441a-8053-2be7533e613f,prior_expanding_median,prior_history_plus_wellness,leave_one_athlete_out:2068e7ec-51a8-441a-8053-2be7533e613f,43.3,44.6,97.08520179372196,-1.3000000000000043
rest_daily_e0fe6a57d5ba3bee,2068e7ec-51a8-441a-8053-2be7533e613f,prior_expanding_mean,prior_history_plus_wellness,leave_one_athlete_out:2068e7ec-51a8-441a-8053-2be7533e613f,45.9,44.7,101.32450331125828,1.1999999999999957
rest_daily_d493fee7cfdb999b,2068e7ec-51a8-441a-8053-2be7533e613f,prior_expanding_mean,prior_history_plus_wellness,leave_one_athlete_out:2068e7ec-51a8-441a-8053-2be7533e613f,44.2,44.825,98.33147942157952,-0.625
rest_daily_302c1fbaac2944d8,2068e7ec-51a8-441a-8053-2be7533e613f,prior_expanding_mean,prior_history_plus_wellness,leave_one_athlete_out:2068e7ec-51a8-441a-8053-2be7533e613f,40.4,44.75555555555555,90.5829596412556,-4.355555555555554
rest_daily_91c3ba85eea8d163,2068e7ec-51a8-441a-8053-2be7533e613f,prior_expanding_mean,prior_history_plus_wellness,leave_one_athlete_out:2068e7ec-51a8-441a-8053-2be7533e613f,43.9,44.31999999999999,98.4304932735426,-0.4199999999999946
rest_daily_0a396a843fa902b0,2068e7ec-51a8-441a-8053-2be7533e613f,prior_expanding_mean,prior_history_plus_wellness,leave_one_athlete_out:2068e7ec-51a8-441a-8053-2be7533e613f,43.3,44.281818181818174,97.08520179372196,-0.981818181818177
rest_daily_96bd7b99fb596da4,9cee6de4-93b3-46a7-a018-90f60d705ebb,prior_expanding_median,prior_history_plus_wellness,chronological_holdout:last_30pct_per_athlete_min_1,48.5,48.8,99.38524590163937,-0.29999999999999716
rest_daily_aa66a200e387eba4,9cee6de4-93b3-46a7-a018-90f60d705ebb,prior_expanding_median,prior_history_plus_wellness,chronological_holdout:last_30pct_per_athlete_min_1,45.7,48.65,93.93627954779036,-2.9499999999999957
rest_daily_9576a5f6cfbca811,8d47422f-2512-44a3-a6d6-8feb726f4759,prior_expanding_median,prior_history_plus_wellness,chronological_holdout:last_30pct_per_athlete_min_1,31.8,31.1,102.2508038585209,0.6999999999999993
rest_daily_2b0ad7da5f00c7fb,8d47422f-2512-44a3-a6d6-8feb726f4759,prior_expanding_median,prior_history_plus_wellness,chronological_holdout:last_30pct_per_athlete_min_1,30.5,31.25,97.6,-0.75
rest_daily_c72954ac52f3c08e,ec3fc0a0-ab15-4c0c-b1ad-5243c6e5636f,prior_expanding_median,prior_history_plus_wellness,chronological_holdout:last_30pct_per_athlete_min_1,31.9,30.2,105.62913907284768,1.6999999999999993
rest_daily_50f6f1543ffe74e1,ec3fc0a0-ab15-4c0c-b1ad-5243c6e5636f,prior_expanding_median,prior_history_plus_wellness,chronological_holdout:last_30pct_per_athlete_min_1,29.8,30.799999999999997,96.75324675324676,-0.9999999999999964
rest_daily_6c805b4dd0c2cf3f,f2b08928-a410-4d1d-9f19-1f8c063a6311,prior_expanding_median,prior_history_plus_wellness,chronological_holdout:last_30pct_per_athlete_min_1,31.5,31.5,100.0,0.0
rest_daily_472237620c8063bf,86fed448-f51d-4005-aef8-bd9413933cbe,prior_expanding_median,prior_history_plus_wellness,chronological_holdout:last_30pct_per_athlete_min_1,29.8,30.7,97.0684039087948,-0.8999999999999986
rest_daily_a309a15592c25132,86fed448-f51d-4005-aef8-bd9413933cbe,prior_expanding_median,prior_history_plus_wellness,chronological_holdout:last_30pct_per_athlete_min_1,30.1,30.7,98.0456026058632,-0.5999999999999979
rest_daily_bea3758949606720,86fed448-f51d-4005-aef8-bd9413933cbe,prior_expanding_median,prior_history_plus_wellness,chronological_holdout:last_30pct_per_athlete_min_1,33.6,30.65,109.62479608482872,2.950000000000003
rest_daily_1c3acd1f7c8cf85f,a2d89dcf-6bd1-445b-bc9c-7ac6b852a9fc,prior_expanding_median,prior_history_plus_wellness,chronological_holdout:last_30pct_per_athlete_min_1,26.1,26.0,100.3846153846154,0.10000000000000142
rest_daily_a5cab1550d5946e9,a2d89dcf-6bd1-445b-bc9c-7ac6b852a9fc,prior_expanding_median,prior_history_plus_wellness,chronological_holdout:last_30pct_per_athlete_min_1,26.1,26.05,100.1919385796545,0.05000000000000071
rest_daily_1a821f8053bae41e,6a2ca03c-e61b-4589-a931-58f5e25aacd8,prior_expanding_median,prior_history_plus_wellness,chronological_holdout:last_30pct_per_athlete_min_1,35.0,36.1,96.9529085872576,-1.1000000000000014
rest_daily_baad225df3d4f040,957de0b1-7ee9-437c-b47b-dffd09b6653a,prior_expanding_median,prior_history_plus_wellness,chronological_holdout:last_30pct_per_athlete_min_1,27.5,26.2,104.9618320610687,1.3000000000000007
rest_daily_24526a257b340324,957de0b1-7ee9-437c-b47b-dffd09b6653a,prior_expanding_median,prior_history_plus_wellness,chronological_holdout:last_30pct_per_athlete_min_1,27.2,26.4,103.03030303030305,0.8000000000000007
rest_daily_f51837b525fe2758,957de0b1-7ee9-437c-b47b-dffd09b6653a,prior_expanding_median,prior_history_plus_wellness,chronological_holdout:last_30pct_per_athlete_min_1,27.5,26.6,103.38345864661652,0.8999999999999986
rest_daily_6f1321ab0e065ca1,e362b878-9920-4dcf-9ab7-687a194a821c,prior_expanding_median,prior_history_plus_wellness,chronological_holdout:last_30pct_per_athlete_min_1,32.6,35.3,92.35127478753542,-2.6999999999999957
rest_daily_8b1130c2e482bf87,e362b878-9920-4dcf-9ab7-687a194a821c,prior_expanding_median,prior_history_plus_wellness,chronological_holdout:last_30pct_per_athlete_min_1,30.7,35.15,87.33997155049786,-4.449999999999999
rest_daily_aac7a0cea32a78f6,e362b878-9920-4dcf-9ab7-687a194a821c,prior_expanding_median,prior_history_plus_wellness,chronological_holdout:last_30pct_per_athlete_min_1,33.5,32.8,102.13414634146342,0.7000000000000028
rest_daily_bb1d299fe508ad69,687552ea-5963-45df-8680-c4c6058eab87,prior_expanding_median,prior_history_plus_wellness,chronological_holdout:last_30pct_per_athlete_min_1,36.8,41.3,89.10411622276028,-4.5
rest_daily_1b6135ddcedae6ca,687552ea-5963-45df-8680-c4c6058eab87,prior_expanding_median,prior_history_plus_wellness,chronological_holdout:last_30pct_per_athlete_min_1,36.4,40.099999999999994,90.77306733167084,-3.6999999999999957
rest_daily_b5aee6d21878a523,687552ea-5963-45df-8680-c4c6058eab87,prior_expanding_median,prior_history_plus_wellness,chronological_holdout:last_30pct_per_athlete_min_1,37.5,38.9,96.40102827763496,-1.3999999999999986
rest_daily_64860edccfee005f,c887cb7e-63cf-4dc2-9fd2-8429137ba44b,prior_expanding_median,prior_history_plus_wellness,chronological_holdout:last_30pct_per_athlete_min_1,28.5,28.5,100.0,0.0
rest_daily_b66d89d81131cac9,c887cb7e-63cf-4dc2-9fd2-8429137ba44b,prior_expanding_median,prior_history_plus_wellness,chronological_holdout:last_30pct_per_athlete_min_1,26.6,28.5,93.33333333333331,-1.8999999999999986
rest_daily_462b7d0d1d4cce3d,c887cb7e-63cf-4dc2-9fd2-8429137ba44b,prior_expanding_median,prior_history_plus_wellness,chronological_holdout:last_30pct_per_athlete_min_1,24.4,28.5,85.6140350877193,-4.100000000000001
rest_daily_9f0c016dc4398960,e6e4e3b9-5cfa-42c6-a4cd-0f96561de3eb,prior_expanding_median,prior_history_plus_wellness,chronological_holdout:last_30pct_per_athlete_min_1,25.9,32.3,80.1857585139319,-6.399999999999999
rest_daily_0454c91c3fc710e8,e6e4e3b9-5cfa-42c6-a4cd-0f96561de3eb,prior_expanding_median,prior_history_plus_wellness,chronological_holdout:last_30pct_per_athlete_min_1,30.8,31.549999999999997,97.62282091917592,-0.7499999999999964
rest_daily_3cf67d5887d878f8,efa2dbe6-24c0-4500-8b7b-1d5d14e1d271,prior_expanding_median,prior_history_plus_wellness,chronological_holdout:last_30pct_per_athlete_min_1,31.5,33.4,94.311377245509,-1.8999999999999986
rest_daily_568874402ae121a6,fd0c9e61-cb99-4d60-ab37-b4b3f5ac60d2,prior_expanding_median,prior_history_plus_wellness,chronological_holdout:last_30pct_per_athlete_min_1,38.6,36.349999999999994,106.18982118294362,2.250000000000007
rest_daily_e6273f94a99ad120,fd0c9e61-cb99-4d60-ab37-b4b3f5ac60d2,prior_expanding_median,prior_history_plus_wellness,chronological_holdout:last_30pct_per_athlete_min_1,36.5,36.4,100.27472527472528,0.10000000000000142
rest_daily_addc070e41582078,fd0c9e61-cb99-4d60-ab37-b4b3f5ac60d2,prior_expanding_median,prior_history_plus_wellness,chronological_holdout:last_30pct_per_athlete_min_1,35.8,36.45,98.21673525377228,-0.6500000000000057
rest_daily_91c3ba85eea8d163,2068e7ec-51a8-441a-8053-2be7533e613f,prior_expanding_median,prior_history_plus_wellness,chronological_holdout:last_30pct_per_athlete_min_1,43.9,44.6,98.4304932735426,-0.7000000000000028
rest_daily_0a396a843fa902b0,2068e7ec-51a8-441a-8053-2be7533e613f,prior_expanding_median,prior_history_plus_wellness,chronological_holdout:last_30pct_per_athlete_min_1,43.3,44.6,97.08520179372196,-1.3000000000000043
rest_daily_96bd7b99fb596da4,9cee6de4-93b3-46a7-a018-90f60d705ebb,prior_expanding_mean,prior_history_plus_wellness,chronological_holdout:last_30pct_per_athlete_min_1,48.5,47.34285714285715,99.38524590163937,1.1571428571428513
rest_daily_aa66a200e387eba4,9cee6de4-93b3-46a7-a018-90f60d705ebb,prior_expanding_mean,prior_history_plus_wellness,chronological_holdout:last_30pct_per_athlete_min_1,45.7,47.4875,93.93627954779036,-1.7874999999999943
rest_daily_9576a5f6cfbca811,8d47422f-2512-44a3-a6d6-8feb726f4759,prior_expanding_mean,prior_history_plus_wellness,chronological_holdout:last_30pct_per_athlete_min_1,31.8,31.11428571428571,102.2508038585209,0.6857142857142904
rest_daily_2b0ad7da5f00c7fb,8d47422f-2512-44a3-a6d6-8feb726f4759,prior_expanding_mean,prior_history_plus_wellness,chronological_holdout:last_30pct_per_athlete_min_1,30.5,31.200000000000003,97.6,-0.7000000000000028
rest_daily_c72954ac52f3c08e,ec3fc0a0-ab15-4c0c-b1ad-5243c6e5636f,prior_expanding_mean,prior_history_plus_wellness,chronological_holdout:last_30pct_per_athlete_min_1,31.9,30.300000000000004,105.62913907284768,1.5999999999999943
rest_daily_50f6f1543ffe74e1,ec3fc0a0-ab15-4c0c-b1ad-5243c6e5636f,prior_expanding_mean,prior_history_plus_wellness,chronological_holdout:last_30pct_per_athlete_min_1,29.8,30.5,96.75324675324676,-0.6999999999999993
rest_daily_6c805b4dd0c2cf3f,f2b08928-a410-4d1d-9f19-1f8c063a6311,prior_expanding_mean,prior_history_plus_wellness,chronological_holdout:last_30pct_per_athlete_min_1,31.5,31.53333333333333,100.0,-0.03333333333333144
rest_daily_472237620c8063bf,86fed448-f51d-4005-aef8-bd9413933cbe,prior_expanding_mean,prior_history_plus_wellness,chronological_holdout:last_30pct_per_athlete_min_1,29.8,30.7875,97.0684039087948,-0.9875000000000007
rest_daily_a309a15592c25132,86fed448-f51d-4005-aef8-bd9413933cbe,prior_expanding_mean,prior_history_plus_wellness,chronological_holdout:last_30pct_per_athlete_min_1,30.1,30.67777777777778,98.0456026058632,-0.5777777777777793
rest_daily_bea3758949606720,86fed448-f51d-4005-aef8-bd9413933cbe,prior_expanding_mean,prior_history_plus_wellness,chronological_holdout:last_30pct_per_athlete_min_1,33.6,30.620000000000005,109.62479608482872,2.979999999999997
rest_daily_1c3acd1f7c8cf85f,a2d89dcf-6bd1-445b-bc9c-7ac6b852a9fc,prior_expanding_mean,prior_history_plus_wellness,chronological_holdout:last_30pct_per_athlete_min_1,26.1,26.228571428571428,100.3846153846154,-0.12857142857142634
rest_daily_a5cab1550d5946e9,a2d89dcf-6bd1-445b-bc9c-7ac6b852a9fc,prior_expanding_mean,prior_history_plus_wellness,chronological_holdout:last_30pct_per_athlete_min_1,26.1,26.2125,100.1919385796545,-0.11249999999999716
rest_daily_1a821f8053bae41e,6a2ca03c-e61b-4589-a931-58f5e25aacd8,prior_expanding_mean,prior_history_plus_wellness,chronological_holdout:last_30pct_per_athlete_min_1,35.0,35.4,96.9529085872576,-0.3999999999999986
rest_daily_baad225df3d4f040,957de0b1-7ee9-437c-b47b-dffd09b6653a,prior_expanding_mean,prior_history_plus_wellness,chronological_holdout:last_30pct_per_athlete_min_1,27.5,26.089999999999996,104.9618320610687,1.4100000000000037
rest_daily_24526a257b340324,957de0b1-7ee9-437c-b47b-dffd09b6653a,prior_expanding_mean,prior_history_plus_wellness,chronological_holdout:last_30pct_per_athlete_min_1,27.2,26.218181818181815,103.03030303030305,0.9818181818181841
rest_daily_f51837b525fe2758,957de0b1-7ee9-437c-b47b-dffd09b6653a,prior_expanding_mean,prior_history_plus_wellness,chronological_holdout:last_30pct_per_athlete_min_1,27.5,26.299999999999997,103.38345864661652,1.2000000000000028
rest_daily_6f1321ab0e065ca1,e362b878-9920-4dcf-9ab7-687a194a821c,prior_expanding_mean,prior_history_plus_wellness,chronological_holdout:last_30pct_per_athlete_min_1,32.6,34.67142857142858,92.35127478753542,-2.0714285714285765
rest_daily_8b1130c2e482bf87,e362b878-9920-4dcf-9ab7-687a194a821c,prior_expanding_mean,prior_history_plus_wellness,chronological_holdout:last_30pct_per_athlete_min_1,30.7,34.4125,87.33997155049786,-3.712500000000002
rest_daily_aac7a0cea32a78f6,e362b878-9920-4dcf-9ab7-687a194a821c,prior_expanding_mean,prior_history_plus_wellness,chronological_holdout:last_30pct_per_athlete_min_1,33.5,33.76363636363636,102.13414634146342,-0.26363636363635834
rest_daily_bb1d299fe508ad69,687552ea-5963-45df-8680-c4c6058eab87,prior_expanding_mean,prior_history_plus_wellness,chronological_holdout:last_30pct_per_athlete_min_1,36.8,40.10000000000001,89.10411622276028,-3.3000000000000114
rest_daily_1b6135ddcedae6ca,687552ea-5963-45df-8680-c4c6058eab87,prior_expanding_mean,prior_history_plus_wellness,chronological_holdout:last_30pct_per_athlete_min_1,36.4,39.6875,90.77306733167084,-3.2875000000000014
rest_daily_b5aee6d21878a523,687552ea-5963-45df-8680-c4c6058eab87,prior_expanding_mean,prior_history_plus_wellness,chronological_holdout:last_30pct_per_athlete_min_1,37.5,39.32222222222222,96.40102827763496,-1.8222222222222229
rest_daily_64860edccfee005f,c887cb7e-63cf-4dc2-9fd2-8429137ba44b,prior_expanding_mean,prior_history_plus_wellness,chronological_holdout:last_30pct_per_athlete_min_1,28.5,28.38571428571429,100.0,0.11428571428571033
rest_daily_b66d89d81131cac9,c887cb7e-63cf-4dc2-9fd2-8429137ba44b,prior_expanding_mean,prior_history_plus_wellness,chronological_holdout:last_30pct_per_athlete_min_1,26.6,28.4,93.33333333333331,-1.7999999999999972
rest_daily_462b7d0d1d4cce3d,c887cb7e-63cf-4dc2-9fd2-8429137ba44b,prior_expanding_mean,prior_history_plus_wellness,chronological_holdout:last_30pct_per_athlete_min_1,24.4,28.2,85.6140350877193,-3.8000000000000007
rest_daily_9f0c016dc4398960,e6e4e3b9-5cfa-42c6-a4cd-0f96561de3eb,prior_expanding_mean,prior_history_plus_wellness,chronological_holdout:last_30pct_per_athlete_min_1,25.9,31.8,80.1857585139319,-5.900000000000002
rest_daily_0454c91c3fc710e8,e6e4e3b9-5cfa-42c6-a4cd-0f96561de3eb,prior_expanding_mean,prior_history_plus_wellness,chronological_holdout:last_30pct_per_athlete_min_1,30.8,31.062499999999996,97.62282091917592,-0.26249999999999574
rest_daily_3cf67d5887d878f8,efa2dbe6-24c0-4500-8b7b-1d5d14e1d271,prior_expanding_mean,prior_history_plus_wellness,chronological_holdout:last_30pct_per_athlete_min_1,31.5,33.1625,94.311377245509,-1.6625000000000014
rest_daily_568874402ae121a6,fd0c9e61-cb99-4d60-ab37-b4b3f5ac60d2,prior_expanding_mean,prior_history_plus_wellness,chronological_holdout:last_30pct_per_athlete_min_1,38.6,36.425,106.18982118294362,2.1750000000000043
rest_daily_e6273f94a99ad120,fd0c9e61-cb99-4d60-ab37-b4b3f5ac60d2,prior_expanding_mean,prior_history_plus_wellness,chronological_holdout:last_30pct_per_athlete_min_1,36.5,36.666666666666664,100.27472527472528,-0.1666666666666643
rest_daily_addc070e41582078,fd0c9e61-cb99-4d60-ab37-b4b3f5ac60d2,prior_expanding_mean,prior_history_plus_wellness,chronological_holdout:last_30pct_per_athlete_min_1,35.8,36.65,98.21673525377228,-0.8500000000000014
rest_daily_91c3ba85eea8d163,2068e7ec-51a8-441a-8053-2be7533e613f,prior_expanding_mean,prior_history_plus_wellness,chronological_holdout:last_30pct_per_athlete_min_1,43.9,44.31999999999999,98.4304932735426,-0.4199999999999946
rest_daily_0a396a843fa902b0,2068e7ec-51a8-441a-8053-2be7533e613f,prior_expanding_mean,prior_history_plus_wellness,chronological_holdout:last_30pct_per_athlete_min_1,43.3,44.281818181818174,97.08520179372196,-0.981818181818177
rest_daily_a4f0947d555bcfe1,9cee6de4-93b3-46a7-a018-90f60d705ebb,prior_expanding_median,prior_history_plus_match_context,leave_one_athlete_out:9cee6de4-93b3-46a7-a018-90f60d705ebb,48.8,48.5,100.61855670103093,0.29999999999999716
rest_daily_b0a59a0abf0c6f21,9cee6de4-93b3-46a7-a018-90f60d705ebb,prior_expanding_median,prior_history_plus_match_context,leave_one_athlete_out:9cee6de4-93b3-46a7-a018-90f60d705ebb,49.3,48.65,101.33607399794452,0.6499999999999986
rest_daily_ad64c57187148a23,9cee6de4-93b3-46a7-a018-90f60d705ebb,prior_expanding_median,prior_history_plus_match_context,leave_one_athlete_out:9cee6de4-93b3-46a7-a018-90f60d705ebb,50.0,48.8,102.45901639344262,1.2000000000000028
rest_daily_bdb6766b9448f55b,9cee6de4-93b3-46a7-a018-90f60d705ebb,prior_expanding_median,prior_history_plus_match_context,leave_one_athlete_out:9cee6de4-93b3-46a7-a018-90f60d705ebb,37.5,49.05,76.45259938837921,-11.549999999999997
rest_daily_96bd7b99fb596da4,9cee6de4-93b3-46a7-a018-90f60d705ebb,prior_expanding_median,prior_history_plus_match_context,leave_one_athlete_out:9cee6de4-93b3-46a7-a018-90f60d705ebb,48.5,48.8,99.38524590163937,-0.29999999999999716
rest_daily_aa66a200e387eba4,9cee6de4-93b3-46a7-a018-90f60d705ebb,prior_expanding_median,prior_history_plus_match_context,leave_one_athlete_out:9cee6de4-93b3-46a7-a018-90f60d705ebb,45.7,48.65,93.93627954779036,-2.9499999999999957
rest_daily_a4f0947d555bcfe1,9cee6de4-93b3-46a7-a018-90f60d705ebb,prior_expanding_mean,prior_history_plus_match_context,leave_one_athlete_out:9cee6de4-93b3-46a7-a018-90f60d705ebb,48.8,48.6,100.61855670103093,0.19999999999999574
rest_daily_b0a59a0abf0c6f21,9cee6de4-93b3-46a7-a018-90f60d705ebb,prior_expanding_mean,prior_history_plus_match_context,leave_one_athlete_out:9cee6de4-93b3-46a7-a018-90f60d705ebb,49.3,48.650000000000006,101.33607399794452,0.6499999999999915
rest_daily_ad64c57187148a23,9cee6de4-93b3-46a7-a018-90f60d705ebb,prior_expanding_mean,prior_history_plus_match_context,leave_one_athlete_out:9cee6de4-93b3-46a7-a018-90f60d705ebb,50.0,48.78000000000001,102.45901639344262,1.2199999999999918
rest_daily_bdb6766b9448f55b,9cee6de4-93b3-46a7-a018-90f60d705ebb,prior_expanding_mean,prior_history_plus_match_context,leave_one_athlete_out:9cee6de4-93b3-46a7-a018-90f60d705ebb,37.5,48.98333333333334,76.45259938837921,-11.483333333333341
rest_daily_96bd7b99fb596da4,9cee6de4-93b3-46a7-a018-90f60d705ebb,prior_expanding_mean,prior_history_plus_match_context,leave_one_athlete_out:9cee6de4-93b3-46a7-a018-90f60d705ebb,48.5,47.34285714285715,99.38524590163937,1.1571428571428513
rest_daily_aa66a200e387eba4,9cee6de4-93b3-46a7-a018-90f60d705ebb,prior_expanding_mean,prior_history_plus_match_context,leave_one_athlete_out:9cee6de4-93b3-46a7-a018-90f60d705ebb,45.7,47.4875,93.93627954779036,-1.7874999999999943
rest_daily_b711ef41b7e72a58,8d47422f-2512-44a3-a6d6-8feb726f4759,prior_expanding_median,prior_history_plus_match_context,leave_one_athlete_out:8d47422f-2512-44a3-a6d6-8feb726f4759,32.2,31.4,102.54777070063696,0.8000000000000043
rest_daily_0056b953332cf48c,8d47422f-2512-44a3-a6d6-8feb726f4759,prior_expanding_median,prior_history_plus_match_context,leave_one_athlete_out:8d47422f-2512-44a3-a6d6-8feb726f4759,31.1,31.2,99.67948717948718,-0.09999999999999787
rest_daily_9576a5f6cfbca811,8d47422f-2512-44a3-a6d6-8feb726f4759,prior_expanding_median,prior_history_plus_match_context,leave_one_athlete_out:8d47422f-2512-44a3-a6d6-8feb726f4759,31.8,31.1,102.2508038585209,0.6999999999999993
rest_daily_2b0ad7da5f00c7fb,8d47422f-2512-44a3-a6d6-8feb726f4759,prior_expanding_median,prior_history_plus_match_context,leave_one_athlete_out:8d47422f-2512-44a3-a6d6-8feb726f4759,30.5,31.25,97.6,-0.75
rest_daily_b711ef41b7e72a58,8d47422f-2512-44a3-a6d6-8feb726f4759,prior_expanding_mean,prior_history_plus_match_context,leave_one_athlete_out:8d47422f-2512-44a3-a6d6-8feb726f4759,32.2,31.366666666666664,102.54777070063696,0.8333333333333393
rest_daily_0056b953332cf48c,8d47422f-2512-44a3-a6d6-8feb726f4759,prior_expanding_mean,prior_history_plus_match_context,leave_one_athlete_out:8d47422f-2512-44a3-a6d6-8feb726f4759,31.1,31.116666666666664,99.67948717948718,-0.016666666666662167
rest_daily_9576a5f6cfbca811,8d47422f-2512-44a3-a6d6-8feb726f4759,prior_expanding_mean,prior_history_plus_match_context,leave_one_athlete_out:8d47422f-2512-44a3-a6d6-8feb726f4759,31.8,31.11428571428571,102.2508038585209,0.6857142857142904
rest_daily_2b0ad7da5f00c7fb,8d47422f-2512-44a3-a6d6-8feb726f4759,prior_expanding_mean,prior_history_plus_match_context,leave_one_athlete_out:8d47422f-2512-44a3-a6d6-8feb726f4759,30.5,31.200000000000003,97.6,-0.7000000000000028
rest_daily_cdf2c1790b6b6b77,ec3fc0a0-ab15-4c0c-b1ad-5243c6e5636f,prior_expanding_median,prior_history_plus_match_context,leave_one_athlete_out:ec3fc0a0-ab15-4c0c-b1ad-5243c6e5636f,30.1,29.2,103.08219178082192,0.9000000000000021
rest_daily_cd58435642eb8af3,ec3fc0a0-ab15-4c0c-b1ad-5243c6e5636f,prior_expanding_median,prior_history_plus_match_context,leave_one_athlete_out:ec3fc0a0-ab15-4c0c-b1ad-5243c6e5636f,31.4,29.65,105.90219224283304,1.75
rest_daily_f086eef85301ad30,ec3fc0a0-ab15-4c0c-b1ad-5243c6e5636f,prior_expanding_median,prior_history_plus_match_context,leave_one_athlete_out:ec3fc0a0-ab15-4c0c-b1ad-5243c6e5636f,32.9,30.1,109.30232558139534,2.799999999999997
rest_daily_c1dfb58557a561b2,ec3fc0a0-ab15-4c0c-b1ad-5243c6e5636f,prior_expanding_median,prior_history_plus_match_context,leave_one_athlete_out:ec3fc0a0-ab15-4c0c-b1ad-5243c6e5636f,31.8,30.15,105.4726368159204,1.6500000000000021
rest_daily_c72954ac52f3c08e,ec3fc0a0-ab15-4c0c-b1ad-5243c6e5636f,prior_expanding_median,prior_history_plus_match_context,leave_one_athlete_out:ec3fc0a0-ab15-4c0c-b1ad-5243c6e5636f,31.9,30.2,105.62913907284768,1.6999999999999993
rest_daily_50f6f1543ffe74e1,ec3fc0a0-ab15-4c0c-b1ad-5243c6e5636f,prior_expanding_median,prior_history_plus_match_context,leave_one_athlete_out:ec3fc0a0-ab15-4c0c-b1ad-5243c6e5636f,29.8,30.799999999999997,96.75324675324676,-0.9999999999999964
rest_daily_cdf2c1790b6b6b77,ec3fc0a0-ab15-4c0c-b1ad-5243c6e5636f,prior_expanding_mean,prior_history_plus_match_context,leave_one_athlete_out:ec3fc0a0-ab15-4c0c-b1ad-5243c6e5636f,30.1,28.633333333333336,103.08219178082192,1.466666666666665
rest_daily_cd58435642eb8af3,ec3fc0a0-ab15-4c0c-b1ad-5243c6e5636f,prior_expanding_mean,prior_history_plus_match_context,leave_one_athlete_out:ec3fc0a0-ab15-4c0c-b1ad-5243c6e5636f,31.4,29.0,105.90219224283304,2.3999999999999986
rest_daily_f086eef85301ad30,ec3fc0a0-ab15-4c0c-b1ad-5243c6e5636f,prior_expanding_mean,prior_history_plus_match_context,leave_one_athlete_out:ec3fc0a0-ab15-4c0c-b1ad-5243c6e5636f,32.9,29.48,109.30232558139534,3.419999999999998
rest_daily_c1dfb58557a561b2,ec3fc0a0-ab15-4c0c-b1ad-5243c6e5636f,prior_expanding_mean,prior_history_plus_match_context,leave_one_athlete_out:ec3fc0a0-ab15-4c0c-b1ad-5243c6e5636f,31.8,30.05,105.4726368159204,1.75
rest_daily_c72954ac52f3c08e,ec3fc0a0-ab15-4c0c-b1ad-5243c6e5636f,prior_expanding_mean,prior_history_plus_match_context,leave_one_athlete_out:ec3fc0a0-ab15-4c0c-b1ad-5243c6e5636f,31.9,30.300000000000004,105.62913907284768,1.5999999999999943
rest_daily_50f6f1543ffe74e1,ec3fc0a0-ab15-4c0c-b1ad-5243c6e5636f,prior_expanding_mean,prior_history_plus_match_context,leave_one_athlete_out:ec3fc0a0-ab15-4c0c-b1ad-5243c6e5636f,29.8,30.5,96.75324675324676,-0.6999999999999993
rest_daily_6c805b4dd0c2cf3f,f2b08928-a410-4d1d-9f19-1f8c063a6311,prior_expanding_median,prior_history_plus_match_context,leave_one_athlete_out:f2b08928-a410-4d1d-9f19-1f8c063a6311,31.5,31.5,100.0,0.0
rest_daily_6c805b4dd0c2cf3f,f2b08928-a410-4d1d-9f19-1f8c063a6311,prior_expanding_mean,prior_history_plus_match_context,leave_one_athlete_out:f2b08928-a410-4d1d-9f19-1f8c063a6311,31.5,31.53333333333333,100.0,-0.03333333333333144
rest_daily_f4e5f2267c6c0457,86fed448-f51d-4005-aef8-bd9413933cbe,prior_expanding_median,prior_history_plus_match_context,leave_one_athlete_out:86fed448-f51d-4005-aef8-bd9413933cbe,29.2,30.6,95.4248366013072,-1.4000000000000021
rest_daily_1b54b101c18e95b5,86fed448-f51d-4005-aef8-bd9413933cbe,prior_expanding_median,prior_history_plus_match_context,leave_one_athlete_out:86fed448-f51d-4005-aef8-bd9413933cbe,30.7,30.200000000000003,101.65562913907284,0.49999999999999645
rest_daily_7f7a9baf479d195c,86fed448-f51d-4005-aef8-bd9413933cbe,prior_expanding_median,prior_history_plus_match_context,leave_one_athlete_out:86fed448-f51d-4005-aef8-bd9413933cbe,32.4,30.6,105.88235294117646,1.7999999999999972
rest_daily_f98b6f0e56bf0285,86fed448-f51d-4005-aef8-bd9413933cbe,prior_expanding_median,prior_history_plus_match_context,leave_one_athlete_out:86fed448-f51d-4005-aef8-bd9413933cbe,30.7,30.65,100.163132137031,0.05000000000000071
rest_daily_5091bf99d5924eac,86fed448-f51d-4005-aef8-bd9413933cbe,prior_expanding_median,prior_history_plus_match_context,leave_one_athlete_out:86fed448-f51d-4005-aef8-bd9413933cbe,31.8,30.7,103.5830618892508,1.1000000000000014
rest_daily_472237620c8063bf,86fed448-f51d-4005-aef8-bd9413933cbe,prior_expanding_median,prior_history_plus_match_context,leave_one_athlete_out:86fed448-f51d-4005-aef8-bd9413933cbe,29.8,30.7,97.0684039087948,-0.8999999999999986
rest_daily_a309a15592c25132,86fed448-f51d-4005-aef8-bd9413933cbe,prior_expanding_median,prior_history_plus_match_context,leave_one_athlete_out:86fed448-f51d-4005-aef8-bd9413933cbe,30.1,30.7,98.0456026058632,-0.5999999999999979
rest_daily_bea3758949606720,86fed448-f51d-4005-aef8-bd9413933cbe,prior_expanding_median,prior_history_plus_match_context,leave_one_athlete_out:86fed448-f51d-4005-aef8-bd9413933cbe,33.6,30.65,109.62479608482872,2.950000000000003
rest_daily_f4e5f2267c6c0457,86fed448-f51d-4005-aef8-bd9413933cbe,prior_expanding_mean,prior_history_plus_match_context,leave_one_athlete_out:86fed448-f51d-4005-aef8-bd9413933cbe,29.2,30.5,95.4248366013072,-1.3000000000000007
rest_daily_1b54b101c18e95b5,86fed448-f51d-4005-aef8-bd9413933cbe,prior_expanding_mean,prior_history_plus_match_context,leave_one_athlete_out:86fed448-f51d-4005-aef8-bd9413933cbe,30.7,30.175,101.65562913907284,0.5249999999999986
rest_daily_7f7a9baf479d195c,86fed448-f51d-4005-aef8-bd9413933cbe,prior_expanding_mean,prior_history_plus_match_context,leave_one_athlete_out:86fed448-f51d-4005-aef8-bd9413933cbe,32.4,30.28,105.88235294117646,2.1199999999999974
rest_daily_f98b6f0e56bf0285,86fed448-f51d-4005-aef8-bd9413933cbe,prior_expanding_mean,prior_history_plus_match_context,leave_one_athlete_out:86fed448-f51d-4005-aef8-bd9413933cbe,30.7,30.633333333333336,100.163132137031,0.06666666666666288
rest_daily_5091bf99d5924eac,86fed448-f51d-4005-aef8-bd9413933cbe,prior_expanding_mean,prior_history_plus_match_context,leave_one_athlete_out:86fed448-f51d-4005-aef8-bd9413933cbe,31.8,30.642857142857142,103.5830618892508,1.1571428571428584
rest_daily_472237620c8063bf,86fed448-f51d-4005-aef8-bd9413933cbe,prior_expanding_mean,prior_history_plus_match_context,leave_one_athlete_out:86fed448-f51d-4005-aef8-bd9413933cbe,29.8,30.7875,97.0684039087948,-0.9875000000000007
rest_daily_a309a15592c25132,86fed448-f51d-4005-aef8-bd9413933cbe,prior_expanding_mean,prior_history_plus_match_context,leave_one_athlete_out:86fed448-f51d-4005-aef8-bd9413933cbe,30.1,30.67777777777778,98.0456026058632,-0.5777777777777793
rest_daily_bea3758949606720,86fed448-f51d-4005-aef8-bd9413933cbe,prior_expanding_mean,prior_history_plus_match_context,leave_one_athlete_out:86fed448-f51d-4005-aef8-bd9413933cbe,33.6,30.620000000000005,109.62479608482872,2.979999999999997
rest_daily_82442f8e52aa8256,a2d89dcf-6bd1-445b-bc9c-7ac6b852a9fc,prior_expanding_median,prior_history_plus_match_context,leave_one_athlete_out:a2d89dcf-6bd1-445b-bc9c-7ac6b852a9fc,25.2,26.6,94.73684210526316,-1.4000000000000021
rest_daily_baa5ee6cfc8f59b5,a2d89dcf-6bd1-445b-bc9c-7ac6b852a9fc,prior_expanding_median,prior_history_plus_match_context,leave_one_athlete_out:a2d89dcf-6bd1-445b-bc9c-7ac6b852a9fc,26.0,25.9,100.3861003861004,0.10000000000000142
rest_daily_9afc4bb4cc991ef9,a2d89dcf-6bd1-445b-bc9c-7ac6b852a9fc,prior_expanding_median,prior_history_plus_match_context,leave_one_athlete_out:a2d89dcf-6bd1-445b-bc9c-7ac6b852a9fc,25.9,26.0,99.6153846153846,-0.10000000000000142
rest_daily_7f8eb3142fb05b5e,a2d89dcf-6bd1-445b-bc9c-7ac6b852a9fc,prior_expanding_median,prior_history_plus_match_context,leave_one_athlete_out:a2d89dcf-6bd1-445b-bc9c-7ac6b852a9fc,27.3,25.95,105.20231213872832,1.3500000000000014
rest_daily_1c3acd1f7c8cf85f,a2d89dcf-6bd1-445b-bc9c-7ac6b852a9fc,prior_expanding_median,prior_history_plus_match_context,leave_one_athlete_out:a2d89dcf-6bd1-445b-bc9c-7ac6b852a9fc,26.1,26.0,100.3846153846154,0.10000000000000142
rest_daily_a5cab1550d5946e9,a2d89dcf-6bd1-445b-bc9c-7ac6b852a9fc,prior_expanding_median,prior_history_plus_match_context,leave_one_athlete_out:a2d89dcf-6bd1-445b-bc9c-7ac6b852a9fc,26.1,26.05,100.1919385796545,0.05000000000000071
rest_daily_82442f8e52aa8256,a2d89dcf-6bd1-445b-bc9c-7ac6b852a9fc,prior_expanding_mean,prior_history_plus_match_context,leave_one_athlete_out:a2d89dcf-6bd1-445b-bc9c-7ac6b852a9fc,25.2,26.399999999999995,94.73684210526316,-1.1999999999999957
rest_daily_baa5ee6cfc8f59b5,a2d89dcf-6bd1-445b-bc9c-7ac6b852a9fc,prior_expanding_mean,prior_history_plus_match_context,leave_one_athlete_out:a2d89dcf-6bd1-445b-bc9c-7ac6b852a9fc,26.0,26.1,100.3861003861004,-0.10000000000000142
rest_daily_9afc4bb4cc991ef9,a2d89dcf-6bd1-445b-bc9c-7ac6b852a9fc,prior_expanding_mean,prior_history_plus_match_context,leave_one_athlete_out:a2d89dcf-6bd1-445b-bc9c-7ac6b852a9fc,25.9,26.079999999999995,99.6153846153846,-0.17999999999999616
rest_daily_7f8eb3142fb05b5e,a2d89dcf-6bd1-445b-bc9c-7ac6b852a9fc,prior_expanding_mean,prior_history_plus_match_context,leave_one_athlete_out:a2d89dcf-6bd1-445b-bc9c-7ac6b852a9fc,27.3,26.049999999999997,105.20231213872832,1.2500000000000036
rest_daily_1c3acd1f7c8cf85f,a2d89dcf-6bd1-445b-bc9c-7ac6b852a9fc,prior_expanding_mean,prior_history_plus_match_context,leave_one_athlete_out:a2d89dcf-6bd1-445b-bc9c-7ac6b852a9fc,26.1,26.228571428571428,100.3846153846154,-0.12857142857142634
rest_daily_a5cab1550d5946e9,a2d89dcf-6bd1-445b-bc9c-7ac6b852a9fc,prior_expanding_mean,prior_history_plus_match_context,leave_one_athlete_out:a2d89dcf-6bd1-445b-bc9c-7ac6b852a9fc,26.1,26.2125,100.1919385796545,-0.11249999999999716
rest_daily_1a821f8053bae41e,6a2ca03c-e61b-4589-a931-58f5e25aacd8,prior_expanding_median,prior_history_plus_match_context,leave_one_athlete_out:6a2ca03c-e61b-4589-a931-58f5e25aacd8,35.0,36.1,96.9529085872576,-1.1000000000000014
rest_daily_1a821f8053bae41e,6a2ca03c-e61b-4589-a931-58f5e25aacd8,prior_expanding_mean,prior_history_plus_match_context,leave_one_athlete_out:6a2ca03c-e61b-4589-a931-58f5e25aacd8,35.0,35.4,96.9529085872576,-0.3999999999999986
rest_daily_1fdf1d5bbe31da02,957de0b1-7ee9-437c-b47b-dffd09b6653a,prior_expanding_median,prior_history_plus_match_context,leave_one_athlete_out:957de0b1-7ee9-437c-b47b-dffd09b6653a,26.4,26.8,98.50746268656717,-0.40000000000000213
rest_daily_ce8b5b7b591dd0fd,957de0b1-7ee9-437c-b47b-dffd09b6653a,prior_expanding_median,prior_history_plus_match_context,leave_one_athlete_out:957de0b1-7ee9-437c-b47b-dffd09b6653a,24.2,26.8,90.29850746268656,-2.6000000000000014
rest_daily_5725581e019f5fa6,957de0b1-7ee9-437c-b47b-dffd09b6653a,prior_expanding_median,prior_history_plus_match_context,leave_one_athlete_out:957de0b1-7ee9-437c-b47b-dffd09b6653a,25.2,26.8,94.02985074626864,-1.6000000000000014
rest_daily_9fdde10651bde0b4,957de0b1-7ee9-437c-b47b-dffd09b6653a,prior_expanding_median,prior_history_plus_match_context,leave_one_athlete_out:957de0b1-7ee9-437c-b47b-dffd09b6653a,25.9,26.8,96.64179104477611,-0.9000000000000021
rest_daily_4cc527b910742f5f,957de0b1-7ee9-437c-b47b-dffd09b6653a,prior_expanding_median,prior_history_plus_match_context,leave_one_athlete_out:957de0b1-7ee9-437c-b47b-dffd09b6653a,24.4,26.6,91.72932330827066,-2.200000000000003
rest_daily_a682083333fcffda,957de0b1-7ee9-437c-b47b-dffd09b6653a,prior_expanding_median,prior_history_plus_match_context,leave_one_athlete_out:957de0b1-7ee9-437c-b47b-dffd09b6653a,26.0,26.4,98.48484848484848,-0.3999999999999986
rest_daily_baad225df3d4f040,957de0b1-7ee9-437c-b47b-dffd09b6653a,prior_expanding_median,prior_history_plus_match_context,leave_one_athlete_out:957de0b1-7ee9-437c-b47b-dffd09b6653a,27.5,26.2,104.9618320610687,1.3000000000000007
rest_daily_24526a257b340324,957de0b1-7ee9-437c-b47b-dffd09b6653a,prior_expanding_median,prior_history_plus_match_context,leave_one_athlete_out:957de0b1-7ee9-437c-b47b-dffd09b6653a,27.2,26.4,103.03030303030305,0.8000000000000007
rest_daily_f51837b525fe2758,957de0b1-7ee9-437c-b47b-dffd09b6653a,prior_expanding_median,prior_history_plus_match_context,leave_one_athlete_out:957de0b1-7ee9-437c-b47b-dffd09b6653a,27.5,26.6,103.38345864661652,0.8999999999999986
rest_daily_1fdf1d5bbe31da02,957de0b1-7ee9-437c-b47b-dffd09b6653a,prior_expanding_mean,prior_history_plus_match_context,leave_one_athlete_out:957de0b1-7ee9-437c-b47b-dffd09b6653a,26.4,27.2,98.50746268656717,-0.8000000000000007
rest_daily_ce8b5b7b591dd0fd,957de0b1-7ee9-437c-b47b-dffd09b6653a,prior_expanding_mean,prior_history_plus_match_context,leave_one_athlete_out:957de0b1-7ee9-437c-b47b-dffd09b6653a,24.2,27.04,90.29850746268656,-2.84
rest_daily_5725581e019f5fa6,957de0b1-7ee9-437c-b47b-dffd09b6653a,prior_expanding_mean,prior_history_plus_match_context,leave_one_athlete_out:957de0b1-7ee9-437c-b47b-dffd09b6653a,25.2,26.566666666666663,94.02985074626864,-1.3666666666666636
rest_daily_9fdde10651bde0b4,957de0b1-7ee9-437c-b47b-dffd09b6653a,prior_expanding_mean,prior_history_plus_match_context,leave_one_athlete_out:957de0b1-7ee9-437c-b47b-dffd09b6653a,25.9,26.371428571428567,96.64179104477611,-0.471428571428568
rest_daily_4cc527b910742f5f,957de0b1-7ee9-437c-b47b-dffd09b6653a,prior_expanding_mean,prior_history_plus_match_context,leave_one_athlete_out:957de0b1-7ee9-437c-b47b-dffd09b6653a,24.4,26.3125,91.72932330827066,-1.9125000000000014
rest_daily_a682083333fcffda,957de0b1-7ee9-437c-b47b-dffd09b6653a,prior_expanding_mean,prior_history_plus_match_context,leave_one_athlete_out:957de0b1-7ee9-437c-b47b-dffd09b6653a,26.0,26.1,98.48484848484848,-0.10000000000000142
rest_daily_baad225df3d4f040,957de0b1-7ee9-437c-b47b-dffd09b6653a,prior_expanding_mean,prior_history_plus_match_context,leave_one_athlete_out:957de0b1-7ee9-437c-b47b-dffd09b6653a,27.5,26.089999999999996,104.9618320610687,1.4100000000000037
rest_daily_24526a257b340324,957de0b1-7ee9-437c-b47b-dffd09b6653a,prior_expanding_mean,prior_history_plus_match_context,leave_one_athlete_out:957de0b1-7ee9-437c-b47b-dffd09b6653a,27.2,26.218181818181815,103.03030303030305,0.9818181818181841
rest_daily_f51837b525fe2758,957de0b1-7ee9-437c-b47b-dffd09b6653a,prior_expanding_mean,prior_history_plus_match_context,leave_one_athlete_out:957de0b1-7ee9-437c-b47b-dffd09b6653a,27.5,26.299999999999997,103.38345864661652,1.2000000000000028
rest_daily_44c060af4bc142ed,e362b878-9920-4dcf-9ab7-687a194a821c,prior_expanding_median,prior_history_plus_match_context,leave_one_athlete_out:e362b878-9920-4dcf-9ab7-687a194a821c,35.0,35.8,97.76536312849164,-0.7999999999999972
rest_daily_e1f7ae429e1b28de,e362b878-9920-4dcf-9ab7-687a194a821c,prior_expanding_median,prior_history_plus_match_context,leave_one_athlete_out:e362b878-9920-4dcf-9ab7-687a194a821c,32.8,35.7,91.8767507002801,-2.9000000000000057
rest_daily_23de18e0c8746cd7,e362b878-9920-4dcf-9ab7-687a194a821c,prior_expanding_median,prior_history_plus_match_context,leave_one_athlete_out:e362b878-9920-4dcf-9ab7-687a194a821c,35.3,35.6,99.1573033707865,-0.30000000000000426
rest_daily_19d7ba07a6d15f62,e362b878-9920-4dcf-9ab7-687a194a821c,prior_expanding_median,prior_history_plus_match_context,leave_one_athlete_out:e362b878-9920-4dcf-9ab7-687a194a821c,32.0,35.45,90.26798307475316,-3.450000000000003
rest_daily_6f1321ab0e065ca1,e362b878-9920-4dcf-9ab7-687a194a821c,prior_expanding_median,prior_history_plus_match_context,leave_one_athlete_out:e362b878-9920-4dcf-9ab7-687a194a821c,32.6,35.3,92.35127478753542,-2.6999999999999957
rest_daily_8b1130c2e482bf87,e362b878-9920-4dcf-9ab7-687a194a821c,prior_expanding_median,prior_history_plus_match_context,leave_one_athlete_out:e362b878-9920-4dcf-9ab7-687a194a821c,30.7,35.15,87.33997155049786,-4.449999999999999
rest_daily_aac7a0cea32a78f6,e362b878-9920-4dcf-9ab7-687a194a821c,prior_expanding_median,prior_history_plus_match_context,leave_one_athlete_out:e362b878-9920-4dcf-9ab7-687a194a821c,33.5,32.8,102.13414634146342,0.7000000000000028
rest_daily_44c060af4bc142ed,e362b878-9920-4dcf-9ab7-687a194a821c,prior_expanding_mean,prior_history_plus_match_context,leave_one_athlete_out:e362b878-9920-4dcf-9ab7-687a194a821c,35.0,35.86666666666667,97.76536312849164,-0.8666666666666671
rest_daily_e1f7ae429e1b28de,e362b878-9920-4dcf-9ab7-687a194a821c,prior_expanding_mean,prior_history_plus_match_context,leave_one_athlete_out:e362b878-9920-4dcf-9ab7-687a194a821c,32.8,35.650000000000006,91.8767507002801,-2.8500000000000085
rest_daily_23de18e0c8746cd7,e362b878-9920-4dcf-9ab7-687a194a821c,prior_expanding_mean,prior_history_plus_match_context,leave_one_athlete_out:e362b878-9920-4dcf-9ab7-687a194a821c,35.3,35.080000000000005,99.1573033707865,0.21999999999999176
rest_daily_19d7ba07a6d15f62,e362b878-9920-4dcf-9ab7-687a194a821c,prior_expanding_mean,prior_history_plus_match_context,leave_one_athlete_out:e362b878-9920-4dcf-9ab7-687a194a821c,32.0,35.116666666666674,90.26798307475316,-3.1166666666666742
rest_daily_6f1321ab0e065ca1,e362b878-9920-4dcf-9ab7-687a194a821c,prior_expanding_mean,prior_history_plus_match_context,leave_one_athlete_out:e362b878-9920-4dcf-9ab7-687a194a821c,32.6,34.67142857142858,92.35127478753542,-2.0714285714285765
rest_daily_8b1130c2e482bf87,e362b878-9920-4dcf-9ab7-687a194a821c,prior_expanding_mean,prior_history_plus_match_context,leave_one_athlete_out:e362b878-9920-4dcf-9ab7-687a194a821c,30.7,34.4125,87.33997155049786,-3.712500000000002
rest_daily_aac7a0cea32a78f6,e362b878-9920-4dcf-9ab7-687a194a821c,prior_expanding_mean,prior_history_plus_match_context,leave_one_athlete_out:e362b878-9920-4dcf-9ab7-687a194a821c,33.5,33.76363636363636,102.13414634146342,-0.26363636363635834
rest_daily_6f910bb9a01cd557,687552ea-5963-45df-8680-c4c6058eab87,prior_expanding_median,prior_history_plus_match_context,leave_one_athlete_out:687552ea-5963-45df-8680-c4c6058eab87,35.7,38.9,91.7737789203085,-3.1999999999999957
rest_daily_21d41c9eaff91990,687552ea-5963-45df-8680-c4c6058eab87,prior_expanding_median,prior_history_plus_match_context,leave_one_athlete_out:687552ea-5963-45df-8680-c4c6058eab87,43.9,37.5,117.06666666666666,6.399999999999999
rest_daily_12a68c9036898205,687552ea-5963-45df-8680-c4c6058eab87,prior_expanding_median,prior_history_plus_match_context,leave_one_athlete_out:687552ea-5963-45df-8680-c4c6058eab87,42.7,38.9,109.76863753213368,3.8000000000000043
rest_daily_e3c98654c7975c33,687552ea-5963-45df-8680-c4c6058eab87,prior_expanding_median,prior_history_plus_match_context,leave_one_athlete_out:687552ea-5963-45df-8680-c4c6058eab87,41.3,40.5,101.9753086419753,0.7999999999999972
rest_daily_bb1d299fe508ad69,687552ea-5963-45df-8680-c4c6058eab87,prior_expanding_median,prior_history_plus_match_context,leave_one_athlete_out:687552ea-5963-45df-8680-c4c6058eab87,36.8,41.3,89.10411622276028,-4.5
rest_daily_1b6135ddcedae6ca,687552ea-5963-45df-8680-c4c6058eab87,prior_expanding_median,prior_history_plus_match_context,leave_one_athlete_out:687552ea-5963-45df-8680-c4c6058eab87,36.4,40.099999999999994,90.77306733167084,-3.6999999999999957
rest_daily_b5aee6d21878a523,687552ea-5963-45df-8680-c4c6058eab87,prior_expanding_median,prior_history_plus_match_context,leave_one_athlete_out:687552ea-5963-45df-8680-c4c6058eab87,37.5,38.9,96.40102827763496,-1.3999999999999986
rest_daily_6f910bb9a01cd557,687552ea-5963-45df-8680-c4c6058eab87,prior_expanding_mean,prior_history_plus_match_context,leave_one_athlete_out:687552ea-5963-45df-8680-c4c6058eab87,35.7,39.03333333333333,91.7737789203085,-3.3333333333333286
rest_daily_21d41c9eaff91990,687552ea-5963-45df-8680-c4c6058eab87,prior_expanding_mean,prior_history_plus_match_context,leave_one_athlete_out:687552ea-5963-45df-8680-c4c6058eab87,43.9,38.2,117.06666666666666,5.699999999999996
rest_daily_12a68c9036898205,687552ea-5963-45df-8680-c4c6058eab87,prior_expanding_mean,prior_history_plus_match_context,leave_one_athlete_out:687552ea-5963-45df-8680-c4c6058eab87,42.7,39.34,109.76863753213368,3.3599999999999994
rest_daily_e3c98654c7975c33,687552ea-5963-45df-8680-c4c6058eab87,prior_expanding_mean,prior_history_plus_match_context,leave_one_athlete_out:687552ea-5963-45df-8680-c4c6058eab87,41.3,39.900000000000006,101.9753086419753,1.3999999999999915
rest_daily_bb1d299fe508ad69,687552ea-5963-45df-8680-c4c6058eab87,prior_expanding_mean,prior_history_plus_match_context,leave_one_athlete_out:687552ea-5963-45df-8680-c4c6058eab87,36.8,40.10000000000001,89.10411622276028,-3.3000000000000114
rest_daily_1b6135ddcedae6ca,687552ea-5963-45df-8680-c4c6058eab87,prior_expanding_mean,prior_history_plus_match_context,leave_one_athlete_out:687552ea-5963-45df-8680-c4c6058eab87,36.4,39.6875,90.77306733167084,-3.2875000000000014
rest_daily_b5aee6d21878a523,687552ea-5963-45df-8680-c4c6058eab87,prior_expanding_mean,prior_history_plus_match_context,leave_one_athlete_out:687552ea-5963-45df-8680-c4c6058eab87,37.5,39.32222222222222,96.40102827763496,-1.8222222222222229
rest_daily_a157f3bb920fa92f,c887cb7e-63cf-4dc2-9fd2-8429137ba44b,prior_expanding_median,prior_history_plus_match_context,leave_one_athlete_out:c887cb7e-63cf-4dc2-9fd2-8429137ba44b,30.7,26.4,116.2878787878788,4.300000000000001
rest_daily_b8e40341f54d9616,c887cb7e-63cf-4dc2-9fd2-8429137ba44b,prior_expanding_median,prior_history_plus_match_context,leave_one_athlete_out:c887cb7e-63cf-4dc2-9fd2-8429137ba44b,28.1,27.5,102.1818181818182,0.6000000000000014
rest_daily_1759366c50384ac7,c887cb7e-63cf-4dc2-9fd2-8429137ba44b,prior_expanding_median,prior_history_plus_match_context,leave_one_athlete_out:c887cb7e-63cf-4dc2-9fd2-8429137ba44b,30.0,28.1,106.76156583629891,1.8999999999999986
rest_daily_0663b3b3ac8bbc8c,c887cb7e-63cf-4dc2-9fd2-8429137ba44b,prior_expanding_median,prior_history_plus_match_context,leave_one_athlete_out:c887cb7e-63cf-4dc2-9fd2-8429137ba44b,28.5,28.35,100.52910052910052,0.14999999999999858
rest_daily_64860edccfee005f,c887cb7e-63cf-4dc2-9fd2-8429137ba44b,prior_expanding_median,prior_history_plus_match_context,leave_one_athlete_out:c887cb7e-63cf-4dc2-9fd2-8429137ba44b,28.5,28.5,100.0,0.0
rest_daily_b66d89d81131cac9,c887cb7e-63cf-4dc2-9fd2-8429137ba44b,prior_expanding_median,prior_history_plus_match_context,leave_one_athlete_out:c887cb7e-63cf-4dc2-9fd2-8429137ba44b,26.6,28.5,93.33333333333331,-1.8999999999999986
rest_daily_462b7d0d1d4cce3d,c887cb7e-63cf-4dc2-9fd2-8429137ba44b,prior_expanding_median,prior_history_plus_match_context,leave_one_athlete_out:c887cb7e-63cf-4dc2-9fd2-8429137ba44b,24.4,28.5,85.6140350877193,-4.100000000000001
rest_daily_a157f3bb920fa92f,c887cb7e-63cf-4dc2-9fd2-8429137ba44b,prior_expanding_mean,prior_history_plus_match_context,leave_one_athlete_out:c887cb7e-63cf-4dc2-9fd2-8429137ba44b,30.7,27.133333333333336,116.2878787878788,3.566666666666663
rest_daily_b8e40341f54d9616,c887cb7e-63cf-4dc2-9fd2-8429137ba44b,prior_expanding_mean,prior_history_plus_match_context,leave_one_athlete_out:c887cb7e-63cf-4dc2-9fd2-8429137ba44b,28.1,28.025,102.1818181818182,0.07500000000000284
rest_daily_1759366c50384ac7,c887cb7e-63cf-4dc2-9fd2-8429137ba44b,prior_expanding_mean,prior_history_plus_match_context,leave_one_athlete_out:c887cb7e-63cf-4dc2-9fd2-8429137ba44b,30.0,28.040000000000003,106.76156583629891,1.9599999999999973
rest_daily_0663b3b3ac8bbc8c,c887cb7e-63cf-4dc2-9fd2-8429137ba44b,prior_expanding_mean,prior_history_plus_match_context,leave_one_athlete_out:c887cb7e-63cf-4dc2-9fd2-8429137ba44b,28.5,28.36666666666667,100.52910052910052,0.1333333333333293
rest_daily_64860edccfee005f,c887cb7e-63cf-4dc2-9fd2-8429137ba44b,prior_expanding_mean,prior_history_plus_match_context,leave_one_athlete_out:c887cb7e-63cf-4dc2-9fd2-8429137ba44b,28.5,28.38571428571429,100.0,0.11428571428571033
rest_daily_b66d89d81131cac9,c887cb7e-63cf-4dc2-9fd2-8429137ba44b,prior_expanding_mean,prior_history_plus_match_context,leave_one_athlete_out:c887cb7e-63cf-4dc2-9fd2-8429137ba44b,26.6,28.4,93.33333333333331,-1.7999999999999972
rest_daily_462b7d0d1d4cce3d,c887cb7e-63cf-4dc2-9fd2-8429137ba44b,prior_expanding_mean,prior_history_plus_match_context,leave_one_athlete_out:c887cb7e-63cf-4dc2-9fd2-8429137ba44b,24.4,28.2,85.6140350877193,-3.8000000000000007
rest_daily_6f2bd48791757d01,e6e4e3b9-5cfa-42c6-a4cd-0f96561de3eb,prior_expanding_median,prior_history_plus_match_context,leave_one_athlete_out:e6e4e3b9-5cfa-42c6-a4cd-0f96561de3eb,32.5,32.3,100.61919504643964,0.20000000000000284
rest_daily_02d5b5624ca2a01d,e6e4e3b9-5cfa-42c6-a4cd-0f96561de3eb,prior_expanding_median,prior_history_plus_match_context,leave_one_athlete_out:e6e4e3b9-5cfa-42c6-a4cd-0f96561de3eb,30.3,32.4,93.51851851851852,-2.099999999999998
rest_daily_5a6dee4fcd56dbce,e6e4e3b9-5cfa-42c6-a4cd-0f96561de3eb,prior_expanding_median,prior_history_plus_match_context,leave_one_athlete_out:e6e4e3b9-5cfa-42c6-a4cd-0f96561de3eb,32.5,32.3,100.61919504643964,0.20000000000000284
rest_daily_ab17f1fc7853a9d6,e6e4e3b9-5cfa-42c6-a4cd-0f96561de3eb,prior_expanding_median,prior_history_plus_match_context,leave_one_athlete_out:e6e4e3b9-5cfa-42c6-a4cd-0f96561de3eb,29.9,32.4,92.28395061728396,-2.5
rest_daily_9f0c016dc4398960,e6e4e3b9-5cfa-42c6-a4cd-0f96561de3eb,prior_expanding_median,prior_history_plus_match_context,leave_one_athlete_out:e6e4e3b9-5cfa-42c6-a4cd-0f96561de3eb,25.9,32.3,80.1857585139319,-6.399999999999999
rest_daily_0454c91c3fc710e8,e6e4e3b9-5cfa-42c6-a4cd-0f96561de3eb,prior_expanding_median,prior_history_plus_match_context,leave_one_athlete_out:e6e4e3b9-5cfa-42c6-a4cd-0f96561de3eb,30.8,31.549999999999997,97.62282091917592,-0.7499999999999964
rest_daily_6f2bd48791757d01,e6e4e3b9-5cfa-42c6-a4cd-0f96561de3eb,prior_expanding_mean,prior_history_plus_match_context,leave_one_athlete_out:e6e4e3b9-5cfa-42c6-a4cd-0f96561de3eb,32.5,32.46666666666666,100.61919504643964,0.033333333333338544
rest_daily_02d5b5624ca2a01d,e6e4e3b9-5cfa-42c6-a4cd-0f96561de3eb,prior_expanding_mean,prior_history_plus_match_context,leave_one_athlete_out:e6e4e3b9-5cfa-42c6-a4cd-0f96561de3eb,30.3,32.474999999999994,93.51851851851852,-2.1749999999999936
rest_daily_5a6dee4fcd56dbce,e6e4e3b9-5cfa-42c6-a4cd-0f96561de3eb,prior_expanding_mean,prior_history_plus_match_context,leave_one_athlete_out:e6e4e3b9-5cfa-42c6-a4cd-0f96561de3eb,32.5,32.04,100.61919504643964,0.46000000000000085
rest_daily_ab17f1fc7853a9d6,e6e4e3b9-5cfa-42c6-a4cd-0f96561de3eb,prior_expanding_mean,prior_history_plus_match_context,leave_one_athlete_out:e6e4e3b9-5cfa-42c6-a4cd-0f96561de3eb,29.9,32.11666666666667,92.28395061728396,-2.2166666666666686
rest_daily_9f0c016dc4398960,e6e4e3b9-5cfa-42c6-a4cd-0f96561de3eb,prior_expanding_mean,prior_history_plus_match_context,leave_one_athlete_out:e6e4e3b9-5cfa-42c6-a4cd-0f96561de3eb,25.9,31.8,80.1857585139319,-5.900000000000002
rest_daily_0454c91c3fc710e8,e6e4e3b9-5cfa-42c6-a4cd-0f96561de3eb,prior_expanding_mean,prior_history_plus_match_context,leave_one_athlete_out:e6e4e3b9-5cfa-42c6-a4cd-0f96561de3eb,30.8,31.062499999999996,97.62282091917592,-0.26249999999999574
rest_daily_d6526cc6a798964b,efa2dbe6-24c0-4500-8b7b-1d5d14e1d271,prior_expanding_median,prior_history_plus_match_context,leave_one_athlete_out:efa2dbe6-24c0-4500-8b7b-1d5d14e1d271,35.2,33.5,105.07462686567166,1.7000000000000028
rest_daily_1041700280114f2c,efa2dbe6-24c0-4500-8b7b-1d5d14e1d271,prior_expanding_median,prior_history_plus_match_context,leave_one_athlete_out:efa2dbe6-24c0-4500-8b7b-1d5d14e1d271,29.2,34.15,85.50512445095168,-4.949999999999999
rest_daily_3cf67d5887d878f8,efa2dbe6-24c0-4500-8b7b-1d5d14e1d271,prior_expanding_median,prior_history_plus_match_context,leave_one_athlete_out:efa2dbe6-24c0-4500-8b7b-1d5d14e1d271,31.5,33.4,94.311377245509,-1.8999999999999986
rest_daily_d6526cc6a798964b,efa2dbe6-24c0-4500-8b7b-1d5d14e1d271,prior_expanding_mean,prior_history_plus_match_context,leave_one_athlete_out:efa2dbe6-24c0-4500-8b7b-1d5d14e1d271,35.2,33.86666666666667,105.07462686567166,1.3333333333333357
rest_daily_1041700280114f2c,efa2dbe6-24c0-4500-8b7b-1d5d14e1d271,prior_expanding_mean,prior_history_plus_match_context,leave_one_athlete_out:efa2dbe6-24c0-4500-8b7b-1d5d14e1d271,29.2,34.150000000000006,85.50512445095168,-4.950000000000006
rest_daily_3cf67d5887d878f8,efa2dbe6-24c0-4500-8b7b-1d5d14e1d271,prior_expanding_mean,prior_history_plus_match_context,leave_one_athlete_out:efa2dbe6-24c0-4500-8b7b-1d5d14e1d271,31.5,33.1625,94.311377245509,-1.6625000000000014
rest_daily_82682445d3ee10d1,fd0c9e61-cb99-4d60-ab37-b4b3f5ac60d2,prior_expanding_median,prior_history_plus_match_context,leave_one_athlete_out:fd0c9e61-cb99-4d60-ab37-b4b3f5ac60d2,36.4,37.7,96.55172413793105,-1.3000000000000043
rest_daily_05f48e6e719ac92e,fd0c9e61-cb99-4d60-ab37-b4b3f5ac60d2,prior_expanding_median,prior_history_plus_match_context,leave_one_athlete_out:fd0c9e61-cb99-4d60-ab37-b4b3f5ac60d2,34.4,37.05,92.84750337381917,-2.6499999999999986
rest_daily_efc572538dfe1a10,fd0c9e61-cb99-4d60-ab37-b4b3f5ac60d2,prior_expanding_median,prior_history_plus_match_context,leave_one_athlete_out:fd0c9e61-cb99-4d60-ab37-b4b3f5ac60d2,36.3,36.4,99.72527472527472,-0.10000000000000142
rest_daily_01b75bd63b9e0e56,fd0c9e61-cb99-4d60-ab37-b4b3f5ac60d2,prior_expanding_median,prior_history_plus_match_context,leave_one_athlete_out:fd0c9e61-cb99-4d60-ab37-b4b3f5ac60d2,37.2,36.349999999999994,102.33837689133428,0.8500000000000085
rest_daily_7c83bde87c5be749,fd0c9e61-cb99-4d60-ab37-b4b3f5ac60d2,prior_expanding_median,prior_history_plus_match_context,leave_one_athlete_out:fd0c9e61-cb99-4d60-ab37-b4b3f5ac60d2,35.3,36.4,96.97802197802196,-1.1000000000000014
rest_daily_568874402ae121a6,fd0c9e61-cb99-4d60-ab37-b4b3f5ac60d2,prior_expanding_median,prior_history_plus_match_context,leave_one_athlete_out:fd0c9e61-cb99-4d60-ab37-b4b3f5ac60d2,38.6,36.349999999999994,106.18982118294362,2.250000000000007
rest_daily_e6273f94a99ad120,fd0c9e61-cb99-4d60-ab37-b4b3f5ac60d2,prior_expanding_median,prior_history_plus_match_context,leave_one_athlete_out:fd0c9e61-cb99-4d60-ab37-b4b3f5ac60d2,36.5,36.4,100.27472527472528,0.10000000000000142
rest_daily_addc070e41582078,fd0c9e61-cb99-4d60-ab37-b4b3f5ac60d2,prior_expanding_median,prior_history_plus_match_context,leave_one_athlete_out:fd0c9e61-cb99-4d60-ab37-b4b3f5ac60d2,35.8,36.45,98.21673525377228,-0.6500000000000057
rest_daily_82682445d3ee10d1,fd0c9e61-cb99-4d60-ab37-b4b3f5ac60d2,prior_expanding_mean,prior_history_plus_match_context,leave_one_athlete_out:fd0c9e61-cb99-4d60-ab37-b4b3f5ac60d2,36.4,37.266666666666666,96.55172413793105,-0.8666666666666671
rest_daily_05f48e6e719ac92e,fd0c9e61-cb99-4d60-ab37-b4b3f5ac60d2,prior_expanding_mean,prior_history_plus_match_context,leave_one_athlete_out:fd0c9e61-cb99-4d60-ab37-b4b3f5ac60d2,34.4,37.05,92.84750337381917,-2.6499999999999986
rest_daily_efc572538dfe1a10,fd0c9e61-cb99-4d60-ab37-b4b3f5ac60d2,prior_expanding_mean,prior_history_plus_match_context,leave_one_athlete_out:fd0c9e61-cb99-4d60-ab37-b4b3f5ac60d2,36.3,36.52,99.72527472527472,-0.22000000000000597
rest_daily_01b75bd63b9e0e56,fd0c9e61-cb99-4d60-ab37-b4b3f5ac60d2,prior_expanding_mean,prior_history_plus_match_context,leave_one_athlete_out:fd0c9e61-cb99-4d60-ab37-b4b3f5ac60d2,37.2,36.48333333333333,102.33837689133428,0.7166666666666757
rest_daily_7c83bde87c5be749,fd0c9e61-cb99-4d60-ab37-b4b3f5ac60d2,prior_expanding_mean,prior_history_plus_match_context,leave_one_athlete_out:fd0c9e61-cb99-4d60-ab37-b4b3f5ac60d2,35.3,36.58571428571428,96.97802197802196,-1.2857142857142847
rest_daily_568874402ae121a6,fd0c9e61-cb99-4d60-ab37-b4b3f5ac60d2,prior_expanding_mean,prior_history_plus_match_context,leave_one_athlete_out:fd0c9e61-cb99-4d60-ab37-b4b3f5ac60d2,38.6,36.425,106.18982118294362,2.1750000000000043
rest_daily_e6273f94a99ad120,fd0c9e61-cb99-4d60-ab37-b4b3f5ac60d2,prior_expanding_mean,prior_history_plus_match_context,leave_one_athlete_out:fd0c9e61-cb99-4d60-ab37-b4b3f5ac60d2,36.5,36.666666666666664,100.27472527472528,-0.1666666666666643
rest_daily_addc070e41582078,fd0c9e61-cb99-4d60-ab37-b4b3f5ac60d2,prior_expanding_mean,prior_history_plus_match_context,leave_one_athlete_out:fd0c9e61-cb99-4d60-ab37-b4b3f5ac60d2,35.8,36.65,98.21673525377228,-0.8500000000000014
rest_daily_e0fe6a57d5ba3bee,2068e7ec-51a8-441a-8053-2be7533e613f,prior_expanding_median,prior_history_plus_match_context,leave_one_athlete_out:2068e7ec-51a8-441a-8053-2be7533e613f,45.9,45.3,101.32450331125828,0.6000000000000014
rest_daily_d493fee7cfdb999b,2068e7ec-51a8-441a-8053-2be7533e613f,prior_expanding_median,prior_history_plus_match_context,leave_one_athlete_out:2068e7ec-51a8-441a-8053-2be7533e613f,44.2,44.95,98.33147942157952,-0.75
rest_daily_302c1fbaac2944d8,2068e7ec-51a8-441a-8053-2be7533e613f,prior_expanding_median,prior_history_plus_match_context,leave_one_athlete_out:2068e7ec-51a8-441a-8053-2be7533e613f,40.4,44.6,90.5829596412556,-4.200000000000003
rest_daily_91c3ba85eea8d163,2068e7ec-51a8-441a-8053-2be7533e613f,prior_expanding_median,prior_history_plus_match_context,leave_one_athlete_out:2068e7ec-51a8-441a-8053-2be7533e613f,43.9,44.6,98.4304932735426,-0.7000000000000028
rest_daily_0a396a843fa902b0,2068e7ec-51a8-441a-8053-2be7533e613f,prior_expanding_median,prior_history_plus_match_context,leave_one_athlete_out:2068e7ec-51a8-441a-8053-2be7533e613f,43.3,44.6,97.08520179372196,-1.3000000000000043
rest_daily_e0fe6a57d5ba3bee,2068e7ec-51a8-441a-8053-2be7533e613f,prior_expanding_mean,prior_history_plus_match_context,leave_one_athlete_out:2068e7ec-51a8-441a-8053-2be7533e613f,45.9,44.7,101.32450331125828,1.1999999999999957
rest_daily_d493fee7cfdb999b,2068e7ec-51a8-441a-8053-2be7533e613f,prior_expanding_mean,prior_history_plus_match_context,leave_one_athlete_out:2068e7ec-51a8-441a-8053-2be7533e613f,44.2,44.825,98.33147942157952,-0.625
rest_daily_302c1fbaac2944d8,2068e7ec-51a8-441a-8053-2be7533e613f,prior_expanding_mean,prior_history_plus_match_context,leave_one_athlete_out:2068e7ec-51a8-441a-8053-2be7533e613f,40.4,44.75555555555555,90.5829596412556,-4.355555555555554
rest_daily_91c3ba85eea8d163,2068e7ec-51a8-441a-8053-2be7533e613f,prior_expanding_mean,prior_history_plus_match_context,leave_one_athlete_out:2068e7ec-51a8-441a-8053-2be7533e613f,43.9,44.31999999999999,98.4304932735426,-0.4199999999999946
rest_daily_0a396a843fa902b0,2068e7ec-51a8-441a-8053-2be7533e613f,prior_expanding_mean,prior_history_plus_match_context,leave_one_athlete_out:2068e7ec-51a8-441a-8053-2be7533e613f,43.3,44.281818181818174,97.08520179372196,-0.981818181818177
rest_daily_96bd7b99fb596da4,9cee6de4-93b3-46a7-a018-90f60d705ebb,prior_expanding_median,prior_history_plus_match_context,chronological_holdout:last_30pct_per_athlete_min_1,48.5,48.8,99.38524590163937,-0.29999999999999716
rest_daily_aa66a200e387eba4,9cee6de4-93b3-46a7-a018-90f60d705ebb,prior_expanding_median,prior_history_plus_match_context,chronological_holdout:last_30pct_per_athlete_min_1,45.7,48.65,93.93627954779036,-2.9499999999999957
rest_daily_9576a5f6cfbca811,8d47422f-2512-44a3-a6d6-8feb726f4759,prior_expanding_median,prior_history_plus_match_context,chronological_holdout:last_30pct_per_athlete_min_1,31.8,31.1,102.2508038585209,0.6999999999999993
rest_daily_2b0ad7da5f00c7fb,8d47422f-2512-44a3-a6d6-8feb726f4759,prior_expanding_median,prior_history_plus_match_context,chronological_holdout:last_30pct_per_athlete_min_1,30.5,31.25,97.6,-0.75
rest_daily_c72954ac52f3c08e,ec3fc0a0-ab15-4c0c-b1ad-5243c6e5636f,prior_expanding_median,prior_history_plus_match_context,chronological_holdout:last_30pct_per_athlete_min_1,31.9,30.2,105.62913907284768,1.6999999999999993
rest_daily_50f6f1543ffe74e1,ec3fc0a0-ab15-4c0c-b1ad-5243c6e5636f,prior_expanding_median,prior_history_plus_match_context,chronological_holdout:last_30pct_per_athlete_min_1,29.8,30.799999999999997,96.75324675324676,-0.9999999999999964
rest_daily_6c805b4dd0c2cf3f,f2b08928-a410-4d1d-9f19-1f8c063a6311,prior_expanding_median,prior_history_plus_match_context,chronological_holdout:last_30pct_per_athlete_min_1,31.5,31.5,100.0,0.0
rest_daily_472237620c8063bf,86fed448-f51d-4005-aef8-bd9413933cbe,prior_expanding_median,prior_history_plus_match_context,chronological_holdout:last_30pct_per_athlete_min_1,29.8,30.7,97.0684039087948,-0.8999999999999986
rest_daily_a309a15592c25132,86fed448-f51d-4005-aef8-bd9413933cbe,prior_expanding_median,prior_history_plus_match_context,chronological_holdout:last_30pct_per_athlete_min_1,30.1,30.7,98.0456026058632,-0.5999999999999979
rest_daily_bea3758949606720,86fed448-f51d-4005-aef8-bd9413933cbe,prior_expanding_median,prior_history_plus_match_context,chronological_holdout:last_30pct_per_athlete_min_1,33.6,30.65,109.62479608482872,2.950000000000003
rest_daily_1c3acd1f7c8cf85f,a2d89dcf-6bd1-445b-bc9c-7ac6b852a9fc,prior_expanding_median,prior_history_plus_match_context,chronological_holdout:last_30pct_per_athlete_min_1,26.1,26.0,100.3846153846154,0.10000000000000142
rest_daily_a5cab1550d5946e9,a2d89dcf-6bd1-445b-bc9c-7ac6b852a9fc,prior_expanding_median,prior_history_plus_match_context,chronological_holdout:last_30pct_per_athlete_min_1,26.1,26.05,100.1919385796545,0.05000000000000071
rest_daily_1a821f8053bae41e,6a2ca03c-e61b-4589-a931-58f5e25aacd8,prior_expanding_median,prior_history_plus_match_context,chronological_holdout:last_30pct_per_athlete_min_1,35.0,36.1,96.9529085872576,-1.1000000000000014
rest_daily_baad225df3d4f040,957de0b1-7ee9-437c-b47b-dffd09b6653a,prior_expanding_median,prior_history_plus_match_context,chronological_holdout:last_30pct_per_athlete_min_1,27.5,26.2,104.9618320610687,1.3000000000000007
rest_daily_24526a257b340324,957de0b1-7ee9-437c-b47b-dffd09b6653a,prior_expanding_median,prior_history_plus_match_context,chronological_holdout:last_30pct_per_athlete_min_1,27.2,26.4,103.03030303030305,0.8000000000000007
rest_daily_f51837b525fe2758,957de0b1-7ee9-437c-b47b-dffd09b6653a,prior_expanding_median,prior_history_plus_match_context,chronological_holdout:last_30pct_per_athlete_min_1,27.5,26.6,103.38345864661652,0.8999999999999986
rest_daily_6f1321ab0e065ca1,e362b878-9920-4dcf-9ab7-687a194a821c,prior_expanding_median,prior_history_plus_match_context,chronological_holdout:last_30pct_per_athlete_min_1,32.6,35.3,92.35127478753542,-2.6999999999999957
rest_daily_8b1130c2e482bf87,e362b878-9920-4dcf-9ab7-687a194a821c,prior_expanding_median,prior_history_plus_match_context,chronological_holdout:last_30pct_per_athlete_min_1,30.7,35.15,87.33997155049786,-4.449999999999999
rest_daily_aac7a0cea32a78f6,e362b878-9920-4dcf-9ab7-687a194a821c,prior_expanding_median,prior_history_plus_match_context,chronological_holdout:last_30pct_per_athlete_min_1,33.5,32.8,102.13414634146342,0.7000000000000028
rest_daily_bb1d299fe508ad69,687552ea-5963-45df-8680-c4c6058eab87,prior_expanding_median,prior_history_plus_match_context,chronological_holdout:last_30pct_per_athlete_min_1,36.8,41.3,89.10411622276028,-4.5
rest_daily_1b6135ddcedae6ca,687552ea-5963-45df-8680-c4c6058eab87,prior_expanding_median,prior_history_plus_match_context,chronological_holdout:last_30pct_per_athlete_min_1,36.4,40.099999999999994,90.77306733167084,-3.6999999999999957
rest_daily_b5aee6d21878a523,687552ea-5963-45df-8680-c4c6058eab87,prior_expanding_median,prior_history_plus_match_context,chronological_holdout:last_30pct_per_athlete_min_1,37.5,38.9,96.40102827763496,-1.3999999999999986
rest_daily_64860edccfee005f,c887cb7e-63cf-4dc2-9fd2-8429137ba44b,prior_expanding_median,prior_history_plus_match_context,chronological_holdout:last_30pct_per_athlete_min_1,28.5,28.5,100.0,0.0
rest_daily_b66d89d81131cac9,c887cb7e-63cf-4dc2-9fd2-8429137ba44b,prior_expanding_median,prior_history_plus_match_context,chronological_holdout:last_30pct_per_athlete_min_1,26.6,28.5,93.33333333333331,-1.8999999999999986
rest_daily_462b7d0d1d4cce3d,c887cb7e-63cf-4dc2-9fd2-8429137ba44b,prior_expanding_median,prior_history_plus_match_context,chronological_holdout:last_30pct_per_athlete_min_1,24.4,28.5,85.6140350877193,-4.100000000000001
rest_daily_9f0c016dc4398960,e6e4e3b9-5cfa-42c6-a4cd-0f96561de3eb,prior_expanding_median,prior_history_plus_match_context,chronological_holdout:last_30pct_per_athlete_min_1,25.9,32.3,80.1857585139319,-6.399999999999999
rest_daily_0454c91c3fc710e8,e6e4e3b9-5cfa-42c6-a4cd-0f96561de3eb,prior_expanding_median,prior_history_plus_match_context,chronological_holdout:last_30pct_per_athlete_min_1,30.8,31.549999999999997,97.62282091917592,-0.7499999999999964
rest_daily_3cf67d5887d878f8,efa2dbe6-24c0-4500-8b7b-1d5d14e1d271,prior_expanding_median,prior_history_plus_match_context,chronological_holdout:last_30pct_per_athlete_min_1,31.5,33.4,94.311377245509,-1.8999999999999986
rest_daily_568874402ae121a6,fd0c9e61-cb99-4d60-ab37-b4b3f5ac60d2,prior_expanding_median,prior_history_plus_match_context,chronological_holdout:last_30pct_per_athlete_min_1,38.6,36.349999999999994,106.18982118294362,2.250000000000007
rest_daily_e6273f94a99ad120,fd0c9e61-cb99-4d60-ab37-b4b3f5ac60d2,prior_expanding_median,prior_history_plus_match_context,chronological_holdout:last_30pct_per_athlete_min_1,36.5,36.4,100.27472527472528,0.10000000000000142
rest_daily_addc070e41582078,fd0c9e61-cb99-4d60-ab37-b4b3f5ac60d2,prior_expanding_median,prior_history_plus_match_context,chronological_holdout:last_30pct_per_athlete_min_1,35.8,36.45,98.21673525377228,-0.6500000000000057
rest_daily_91c3ba85eea8d163,2068e7ec-51a8-441a-8053-2be7533e613f,prior_expanding_median,prior_history_plus_match_context,chronological_holdout:last_30pct_per_athlete_min_1,43.9,44.6,98.4304932735426,-0.7000000000000028
rest_daily_0a396a843fa902b0,2068e7ec-51a8-441a-8053-2be7533e613f,prior_expanding_median,prior_history_plus_match_context,chronological_holdout:last_30pct_per_athlete_min_1,43.3,44.6,97.08520179372196,-1.3000000000000043
rest_daily_96bd7b99fb596da4,9cee6de4-93b3-46a7-a018-90f60d705ebb,prior_expanding_mean,prior_history_plus_match_context,chronological_holdout:last_30pct_per_athlete_min_1,48.5,47.34285714285715,99.38524590163937,1.1571428571428513
rest_daily_aa66a200e387eba4,9cee6de4-93b3-46a7-a018-90f60d705ebb,prior_expanding_mean,prior_history_plus_match_context,chronological_holdout:last_30pct_per_athlete_min_1,45.7,47.4875,93.93627954779036,-1.7874999999999943
rest_daily_9576a5f6cfbca811,8d47422f-2512-44a3-a6d6-8feb726f4759,prior_expanding_mean,prior_history_plus_match_context,chronological_holdout:last_30pct_per_athlete_min_1,31.8,31.11428571428571,102.2508038585209,0.6857142857142904
rest_daily_2b0ad7da5f00c7fb,8d47422f-2512-44a3-a6d6-8feb726f4759,prior_expanding_mean,prior_history_plus_match_context,chronological_holdout:last_30pct_per_athlete_min_1,30.5,31.200000000000003,97.6,-0.7000000000000028
rest_daily_c72954ac52f3c08e,ec3fc0a0-ab15-4c0c-b1ad-5243c6e5636f,prior_expanding_mean,prior_history_plus_match_context,chronological_holdout:last_30pct_per_athlete_min_1,31.9,30.300000000000004,105.62913907284768,1.5999999999999943
rest_daily_50f6f1543ffe74e1,ec3fc0a0-ab15-4c0c-b1ad-5243c6e5636f,prior_expanding_mean,prior_history_plus_match_context,chronological_holdout:last_30pct_per_athlete_min_1,29.8,30.5,96.75324675324676,-0.6999999999999993
rest_daily_6c805b4dd0c2cf3f,f2b08928-a410-4d1d-9f19-1f8c063a6311,prior_expanding_mean,prior_history_plus_match_context,chronological_holdout:last_30pct_per_athlete_min_1,31.5,31.53333333333333,100.0,-0.03333333333333144
rest_daily_472237620c8063bf,86fed448-f51d-4005-aef8-bd9413933cbe,prior_expanding_mean,prior_history_plus_match_context,chronological_holdout:last_30pct_per_athlete_min_1,29.8,30.7875,97.0684039087948,-0.9875000000000007
rest_daily_a309a15592c25132,86fed448-f51d-4005-aef8-bd9413933cbe,prior_expanding_mean,prior_history_plus_match_context,chronological_holdout:last_30pct_per_athlete_min_1,30.1,30.67777777777778,98.0456026058632,-0.5777777777777793
rest_daily_bea3758949606720,86fed448-f51d-4005-aef8-bd9413933cbe,prior_expanding_mean,prior_history_plus_match_context,chronological_holdout:last_30pct_per_athlete_min_1,33.6,30.620000000000005,109.62479608482872,2.979999999999997
rest_daily_1c3acd1f7c8cf85f,a2d89dcf-6bd1-445b-bc9c-7ac6b852a9fc,prior_expanding_mean,prior_history_plus_match_context,chronological_holdout:last_30pct_per_athlete_min_1,26.1,26.228571428571428,100.3846153846154,-0.12857142857142634
rest_daily_a5cab1550d5946e9,a2d89dcf-6bd1-445b-bc9c-7ac6b852a9fc,prior_expanding_mean,prior_history_plus_match_context,chronological_holdout:last_30pct_per_athlete_min_1,26.1,26.2125,100.1919385796545,-0.11249999999999716
rest_daily_1a821f8053bae41e,6a2ca03c-e61b-4589-a931-58f5e25aacd8,prior_expanding_mean,prior_history_plus_match_context,chronological_holdout:last_30pct_per_athlete_min_1,35.0,35.4,96.9529085872576,-0.3999999999999986
rest_daily_baad225df3d4f040,957de0b1-7ee9-437c-b47b-dffd09b6653a,prior_expanding_mean,prior_history_plus_match_context,chronological_holdout:last_30pct_per_athlete_min_1,27.5,26.089999999999996,104.9618320610687,1.4100000000000037
rest_daily_24526a257b340324,957de0b1-7ee9-437c-b47b-dffd09b6653a,prior_expanding_mean,prior_history_plus_match_context,chronological_holdout:last_30pct_per_athlete_min_1,27.2,26.218181818181815,103.03030303030305,0.9818181818181841
rest_daily_f51837b525fe2758,957de0b1-7ee9-437c-b47b-dffd09b6653a,prior_expanding_mean,prior_history_plus_match_context,chronological_holdout:last_30pct_per_athlete_min_1,27.5,26.299999999999997,103.38345864661652,1.2000000000000028
rest_daily_6f1321ab0e065ca1,e362b878-9920-4dcf-9ab7-687a194a821c,prior_expanding_mean,prior_history_plus_match_context,chronological_holdout:last_30pct_per_athlete_min_1,32.6,34.67142857142858,92.35127478753542,-2.0714285714285765
rest_daily_8b1130c2e482bf87,e362b878-9920-4dcf-9ab7-687a194a821c,prior_expanding_mean,prior_history_plus_match_context,chronological_holdout:last_30pct_per_athlete_min_1,30.7,34.4125,87.33997155049786,-3.712500000000002
rest_daily_aac7a0cea32a78f6,e362b878-9920-4dcf-9ab7-687a194a821c,prior_expanding_mean,prior_history_plus_match_context,chronological_holdout:last_30pct_per_athlete_min_1,33.5,33.76363636363636,102.13414634146342,-0.26363636363635834
rest_daily_bb1d299fe508ad69,687552ea-5963-45df-8680-c4c6058eab87,prior_expanding_mean,prior_history_plus_match_context,chronological_holdout:last_30pct_per_athlete_min_1,36.8,40.10000000000001,89.10411622276028,-3.3000000000000114
rest_daily_1b6135ddcedae6ca,687552ea-5963-45df-8680-c4c6058eab87,prior_expanding_mean,prior_history_plus_match_context,chronological_holdout:last_30pct_per_athlete_min_1,36.4,39.6875,90.77306733167084,-3.2875000000000014
rest_daily_b5aee6d21878a523,687552ea-5963-45df-8680-c4c6058eab87,prior_expanding_mean,prior_history_plus_match_context,chronological_holdout:last_30pct_per_athlete_min_1,37.5,39.32222222222222,96.40102827763496,-1.8222222222222229
rest_daily_64860edccfee005f,c887cb7e-63cf-4dc2-9fd2-8429137ba44b,prior_expanding_mean,prior_history_plus_match_context,chronological_holdout:last_30pct_per_athlete_min_1,28.5,28.38571428571429,100.0,0.11428571428571033
rest_daily_b66d89d81131cac9,c887cb7e-63cf-4dc2-9fd2-8429137ba44b,prior_expanding_mean,prior_history_plus_match_context,chronological_holdout:last_30pct_per_athlete_min_1,26.6,28.4,93.33333333333331,-1.7999999999999972
rest_daily_462b7d0d1d4cce3d,c887cb7e-63cf-4dc2-9fd2-8429137ba44b,prior_expanding_mean,prior_history_plus_match_context,chronological_holdout:last_30pct_per_athlete_min_1,24.4,28.2,85.6140350877193,-3.8000000000000007
rest_daily_9f0c016dc4398960,e6e4e3b9-5cfa-42c6-a4cd-0f96561de3eb,prior_expanding_mean,prior_history_plus_match_context,chronological_holdout:last_30pct_per_athlete_min_1,25.9,31.8,80.1857585139319,-5.900000000000002
rest_daily_0454c91c3fc710e8,e6e4e3b9-5cfa-42c6-a4cd-0f96561de3eb,prior_expanding_mean,prior_history_plus_match_context,chronological_holdout:last_30pct_per_athlete_min_1,30.8,31.062499999999996,97.62282091917592,-0.26249999999999574
rest_daily_3cf67d5887d878f8,efa2dbe6-24c0-4500-8b7b-1d5d14e1d271,prior_expanding_mean,prior_history_plus_match_context,chronological_holdout:last_30pct_per_athlete_min_1,31.5,33.1625,94.311377245509,-1.6625000000000014
rest_daily_568874402ae121a6,fd0c9e61-cb99-4d60-ab37-b4b3f5ac60d2,prior_expanding_mean,prior_history_plus_match_context,chronological_holdout:last_30pct_per_athlete_min_1,38.6,36.425,106.18982118294362,2.1750000000000043
rest_daily_e6273f94a99ad120,fd0c9e61-cb99-4d60-ab37-b4b3f5ac60d2,prior_expanding_mean,prior_history_plus_match_context,chronological_holdout:last_30pct_per_athlete_min_1,36.5,36.666666666666664,100.27472527472528,-0.1666666666666643
rest_daily_addc070e41582078,fd0c9e61-cb99-4d60-ab37-b4b3f5ac60d2,prior_expanding_mean,prior_history_plus_match_context,chronological_holdout:last_30pct_per_athlete_min_1,35.8,36.65,98.21673525377228,-0.8500000000000014
rest_daily_91c3ba85eea8d163,2068e7ec-51a8-441a-8053-2be7533e613f,prior_expanding_mean,prior_history_plus_match_context,chronological_holdout:last_30pct_per_athlete_min_1,43.9,44.31999999999999,98.4304932735426,-0.4199999999999946
rest_daily_0a396a843fa902b0,2068e7ec-51a8-441a-8053-2be7533e613f,prior_expanding_mean,prior_history_plus_match_context,chronological_holdout:last_30pct_per_athlete_min_1,43.3,44.281818181818174,97.08520179372196,-0.981818181818177
rest_daily_a4f0947d555bcfe1,9cee6de4-93b3-46a7-a018-90f60d705ebb,prior_expanding_median,prior_history_plus_actigraphy,leave_one_athlete_out:9cee6de4-93b3-46a7-a018-90f60d705ebb,48.8,48.5,100.61855670103093,0.29999999999999716
rest_daily_b0a59a0abf0c6f21,9cee6de4-93b3-46a7-a018-90f60d705ebb,prior_expanding_median,prior_history_plus_actigraphy,leave_one_athlete_out:9cee6de4-93b3-46a7-a018-90f60d705ebb,49.3,48.65,101.33607399794452,0.6499999999999986
rest_daily_ad64c57187148a23,9cee6de4-93b3-46a7-a018-90f60d705ebb,prior_expanding_median,prior_history_plus_actigraphy,leave_one_athlete_out:9cee6de4-93b3-46a7-a018-90f60d705ebb,50.0,48.8,102.45901639344262,1.2000000000000028
rest_daily_bdb6766b9448f55b,9cee6de4-93b3-46a7-a018-90f60d705ebb,prior_expanding_median,prior_history_plus_actigraphy,leave_one_athlete_out:9cee6de4-93b3-46a7-a018-90f60d705ebb,37.5,49.05,76.45259938837921,-11.549999999999997
rest_daily_96bd7b99fb596da4,9cee6de4-93b3-46a7-a018-90f60d705ebb,prior_expanding_median,prior_history_plus_actigraphy,leave_one_athlete_out:9cee6de4-93b3-46a7-a018-90f60d705ebb,48.5,48.8,99.38524590163937,-0.29999999999999716
rest_daily_aa66a200e387eba4,9cee6de4-93b3-46a7-a018-90f60d705ebb,prior_expanding_median,prior_history_plus_actigraphy,leave_one_athlete_out:9cee6de4-93b3-46a7-a018-90f60d705ebb,45.7,48.65,93.93627954779036,-2.9499999999999957
rest_daily_a4f0947d555bcfe1,9cee6de4-93b3-46a7-a018-90f60d705ebb,prior_expanding_mean,prior_history_plus_actigraphy,leave_one_athlete_out:9cee6de4-93b3-46a7-a018-90f60d705ebb,48.8,48.6,100.61855670103093,0.19999999999999574
rest_daily_b0a59a0abf0c6f21,9cee6de4-93b3-46a7-a018-90f60d705ebb,prior_expanding_mean,prior_history_plus_actigraphy,leave_one_athlete_out:9cee6de4-93b3-46a7-a018-90f60d705ebb,49.3,48.650000000000006,101.33607399794452,0.6499999999999915
rest_daily_ad64c57187148a23,9cee6de4-93b3-46a7-a018-90f60d705ebb,prior_expanding_mean,prior_history_plus_actigraphy,leave_one_athlete_out:9cee6de4-93b3-46a7-a018-90f60d705ebb,50.0,48.78000000000001,102.45901639344262,1.2199999999999918
rest_daily_bdb6766b9448f55b,9cee6de4-93b3-46a7-a018-90f60d705ebb,prior_expanding_mean,prior_history_plus_actigraphy,leave_one_athlete_out:9cee6de4-93b3-46a7-a018-90f60d705ebb,37.5,48.98333333333334,76.45259938837921,-11.483333333333341
rest_daily_96bd7b99fb596da4,9cee6de4-93b3-46a7-a018-90f60d705ebb,prior_expanding_mean,prior_history_plus_actigraphy,leave_one_athlete_out:9cee6de4-93b3-46a7-a018-90f60d705ebb,48.5,47.34285714285715,99.38524590163937,1.1571428571428513
rest_daily_aa66a200e387eba4,9cee6de4-93b3-46a7-a018-90f60d705ebb,prior_expanding_mean,prior_history_plus_actigraphy,leave_one_athlete_out:9cee6de4-93b3-46a7-a018-90f60d705ebb,45.7,47.4875,93.93627954779036,-1.7874999999999943
rest_daily_b711ef41b7e72a58,8d47422f-2512-44a3-a6d6-8feb726f4759,prior_expanding_median,prior_history_plus_actigraphy,leave_one_athlete_out:8d47422f-2512-44a3-a6d6-8feb726f4759,32.2,31.4,102.54777070063696,0.8000000000000043
rest_daily_0056b953332cf48c,8d47422f-2512-44a3-a6d6-8feb726f4759,prior_expanding_median,prior_history_plus_actigraphy,leave_one_athlete_out:8d47422f-2512-44a3-a6d6-8feb726f4759,31.1,31.2,99.67948717948718,-0.09999999999999787
rest_daily_9576a5f6cfbca811,8d47422f-2512-44a3-a6d6-8feb726f4759,prior_expanding_median,prior_history_plus_actigraphy,leave_one_athlete_out:8d47422f-2512-44a3-a6d6-8feb726f4759,31.8,31.1,102.2508038585209,0.6999999999999993
rest_daily_2b0ad7da5f00c7fb,8d47422f-2512-44a3-a6d6-8feb726f4759,prior_expanding_median,prior_history_plus_actigraphy,leave_one_athlete_out:8d47422f-2512-44a3-a6d6-8feb726f4759,30.5,31.25,97.6,-0.75
rest_daily_b711ef41b7e72a58,8d47422f-2512-44a3-a6d6-8feb726f4759,prior_expanding_mean,prior_history_plus_actigraphy,leave_one_athlete_out:8d47422f-2512-44a3-a6d6-8feb726f4759,32.2,31.366666666666664,102.54777070063696,0.8333333333333393
rest_daily_0056b953332cf48c,8d47422f-2512-44a3-a6d6-8feb726f4759,prior_expanding_mean,prior_history_plus_actigraphy,leave_one_athlete_out:8d47422f-2512-44a3-a6d6-8feb726f4759,31.1,31.116666666666664,99.67948717948718,-0.016666666666662167
rest_daily_9576a5f6cfbca811,8d47422f-2512-44a3-a6d6-8feb726f4759,prior_expanding_mean,prior_history_plus_actigraphy,leave_one_athlete_out:8d47422f-2512-44a3-a6d6-8feb726f4759,31.8,31.11428571428571,102.2508038585209,0.6857142857142904
rest_daily_2b0ad7da5f00c7fb,8d47422f-2512-44a3-a6d6-8feb726f4759,prior_expanding_mean,prior_history_plus_actigraphy,leave_one_athlete_out:8d47422f-2512-44a3-a6d6-8feb726f4759,30.5,31.200000000000003,97.6,-0.7000000000000028
rest_daily_cdf2c1790b6b6b77,ec3fc0a0-ab15-4c0c-b1ad-5243c6e5636f,prior_expanding_median,prior_history_plus_actigraphy,leave_one_athlete_out:ec3fc0a0-ab15-4c0c-b1ad-5243c6e5636f,30.1,29.2,103.08219178082192,0.9000000000000021
rest_daily_cd58435642eb8af3,ec3fc0a0-ab15-4c0c-b1ad-5243c6e5636f,prior_expanding_median,prior_history_plus_actigraphy,leave_one_athlete_out:ec3fc0a0-ab15-4c0c-b1ad-5243c6e5636f,31.4,29.65,105.90219224283304,1.75
rest_daily_f086eef85301ad30,ec3fc0a0-ab15-4c0c-b1ad-5243c6e5636f,prior_expanding_median,prior_history_plus_actigraphy,leave_one_athlete_out:ec3fc0a0-ab15-4c0c-b1ad-5243c6e5636f,32.9,30.1,109.30232558139534,2.799999999999997
rest_daily_c1dfb58557a561b2,ec3fc0a0-ab15-4c0c-b1ad-5243c6e5636f,prior_expanding_median,prior_history_plus_actigraphy,leave_one_athlete_out:ec3fc0a0-ab15-4c0c-b1ad-5243c6e5636f,31.8,30.15,105.4726368159204,1.6500000000000021
rest_daily_c72954ac52f3c08e,ec3fc0a0-ab15-4c0c-b1ad-5243c6e5636f,prior_expanding_median,prior_history_plus_actigraphy,leave_one_athlete_out:ec3fc0a0-ab15-4c0c-b1ad-5243c6e5636f,31.9,30.2,105.62913907284768,1.6999999999999993
rest_daily_50f6f1543ffe74e1,ec3fc0a0-ab15-4c0c-b1ad-5243c6e5636f,prior_expanding_median,prior_history_plus_actigraphy,leave_one_athlete_out:ec3fc0a0-ab15-4c0c-b1ad-5243c6e5636f,29.8,30.799999999999997,96.75324675324676,-0.9999999999999964
rest_daily_cdf2c1790b6b6b77,ec3fc0a0-ab15-4c0c-b1ad-5243c6e5636f,prior_expanding_mean,prior_history_plus_actigraphy,leave_one_athlete_out:ec3fc0a0-ab15-4c0c-b1ad-5243c6e5636f,30.1,28.633333333333336,103.08219178082192,1.466666666666665
rest_daily_cd58435642eb8af3,ec3fc0a0-ab15-4c0c-b1ad-5243c6e5636f,prior_expanding_mean,prior_history_plus_actigraphy,leave_one_athlete_out:ec3fc0a0-ab15-4c0c-b1ad-5243c6e5636f,31.4,29.0,105.90219224283304,2.3999999999999986
rest_daily_f086eef85301ad30,ec3fc0a0-ab15-4c0c-b1ad-5243c6e5636f,prior_expanding_mean,prior_history_plus_actigraphy,leave_one_athlete_out:ec3fc0a0-ab15-4c0c-b1ad-5243c6e5636f,32.9,29.48,109.30232558139534,3.419999999999998
rest_daily_c1dfb58557a561b2,ec3fc0a0-ab15-4c0c-b1ad-5243c6e5636f,prior_expanding_mean,prior_history_plus_actigraphy,leave_one_athlete_out:ec3fc0a0-ab15-4c0c-b1ad-5243c6e5636f,31.8,30.05,105.4726368159204,1.75
rest_daily_c72954ac52f3c08e,ec3fc0a0-ab15-4c0c-b1ad-5243c6e5636f,prior_expanding_mean,prior_history_plus_actigraphy,leave_one_athlete_out:ec3fc0a0-ab15-4c0c-b1ad-5243c6e5636f,31.9,30.300000000000004,105.62913907284768,1.5999999999999943
rest_daily_50f6f1543ffe74e1,ec3fc0a0-ab15-4c0c-b1ad-5243c6e5636f,prior_expanding_mean,prior_history_plus_actigraphy,leave_one_athlete_out:ec3fc0a0-ab15-4c0c-b1ad-5243c6e5636f,29.8,30.5,96.75324675324676,-0.6999999999999993
rest_daily_6c805b4dd0c2cf3f,f2b08928-a410-4d1d-9f19-1f8c063a6311,prior_expanding_median,prior_history_plus_actigraphy,leave_one_athlete_out:f2b08928-a410-4d1d-9f19-1f8c063a6311,31.5,31.5,100.0,0.0
rest_daily_6c805b4dd0c2cf3f,f2b08928-a410-4d1d-9f19-1f8c063a6311,prior_expanding_mean,prior_history_plus_actigraphy,leave_one_athlete_out:f2b08928-a410-4d1d-9f19-1f8c063a6311,31.5,31.53333333333333,100.0,-0.03333333333333144
rest_daily_f4e5f2267c6c0457,86fed448-f51d-4005-aef8-bd9413933cbe,prior_expanding_median,prior_history_plus_actigraphy,leave_one_athlete_out:86fed448-f51d-4005-aef8-bd9413933cbe,29.2,30.6,95.4248366013072,-1.4000000000000021
rest_daily_1b54b101c18e95b5,86fed448-f51d-4005-aef8-bd9413933cbe,prior_expanding_median,prior_history_plus_actigraphy,leave_one_athlete_out:86fed448-f51d-4005-aef8-bd9413933cbe,30.7,30.200000000000003,101.65562913907284,0.49999999999999645
rest_daily_7f7a9baf479d195c,86fed448-f51d-4005-aef8-bd9413933cbe,prior_expanding_median,prior_history_plus_actigraphy,leave_one_athlete_out:86fed448-f51d-4005-aef8-bd9413933cbe,32.4,30.6,105.88235294117646,1.7999999999999972
rest_daily_f98b6f0e56bf0285,86fed448-f51d-4005-aef8-bd9413933cbe,prior_expanding_median,prior_history_plus_actigraphy,leave_one_athlete_out:86fed448-f51d-4005-aef8-bd9413933cbe,30.7,30.65,100.163132137031,0.05000000000000071
rest_daily_5091bf99d5924eac,86fed448-f51d-4005-aef8-bd9413933cbe,prior_expanding_median,prior_history_plus_actigraphy,leave_one_athlete_out:86fed448-f51d-4005-aef8-bd9413933cbe,31.8,30.7,103.5830618892508,1.1000000000000014
rest_daily_472237620c8063bf,86fed448-f51d-4005-aef8-bd9413933cbe,prior_expanding_median,prior_history_plus_actigraphy,leave_one_athlete_out:86fed448-f51d-4005-aef8-bd9413933cbe,29.8,30.7,97.0684039087948,-0.8999999999999986
rest_daily_a309a15592c25132,86fed448-f51d-4005-aef8-bd9413933cbe,prior_expanding_median,prior_history_plus_actigraphy,leave_one_athlete_out:86fed448-f51d-4005-aef8-bd9413933cbe,30.1,30.7,98.0456026058632,-0.5999999999999979
rest_daily_bea3758949606720,86fed448-f51d-4005-aef8-bd9413933cbe,prior_expanding_median,prior_history_plus_actigraphy,leave_one_athlete_out:86fed448-f51d-4005-aef8-bd9413933cbe,33.6,30.65,109.62479608482872,2.950000000000003
rest_daily_f4e5f2267c6c0457,86fed448-f51d-4005-aef8-bd9413933cbe,prior_expanding_mean,prior_history_plus_actigraphy,leave_one_athlete_out:86fed448-f51d-4005-aef8-bd9413933cbe,29.2,30.5,95.4248366013072,-1.3000000000000007
rest_daily_1b54b101c18e95b5,86fed448-f51d-4005-aef8-bd9413933cbe,prior_expanding_mean,prior_history_plus_actigraphy,leave_one_athlete_out:86fed448-f51d-4005-aef8-bd9413933cbe,30.7,30.175,101.65562913907284,0.5249999999999986
rest_daily_7f7a9baf479d195c,86fed448-f51d-4005-aef8-bd9413933cbe,prior_expanding_mean,prior_history_plus_actigraphy,leave_one_athlete_out:86fed448-f51d-4005-aef8-bd9413933cbe,32.4,30.28,105.88235294117646,2.1199999999999974
rest_daily_f98b6f0e56bf0285,86fed448-f51d-4005-aef8-bd9413933cbe,prior_expanding_mean,prior_history_plus_actigraphy,leave_one_athlete_out:86fed448-f51d-4005-aef8-bd9413933cbe,30.7,30.633333333333336,100.163132137031,0.06666666666666288
rest_daily_5091bf99d5924eac,86fed448-f51d-4005-aef8-bd9413933cbe,prior_expanding_mean,prior_history_plus_actigraphy,leave_one_athlete_out:86fed448-f51d-4005-aef8-bd9413933cbe,31.8,30.642857142857142,103.5830618892508,1.1571428571428584
rest_daily_472237620c8063bf,86fed448-f51d-4005-aef8-bd9413933cbe,prior_expanding_mean,prior_history_plus_actigraphy,leave_one_athlete_out:86fed448-f51d-4005-aef8-bd9413933cbe,29.8,30.7875,97.0684039087948,-0.9875000000000007
rest_daily_a309a15592c25132,86fed448-f51d-4005-aef8-bd9413933cbe,prior_expanding_mean,prior_history_plus_actigraphy,leave_one_athlete_out:86fed448-f51d-4005-aef8-bd9413933cbe,30.1,30.67777777777778,98.0456026058632,-0.5777777777777793
rest_daily_bea3758949606720,86fed448-f51d-4005-aef8-bd9413933cbe,prior_expanding_mean,prior_history_plus_actigraphy,leave_one_athlete_out:86fed448-f51d-4005-aef8-bd9413933cbe,33.6,30.620000000000005,109.62479608482872,2.979999999999997
rest_daily_82442f8e52aa8256,a2d89dcf-6bd1-445b-bc9c-7ac6b852a9fc,prior_expanding_median,prior_history_plus_actigraphy,leave_one_athlete_out:a2d89dcf-6bd1-445b-bc9c-7ac6b852a9fc,25.2,26.6,94.73684210526316,-1.4000000000000021
rest_daily_baa5ee6cfc8f59b5,a2d89dcf-6bd1-445b-bc9c-7ac6b852a9fc,prior_expanding_median,prior_history_plus_actigraphy,leave_one_athlete_out:a2d89dcf-6bd1-445b-bc9c-7ac6b852a9fc,26.0,25.9,100.3861003861004,0.10000000000000142
rest_daily_9afc4bb4cc991ef9,a2d89dcf-6bd1-445b-bc9c-7ac6b852a9fc,prior_expanding_median,prior_history_plus_actigraphy,leave_one_athlete_out:a2d89dcf-6bd1-445b-bc9c-7ac6b852a9fc,25.9,26.0,99.6153846153846,-0.10000000000000142
rest_daily_7f8eb3142fb05b5e,a2d89dcf-6bd1-445b-bc9c-7ac6b852a9fc,prior_expanding_median,prior_history_plus_actigraphy,leave_one_athlete_out:a2d89dcf-6bd1-445b-bc9c-7ac6b852a9fc,27.3,25.95,105.20231213872832,1.3500000000000014
rest_daily_1c3acd1f7c8cf85f,a2d89dcf-6bd1-445b-bc9c-7ac6b852a9fc,prior_expanding_median,prior_history_plus_actigraphy,leave_one_athlete_out:a2d89dcf-6bd1-445b-bc9c-7ac6b852a9fc,26.1,26.0,100.3846153846154,0.10000000000000142
rest_daily_a5cab1550d5946e9,a2d89dcf-6bd1-445b-bc9c-7ac6b852a9fc,prior_expanding_median,prior_history_plus_actigraphy,leave_one_athlete_out:a2d89dcf-6bd1-445b-bc9c-7ac6b852a9fc,26.1,26.05,100.1919385796545,0.05000000000000071
rest_daily_82442f8e52aa8256,a2d89dcf-6bd1-445b-bc9c-7ac6b852a9fc,prior_expanding_mean,prior_history_plus_actigraphy,leave_one_athlete_out:a2d89dcf-6bd1-445b-bc9c-7ac6b852a9fc,25.2,26.399999999999995,94.73684210526316,-1.1999999999999957
rest_daily_baa5ee6cfc8f59b5,a2d89dcf-6bd1-445b-bc9c-7ac6b852a9fc,prior_expanding_mean,prior_history_plus_actigraphy,leave_one_athlete_out:a2d89dcf-6bd1-445b-bc9c-7ac6b852a9fc,26.0,26.1,100.3861003861004,-0.10000000000000142
rest_daily_9afc4bb4cc991ef9,a2d89dcf-6bd1-445b-bc9c-7ac6b852a9fc,prior_expanding_mean,prior_history_plus_actigraphy,leave_one_athlete_out:a2d89dcf-6bd1-445b-bc9c-7ac6b852a9fc,25.9,26.079999999999995,99.6153846153846,-0.17999999999999616
rest_daily_7f8eb3142fb05b5e,a2d89dcf-6bd1-445b-bc9c-7ac6b852a9fc,prior_expanding_mean,prior_history_plus_actigraphy,leave_one_athlete_out:a2d89dcf-6bd1-445b-bc9c-7ac6b852a9fc,27.3,26.049999999999997,105.20231213872832,1.2500000000000036
rest_daily_1c3acd1f7c8cf85f,a2d89dcf-6bd1-445b-bc9c-7ac6b852a9fc,prior_expanding_mean,prior_history_plus_actigraphy,leave_one_athlete_out:a2d89dcf-6bd1-445b-bc9c-7ac6b852a9fc,26.1,26.228571428571428,100.3846153846154,-0.12857142857142634
rest_daily_a5cab1550d5946e9,a2d89dcf-6bd1-445b-bc9c-7ac6b852a9fc,prior_expanding_mean,prior_history_plus_actigraphy,leave_one_athlete_out:a2d89dcf-6bd1-445b-bc9c-7ac6b852a9fc,26.1,26.2125,100.1919385796545,-0.11249999999999716
rest_daily_1a821f8053bae41e,6a2ca03c-e61b-4589-a931-58f5e25aacd8,prior_expanding_median,prior_history_plus_actigraphy,leave_one_athlete_out:6a2ca03c-e61b-4589-a931-58f5e25aacd8,35.0,36.1,96.9529085872576,-1.1000000000000014
rest_daily_1a821f8053bae41e,6a2ca03c-e61b-4589-a931-58f5e25aacd8,prior_expanding_mean,prior_history_plus_actigraphy,leave_one_athlete_out:6a2ca03c-e61b-4589-a931-58f5e25aacd8,35.0,35.4,96.9529085872576,-0.3999999999999986
rest_daily_1fdf1d5bbe31da02,957de0b1-7ee9-437c-b47b-dffd09b6653a,prior_expanding_median,prior_history_plus_actigraphy,leave_one_athlete_out:957de0b1-7ee9-437c-b47b-dffd09b6653a,26.4,26.8,98.50746268656717,-0.40000000000000213
rest_daily_ce8b5b7b591dd0fd,957de0b1-7ee9-437c-b47b-dffd09b6653a,prior_expanding_median,prior_history_plus_actigraphy,leave_one_athlete_out:957de0b1-7ee9-437c-b47b-dffd09b6653a,24.2,26.8,90.29850746268656,-2.6000000000000014
rest_daily_5725581e019f5fa6,957de0b1-7ee9-437c-b47b-dffd09b6653a,prior_expanding_median,prior_history_plus_actigraphy,leave_one_athlete_out:957de0b1-7ee9-437c-b47b-dffd09b6653a,25.2,26.8,94.02985074626864,-1.6000000000000014
rest_daily_9fdde10651bde0b4,957de0b1-7ee9-437c-b47b-dffd09b6653a,prior_expanding_median,prior_history_plus_actigraphy,leave_one_athlete_out:957de0b1-7ee9-437c-b47b-dffd09b6653a,25.9,26.8,96.64179104477611,-0.9000000000000021
rest_daily_4cc527b910742f5f,957de0b1-7ee9-437c-b47b-dffd09b6653a,prior_expanding_median,prior_history_plus_actigraphy,leave_one_athlete_out:957de0b1-7ee9-437c-b47b-dffd09b6653a,24.4,26.6,91.72932330827066,-2.200000000000003
rest_daily_a682083333fcffda,957de0b1-7ee9-437c-b47b-dffd09b6653a,prior_expanding_median,prior_history_plus_actigraphy,leave_one_athlete_out:957de0b1-7ee9-437c-b47b-dffd09b6653a,26.0,26.4,98.48484848484848,-0.3999999999999986
rest_daily_baad225df3d4f040,957de0b1-7ee9-437c-b47b-dffd09b6653a,prior_expanding_median,prior_history_plus_actigraphy,leave_one_athlete_out:957de0b1-7ee9-437c-b47b-dffd09b6653a,27.5,26.2,104.9618320610687,1.3000000000000007
rest_daily_24526a257b340324,957de0b1-7ee9-437c-b47b-dffd09b6653a,prior_expanding_median,prior_history_plus_actigraphy,leave_one_athlete_out:957de0b1-7ee9-437c-b47b-dffd09b6653a,27.2,26.4,103.03030303030305,0.8000000000000007
rest_daily_f51837b525fe2758,957de0b1-7ee9-437c-b47b-dffd09b6653a,prior_expanding_median,prior_history_plus_actigraphy,leave_one_athlete_out:957de0b1-7ee9-437c-b47b-dffd09b6653a,27.5,26.6,103.38345864661652,0.8999999999999986
rest_daily_1fdf1d5bbe31da02,957de0b1-7ee9-437c-b47b-dffd09b6653a,prior_expanding_mean,prior_history_plus_actigraphy,leave_one_athlete_out:957de0b1-7ee9-437c-b47b-dffd09b6653a,26.4,27.2,98.50746268656717,-0.8000000000000007
rest_daily_ce8b5b7b591dd0fd,957de0b1-7ee9-437c-b47b-dffd09b6653a,prior_expanding_mean,prior_history_plus_actigraphy,leave_one_athlete_out:957de0b1-7ee9-437c-b47b-dffd09b6653a,24.2,27.04,90.29850746268656,-2.84
rest_daily_5725581e019f5fa6,957de0b1-7ee9-437c-b47b-dffd09b6653a,prior_expanding_mean,prior_history_plus_actigraphy,leave_one_athlete_out:957de0b1-7ee9-437c-b47b-dffd09b6653a,25.2,26.566666666666663,94.02985074626864,-1.3666666666666636
rest_daily_9fdde10651bde0b4,957de0b1-7ee9-437c-b47b-dffd09b6653a,prior_expanding_mean,prior_history_plus_actigraphy,leave_one_athlete_out:957de0b1-7ee9-437c-b47b-dffd09b6653a,25.9,26.371428571428567,96.64179104477611,-0.471428571428568
rest_daily_4cc527b910742f5f,957de0b1-7ee9-437c-b47b-dffd09b6653a,prior_expanding_mean,prior_history_plus_actigraphy,leave_one_athlete_out:957de0b1-7ee9-437c-b47b-dffd09b6653a,24.4,26.3125,91.72932330827066,-1.9125000000000014
rest_daily_a682083333fcffda,957de0b1-7ee9-437c-b47b-dffd09b6653a,prior_expanding_mean,prior_history_plus_actigraphy,leave_one_athlete_out:957de0b1-7ee9-437c-b47b-dffd09b6653a,26.0,26.1,98.48484848484848,-0.10000000000000142
rest_daily_baad225df3d4f040,957de0b1-7ee9-437c-b47b-dffd09b6653a,prior_expanding_mean,prior_history_plus_actigraphy,leave_one_athlete_out:957de0b1-7ee9-437c-b47b-dffd09b6653a,27.5,26.089999999999996,104.9618320610687,1.4100000000000037
rest_daily_24526a257b340324,957de0b1-7ee9-437c-b47b-dffd09b6653a,prior_expanding_mean,prior_history_plus_actigraphy,leave_one_athlete_out:957de0b1-7ee9-437c-b47b-dffd09b6653a,27.2,26.218181818181815,103.03030303030305,0.9818181818181841
rest_daily_f51837b525fe2758,957de0b1-7ee9-437c-b47b-dffd09b6653a,prior_expanding_mean,prior_history_plus_actigraphy,leave_one_athlete_out:957de0b1-7ee9-437c-b47b-dffd09b6653a,27.5,26.299999999999997,103.38345864661652,1.2000000000000028
rest_daily_44c060af4bc142ed,e362b878-9920-4dcf-9ab7-687a194a821c,prior_expanding_median,prior_history_plus_actigraphy,leave_one_athlete_out:e362b878-9920-4dcf-9ab7-687a194a821c,35.0,35.8,97.76536312849164,-0.7999999999999972
rest_daily_e1f7ae429e1b28de,e362b878-9920-4dcf-9ab7-687a194a821c,prior_expanding_median,prior_history_plus_actigraphy,leave_one_athlete_out:e362b878-9920-4dcf-9ab7-687a194a821c,32.8,35.7,91.8767507002801,-2.9000000000000057
rest_daily_23de18e0c8746cd7,e362b878-9920-4dcf-9ab7-687a194a821c,prior_expanding_median,prior_history_plus_actigraphy,leave_one_athlete_out:e362b878-9920-4dcf-9ab7-687a194a821c,35.3,35.6,99.1573033707865,-0.30000000000000426
rest_daily_19d7ba07a6d15f62,e362b878-9920-4dcf-9ab7-687a194a821c,prior_expanding_median,prior_history_plus_actigraphy,leave_one_athlete_out:e362b878-9920-4dcf-9ab7-687a194a821c,32.0,35.45,90.26798307475316,-3.450000000000003
rest_daily_6f1321ab0e065ca1,e362b878-9920-4dcf-9ab7-687a194a821c,prior_expanding_median,prior_history_plus_actigraphy,leave_one_athlete_out:e362b878-9920-4dcf-9ab7-687a194a821c,32.6,35.3,92.35127478753542,-2.6999999999999957
rest_daily_8b1130c2e482bf87,e362b878-9920-4dcf-9ab7-687a194a821c,prior_expanding_median,prior_history_plus_actigraphy,leave_one_athlete_out:e362b878-9920-4dcf-9ab7-687a194a821c,30.7,35.15,87.33997155049786,-4.449999999999999
rest_daily_aac7a0cea32a78f6,e362b878-9920-4dcf-9ab7-687a194a821c,prior_expanding_median,prior_history_plus_actigraphy,leave_one_athlete_out:e362b878-9920-4dcf-9ab7-687a194a821c,33.5,32.8,102.13414634146342,0.7000000000000028
rest_daily_44c060af4bc142ed,e362b878-9920-4dcf-9ab7-687a194a821c,prior_expanding_mean,prior_history_plus_actigraphy,leave_one_athlete_out:e362b878-9920-4dcf-9ab7-687a194a821c,35.0,35.86666666666667,97.76536312849164,-0.8666666666666671
rest_daily_e1f7ae429e1b28de,e362b878-9920-4dcf-9ab7-687a194a821c,prior_expanding_mean,prior_history_plus_actigraphy,leave_one_athlete_out:e362b878-9920-4dcf-9ab7-687a194a821c,32.8,35.650000000000006,91.8767507002801,-2.8500000000000085
rest_daily_23de18e0c8746cd7,e362b878-9920-4dcf-9ab7-687a194a821c,prior_expanding_mean,prior_history_plus_actigraphy,leave_one_athlete_out:e362b878-9920-4dcf-9ab7-687a194a821c,35.3,35.080000000000005,99.1573033707865,0.21999999999999176
rest_daily_19d7ba07a6d15f62,e362b878-9920-4dcf-9ab7-687a194a821c,prior_expanding_mean,prior_history_plus_actigraphy,leave_one_athlete_out:e362b878-9920-4dcf-9ab7-687a194a821c,32.0,35.116666666666674,90.26798307475316,-3.1166666666666742
rest_daily_6f1321ab0e065ca1,e362b878-9920-4dcf-9ab7-687a194a821c,prior_expanding_mean,prior_history_plus_actigraphy,leave_one_athlete_out:e362b878-9920-4dcf-9ab7-687a194a821c,32.6,34.67142857142858,92.35127478753542,-2.0714285714285765
rest_daily_8b1130c2e482bf87,e362b878-9920-4dcf-9ab7-687a194a821c,prior_expanding_mean,prior_history_plus_actigraphy,leave_one_athlete_out:e362b878-9920-4dcf-9ab7-687a194a821c,30.7,34.4125,87.33997155049786,-3.712500000000002
rest_daily_aac7a0cea32a78f6,e362b878-9920-4dcf-9ab7-687a194a821c,prior_expanding_mean,prior_history_plus_actigraphy,leave_one_athlete_out:e362b878-9920-4dcf-9ab7-687a194a821c,33.5,33.76363636363636,102.13414634146342,-0.26363636363635834
rest_daily_6f910bb9a01cd557,687552ea-5963-45df-8680-c4c6058eab87,prior_expanding_median,prior_history_plus_actigraphy,leave_one_athlete_out:687552ea-5963-45df-8680-c4c6058eab87,35.7,38.9,91.7737789203085,-3.1999999999999957
rest_daily_21d41c9eaff91990,687552ea-5963-45df-8680-c4c6058eab87,prior_expanding_median,prior_history_plus_actigraphy,leave_one_athlete_out:687552ea-5963-45df-8680-c4c6058eab87,43.9,37.5,117.06666666666666,6.399999999999999
rest_daily_12a68c9036898205,687552ea-5963-45df-8680-c4c6058eab87,prior_expanding_median,prior_history_plus_actigraphy,leave_one_athlete_out:687552ea-5963-45df-8680-c4c6058eab87,42.7,38.9,109.76863753213368,3.8000000000000043
rest_daily_e3c98654c7975c33,687552ea-5963-45df-8680-c4c6058eab87,prior_expanding_median,prior_history_plus_actigraphy,leave_one_athlete_out:687552ea-5963-45df-8680-c4c6058eab87,41.3,40.5,101.9753086419753,0.7999999999999972
rest_daily_bb1d299fe508ad69,687552ea-5963-45df-8680-c4c6058eab87,prior_expanding_median,prior_history_plus_actigraphy,leave_one_athlete_out:687552ea-5963-45df-8680-c4c6058eab87,36.8,41.3,89.10411622276028,-4.5
rest_daily_1b6135ddcedae6ca,687552ea-5963-45df-8680-c4c6058eab87,prior_expanding_median,prior_history_plus_actigraphy,leave_one_athlete_out:687552ea-5963-45df-8680-c4c6058eab87,36.4,40.099999999999994,90.77306733167084,-3.6999999999999957
rest_daily_b5aee6d21878a523,687552ea-5963-45df-8680-c4c6058eab87,prior_expanding_median,prior_history_plus_actigraphy,leave_one_athlete_out:687552ea-5963-45df-8680-c4c6058eab87,37.5,38.9,96.40102827763496,-1.3999999999999986
rest_daily_6f910bb9a01cd557,687552ea-5963-45df-8680-c4c6058eab87,prior_expanding_mean,prior_history_plus_actigraphy,leave_one_athlete_out:687552ea-5963-45df-8680-c4c6058eab87,35.7,39.03333333333333,91.7737789203085,-3.3333333333333286
rest_daily_21d41c9eaff91990,687552ea-5963-45df-8680-c4c6058eab87,prior_expanding_mean,prior_history_plus_actigraphy,leave_one_athlete_out:687552ea-5963-45df-8680-c4c6058eab87,43.9,38.2,117.06666666666666,5.699999999999996
rest_daily_12a68c9036898205,687552ea-5963-45df-8680-c4c6058eab87,prior_expanding_mean,prior_history_plus_actigraphy,leave_one_athlete_out:687552ea-5963-45df-8680-c4c6058eab87,42.7,39.34,109.76863753213368,3.3599999999999994
rest_daily_e3c98654c7975c33,687552ea-5963-45df-8680-c4c6058eab87,prior_expanding_mean,prior_history_plus_actigraphy,leave_one_athlete_out:687552ea-5963-45df-8680-c4c6058eab87,41.3,39.900000000000006,101.9753086419753,1.3999999999999915
rest_daily_bb1d299fe508ad69,687552ea-5963-45df-8680-c4c6058eab87,prior_expanding_mean,prior_history_plus_actigraphy,leave_one_athlete_out:687552ea-5963-45df-8680-c4c6058eab87,36.8,40.10000000000001,89.10411622276028,-3.3000000000000114
rest_daily_1b6135ddcedae6ca,687552ea-5963-45df-8680-c4c6058eab87,prior_expanding_mean,prior_history_plus_actigraphy,leave_one_athlete_out:687552ea-5963-45df-8680-c4c6058eab87,36.4,39.6875,90.77306733167084,-3.2875000000000014
rest_daily_b5aee6d21878a523,687552ea-5963-45df-8680-c4c6058eab87,prior_expanding_mean,prior_history_plus_actigraphy,leave_one_athlete_out:687552ea-5963-45df-8680-c4c6058eab87,37.5,39.32222222222222,96.40102827763496,-1.8222222222222229
rest_daily_a157f3bb920fa92f,c887cb7e-63cf-4dc2-9fd2-8429137ba44b,prior_expanding_median,prior_history_plus_actigraphy,leave_one_athlete_out:c887cb7e-63cf-4dc2-9fd2-8429137ba44b,30.7,26.4,116.2878787878788,4.300000000000001
rest_daily_b8e40341f54d9616,c887cb7e-63cf-4dc2-9fd2-8429137ba44b,prior_expanding_median,prior_history_plus_actigraphy,leave_one_athlete_out:c887cb7e-63cf-4dc2-9fd2-8429137ba44b,28.1,27.5,102.1818181818182,0.6000000000000014
rest_daily_1759366c50384ac7,c887cb7e-63cf-4dc2-9fd2-8429137ba44b,prior_expanding_median,prior_history_plus_actigraphy,leave_one_athlete_out:c887cb7e-63cf-4dc2-9fd2-8429137ba44b,30.0,28.1,106.76156583629891,1.8999999999999986
rest_daily_0663b3b3ac8bbc8c,c887cb7e-63cf-4dc2-9fd2-8429137ba44b,prior_expanding_median,prior_history_plus_actigraphy,leave_one_athlete_out:c887cb7e-63cf-4dc2-9fd2-8429137ba44b,28.5,28.35,100.52910052910052,0.14999999999999858
rest_daily_64860edccfee005f,c887cb7e-63cf-4dc2-9fd2-8429137ba44b,prior_expanding_median,prior_history_plus_actigraphy,leave_one_athlete_out:c887cb7e-63cf-4dc2-9fd2-8429137ba44b,28.5,28.5,100.0,0.0
rest_daily_b66d89d81131cac9,c887cb7e-63cf-4dc2-9fd2-8429137ba44b,prior_expanding_median,prior_history_plus_actigraphy,leave_one_athlete_out:c887cb7e-63cf-4dc2-9fd2-8429137ba44b,26.6,28.5,93.33333333333331,-1.8999999999999986
rest_daily_462b7d0d1d4cce3d,c887cb7e-63cf-4dc2-9fd2-8429137ba44b,prior_expanding_median,prior_history_plus_actigraphy,leave_one_athlete_out:c887cb7e-63cf-4dc2-9fd2-8429137ba44b,24.4,28.5,85.6140350877193,-4.100000000000001
rest_daily_a157f3bb920fa92f,c887cb7e-63cf-4dc2-9fd2-8429137ba44b,prior_expanding_mean,prior_history_plus_actigraphy,leave_one_athlete_out:c887cb7e-63cf-4dc2-9fd2-8429137ba44b,30.7,27.133333333333336,116.2878787878788,3.566666666666663
rest_daily_b8e40341f54d9616,c887cb7e-63cf-4dc2-9fd2-8429137ba44b,prior_expanding_mean,prior_history_plus_actigraphy,leave_one_athlete_out:c887cb7e-63cf-4dc2-9fd2-8429137ba44b,28.1,28.025,102.1818181818182,0.07500000000000284
rest_daily_1759366c50384ac7,c887cb7e-63cf-4dc2-9fd2-8429137ba44b,prior_expanding_mean,prior_history_plus_actigraphy,leave_one_athlete_out:c887cb7e-63cf-4dc2-9fd2-8429137ba44b,30.0,28.040000000000003,106.76156583629891,1.9599999999999973
rest_daily_0663b3b3ac8bbc8c,c887cb7e-63cf-4dc2-9fd2-8429137ba44b,prior_expanding_mean,prior_history_plus_actigraphy,leave_one_athlete_out:c887cb7e-63cf-4dc2-9fd2-8429137ba44b,28.5,28.36666666666667,100.52910052910052,0.1333333333333293
rest_daily_64860edccfee005f,c887cb7e-63cf-4dc2-9fd2-8429137ba44b,prior_expanding_mean,prior_history_plus_actigraphy,leave_one_athlete_out:c887cb7e-63cf-4dc2-9fd2-8429137ba44b,28.5,28.38571428571429,100.0,0.11428571428571033
rest_daily_b66d89d81131cac9,c887cb7e-63cf-4dc2-9fd2-8429137ba44b,prior_expanding_mean,prior_history_plus_actigraphy,leave_one_athlete_out:c887cb7e-63cf-4dc2-9fd2-8429137ba44b,26.6,28.4,93.33333333333331,-1.7999999999999972
rest_daily_462b7d0d1d4cce3d,c887cb7e-63cf-4dc2-9fd2-8429137ba44b,prior_expanding_mean,prior_history_plus_actigraphy,leave_one_athlete_out:c887cb7e-63cf-4dc2-9fd2-8429137ba44b,24.4,28.2,85.6140350877193,-3.8000000000000007
rest_daily_6f2bd48791757d01,e6e4e3b9-5cfa-42c6-a4cd-0f96561de3eb,prior_expanding_median,prior_history_plus_actigraphy,leave_one_athlete_out:e6e4e3b9-5cfa-42c6-a4cd-0f96561de3eb,32.5,32.3,100.61919504643964,0.20000000000000284
rest_daily_02d5b5624ca2a01d,e6e4e3b9-5cfa-42c6-a4cd-0f96561de3eb,prior_expanding_median,prior_history_plus_actigraphy,leave_one_athlete_out:e6e4e3b9-5cfa-42c6-a4cd-0f96561de3eb,30.3,32.4,93.51851851851852,-2.099999999999998
rest_daily_5a6dee4fcd56dbce,e6e4e3b9-5cfa-42c6-a4cd-0f96561de3eb,prior_expanding_median,prior_history_plus_actigraphy,leave_one_athlete_out:e6e4e3b9-5cfa-42c6-a4cd-0f96561de3eb,32.5,32.3,100.61919504643964,0.20000000000000284
rest_daily_ab17f1fc7853a9d6,e6e4e3b9-5cfa-42c6-a4cd-0f96561de3eb,prior_expanding_median,prior_history_plus_actigraphy,leave_one_athlete_out:e6e4e3b9-5cfa-42c6-a4cd-0f96561de3eb,29.9,32.4,92.28395061728396,-2.5
rest_daily_9f0c016dc4398960,e6e4e3b9-5cfa-42c6-a4cd-0f96561de3eb,prior_expanding_median,prior_history_plus_actigraphy,leave_one_athlete_out:e6e4e3b9-5cfa-42c6-a4cd-0f96561de3eb,25.9,32.3,80.1857585139319,-6.399999999999999
rest_daily_0454c91c3fc710e8,e6e4e3b9-5cfa-42c6-a4cd-0f96561de3eb,prior_expanding_median,prior_history_plus_actigraphy,leave_one_athlete_out:e6e4e3b9-5cfa-42c6-a4cd-0f96561de3eb,30.8,31.549999999999997,97.62282091917592,-0.7499999999999964
rest_daily_6f2bd48791757d01,e6e4e3b9-5cfa-42c6-a4cd-0f96561de3eb,prior_expanding_mean,prior_history_plus_actigraphy,leave_one_athlete_out:e6e4e3b9-5cfa-42c6-a4cd-0f96561de3eb,32.5,32.46666666666666,100.61919504643964,0.033333333333338544
rest_daily_02d5b5624ca2a01d,e6e4e3b9-5cfa-42c6-a4cd-0f96561de3eb,prior_expanding_mean,prior_history_plus_actigraphy,leave_one_athlete_out:e6e4e3b9-5cfa-42c6-a4cd-0f96561de3eb,30.3,32.474999999999994,93.51851851851852,-2.1749999999999936
rest_daily_5a6dee4fcd56dbce,e6e4e3b9-5cfa-42c6-a4cd-0f96561de3eb,prior_expanding_mean,prior_history_plus_actigraphy,leave_one_athlete_out:e6e4e3b9-5cfa-42c6-a4cd-0f96561de3eb,32.5,32.04,100.61919504643964,0.46000000000000085
rest_daily_ab17f1fc7853a9d6,e6e4e3b9-5cfa-42c6-a4cd-0f96561de3eb,prior_expanding_mean,prior_history_plus_actigraphy,leave_one_athlete_out:e6e4e3b9-5cfa-42c6-a4cd-0f96561de3eb,29.9,32.11666666666667,92.28395061728396,-2.2166666666666686
rest_daily_9f0c016dc4398960,e6e4e3b9-5cfa-42c6-a4cd-0f96561de3eb,prior_expanding_mean,prior_history_plus_actigraphy,leave_one_athlete_out:e6e4e3b9-5cfa-42c6-a4cd-0f96561de3eb,25.9,31.8,80.1857585139319,-5.900000000000002
rest_daily_0454c91c3fc710e8,e6e4e3b9-5cfa-42c6-a4cd-0f96561de3eb,prior_expanding_mean,prior_history_plus_actigraphy,leave_one_athlete_out:e6e4e3b9-5cfa-42c6-a4cd-0f96561de3eb,30.8,31.062499999999996,97.62282091917592,-0.26249999999999574
rest_daily_d6526cc6a798964b,efa2dbe6-24c0-4500-8b7b-1d5d14e1d271,prior_expanding_median,prior_history_plus_actigraphy,leave_one_athlete_out:efa2dbe6-24c0-4500-8b7b-1d5d14e1d271,35.2,33.5,105.07462686567166,1.7000000000000028
rest_daily_1041700280114f2c,efa2dbe6-24c0-4500-8b7b-1d5d14e1d271,prior_expanding_median,prior_history_plus_actigraphy,leave_one_athlete_out:efa2dbe6-24c0-4500-8b7b-1d5d14e1d271,29.2,34.15,85.50512445095168,-4.949999999999999
rest_daily_3cf67d5887d878f8,efa2dbe6-24c0-4500-8b7b-1d5d14e1d271,prior_expanding_median,prior_history_plus_actigraphy,leave_one_athlete_out:efa2dbe6-24c0-4500-8b7b-1d5d14e1d271,31.5,33.4,94.311377245509,-1.8999999999999986
rest_daily_d6526cc6a798964b,efa2dbe6-24c0-4500-8b7b-1d5d14e1d271,prior_expanding_mean,prior_history_plus_actigraphy,leave_one_athlete_out:efa2dbe6-24c0-4500-8b7b-1d5d14e1d271,35.2,33.86666666666667,105.07462686567166,1.3333333333333357
rest_daily_1041700280114f2c,efa2dbe6-24c0-4500-8b7b-1d5d14e1d271,prior_expanding_mean,prior_history_plus_actigraphy,leave_one_athlete_out:efa2dbe6-24c0-4500-8b7b-1d5d14e1d271,29.2,34.150000000000006,85.50512445095168,-4.950000000000006
rest_daily_3cf67d5887d878f8,efa2dbe6-24c0-4500-8b7b-1d5d14e1d271,prior_expanding_mean,prior_history_plus_actigraphy,leave_one_athlete_out:efa2dbe6-24c0-4500-8b7b-1d5d14e1d271,31.5,33.1625,94.311377245509,-1.6625000000000014
rest_daily_82682445d3ee10d1,fd0c9e61-cb99-4d60-ab37-b4b3f5ac60d2,prior_expanding_median,prior_history_plus_actigraphy,leave_one_athlete_out:fd0c9e61-cb99-4d60-ab37-b4b3f5ac60d2,36.4,37.7,96.55172413793105,-1.3000000000000043
rest_daily_05f48e6e719ac92e,fd0c9e61-cb99-4d60-ab37-b4b3f5ac60d2,prior_expanding_median,prior_history_plus_actigraphy,leave_one_athlete_out:fd0c9e61-cb99-4d60-ab37-b4b3f5ac60d2,34.4,37.05,92.84750337381917,-2.6499999999999986
rest_daily_efc572538dfe1a10,fd0c9e61-cb99-4d60-ab37-b4b3f5ac60d2,prior_expanding_median,prior_history_plus_actigraphy,leave_one_athlete_out:fd0c9e61-cb99-4d60-ab37-b4b3f5ac60d2,36.3,36.4,99.72527472527472,-0.10000000000000142
rest_daily_01b75bd63b9e0e56,fd0c9e61-cb99-4d60-ab37-b4b3f5ac60d2,prior_expanding_median,prior_history_plus_actigraphy,leave_one_athlete_out:fd0c9e61-cb99-4d60-ab37-b4b3f5ac60d2,37.2,36.349999999999994,102.33837689133428,0.8500000000000085
rest_daily_7c83bde87c5be749,fd0c9e61-cb99-4d60-ab37-b4b3f5ac60d2,prior_expanding_median,prior_history_plus_actigraphy,leave_one_athlete_out:fd0c9e61-cb99-4d60-ab37-b4b3f5ac60d2,35.3,36.4,96.97802197802196,-1.1000000000000014
rest_daily_568874402ae121a6,fd0c9e61-cb99-4d60-ab37-b4b3f5ac60d2,prior_expanding_median,prior_history_plus_actigraphy,leave_one_athlete_out:fd0c9e61-cb99-4d60-ab37-b4b3f5ac60d2,38.6,36.349999999999994,106.18982118294362,2.250000000000007
rest_daily_e6273f94a99ad120,fd0c9e61-cb99-4d60-ab37-b4b3f5ac60d2,prior_expanding_median,prior_history_plus_actigraphy,leave_one_athlete_out:fd0c9e61-cb99-4d60-ab37-b4b3f5ac60d2,36.5,36.4,100.27472527472528,0.10000000000000142
rest_daily_addc070e41582078,fd0c9e61-cb99-4d60-ab37-b4b3f5ac60d2,prior_expanding_median,prior_history_plus_actigraphy,leave_one_athlete_out:fd0c9e61-cb99-4d60-ab37-b4b3f5ac60d2,35.8,36.45,98.21673525377228,-0.6500000000000057
rest_daily_82682445d3ee10d1,fd0c9e61-cb99-4d60-ab37-b4b3f5ac60d2,prior_expanding_mean,prior_history_plus_actigraphy,leave_one_athlete_out:fd0c9e61-cb99-4d60-ab37-b4b3f5ac60d2,36.4,37.266666666666666,96.55172413793105,-0.8666666666666671
rest_daily_05f48e6e719ac92e,fd0c9e61-cb99-4d60-ab37-b4b3f5ac60d2,prior_expanding_mean,prior_history_plus_actigraphy,leave_one_athlete_out:fd0c9e61-cb99-4d60-ab37-b4b3f5ac60d2,34.4,37.05,92.84750337381917,-2.6499999999999986
rest_daily_efc572538dfe1a10,fd0c9e61-cb99-4d60-ab37-b4b3f5ac60d2,prior_expanding_mean,prior_history_plus_actigraphy,leave_one_athlete_out:fd0c9e61-cb99-4d60-ab37-b4b3f5ac60d2,36.3,36.52,99.72527472527472,-0.22000000000000597
rest_daily_01b75bd63b9e0e56,fd0c9e61-cb99-4d60-ab37-b4b3f5ac60d2,prior_expanding_mean,prior_history_plus_actigraphy,leave_one_athlete_out:fd0c9e61-cb99-4d60-ab37-b4b3f5ac60d2,37.2,36.48333333333333,102.33837689133428,0.7166666666666757
rest_daily_7c83bde87c5be749,fd0c9e61-cb99-4d60-ab37-b4b3f5ac60d2,prior_expanding_mean,prior_history_plus_actigraphy,leave_one_athlete_out:fd0c9e61-cb99-4d60-ab37-b4b3f5ac60d2,35.3,36.58571428571428,96.97802197802196,-1.2857142857142847
rest_daily_568874402ae121a6,fd0c9e61-cb99-4d60-ab37-b4b3f5ac60d2,prior_expanding_mean,prior_history_plus_actigraphy,leave_one_athlete_out:fd0c9e61-cb99-4d60-ab37-b4b3f5ac60d2,38.6,36.425,106.18982118294362,2.1750000000000043
rest_daily_e6273f94a99ad120,fd0c9e61-cb99-4d60-ab37-b4b3f5ac60d2,prior_expanding_mean,prior_history_plus_actigraphy,leave_one_athlete_out:fd0c9e61-cb99-4d60-ab37-b4b3f5ac60d2,36.5,36.666666666666664,100.27472527472528,-0.1666666666666643
rest_daily_addc070e41582078,fd0c9e61-cb99-4d60-ab37-b4b3f5ac60d2,prior_expanding_mean,prior_history_plus_actigraphy,leave_one_athlete_out:fd0c9e61-cb99-4d60-ab37-b4b3f5ac60d2,35.8,36.65,98.21673525377228,-0.8500000000000014
rest_daily_e0fe6a57d5ba3bee,2068e7ec-51a8-441a-8053-2be7533e613f,prior_expanding_median,prior_history_plus_actigraphy,leave_one_athlete_out:2068e7ec-51a8-441a-8053-2be7533e613f,45.9,45.3,101.32450331125828,0.6000000000000014
rest_daily_d493fee7cfdb999b,2068e7ec-51a8-441a-8053-2be7533e613f,prior_expanding_median,prior_history_plus_actigraphy,leave_one_athlete_out:2068e7ec-51a8-441a-8053-2be7533e613f,44.2,44.95,98.33147942157952,-0.75
rest_daily_302c1fbaac2944d8,2068e7ec-51a8-441a-8053-2be7533e613f,prior_expanding_median,prior_history_plus_actigraphy,leave_one_athlete_out:2068e7ec-51a8-441a-8053-2be7533e613f,40.4,44.6,90.5829596412556,-4.200000000000003
rest_daily_91c3ba85eea8d163,2068e7ec-51a8-441a-8053-2be7533e613f,prior_expanding_median,prior_history_plus_actigraphy,leave_one_athlete_out:2068e7ec-51a8-441a-8053-2be7533e613f,43.9,44.6,98.4304932735426,-0.7000000000000028
rest_daily_0a396a843fa902b0,2068e7ec-51a8-441a-8053-2be7533e613f,prior_expanding_median,prior_history_plus_actigraphy,leave_one_athlete_out:2068e7ec-51a8-441a-8053-2be7533e613f,43.3,44.6,97.08520179372196,-1.3000000000000043
rest_daily_e0fe6a57d5ba3bee,2068e7ec-51a8-441a-8053-2be7533e613f,prior_expanding_mean,prior_history_plus_actigraphy,leave_one_athlete_out:2068e7ec-51a8-441a-8053-2be7533e613f,45.9,44.7,101.32450331125828,1.1999999999999957
rest_daily_d493fee7cfdb999b,2068e7ec-51a8-441a-8053-2be7533e613f,prior_expanding_mean,prior_history_plus_actigraphy,leave_one_athlete_out:2068e7ec-51a8-441a-8053-2be7533e613f,44.2,44.825,98.33147942157952,-0.625
rest_daily_302c1fbaac2944d8,2068e7ec-51a8-441a-8053-2be7533e613f,prior_expanding_mean,prior_history_plus_actigraphy,leave_one_athlete_out:2068e7ec-51a8-441a-8053-2be7533e613f,40.4,44.75555555555555,90.5829596412556,-4.355555555555554
rest_daily_91c3ba85eea8d163,2068e7ec-51a8-441a-8053-2be7533e613f,prior_expanding_mean,prior_history_plus_actigraphy,leave_one_athlete_out:2068e7ec-51a8-441a-8053-2be7533e613f,43.9,44.31999999999999,98.4304932735426,-0.4199999999999946
rest_daily_0a396a843fa902b0,2068e7ec-51a8-441a-8053-2be7533e613f,prior_expanding_mean,prior_history_plus_actigraphy,leave_one_athlete_out:2068e7ec-51a8-441a-8053-2be7533e613f,43.3,44.281818181818174,97.08520179372196,-0.981818181818177
rest_daily_96bd7b99fb596da4,9cee6de4-93b3-46a7-a018-90f60d705ebb,prior_expanding_median,prior_history_plus_actigraphy,chronological_holdout:last_30pct_per_athlete_min_1,48.5,48.8,99.38524590163937,-0.29999999999999716
rest_daily_aa66a200e387eba4,9cee6de4-93b3-46a7-a018-90f60d705ebb,prior_expanding_median,prior_history_plus_actigraphy,chronological_holdout:last_30pct_per_athlete_min_1,45.7,48.65,93.93627954779036,-2.9499999999999957
rest_daily_9576a5f6cfbca811,8d47422f-2512-44a3-a6d6-8feb726f4759,prior_expanding_median,prior_history_plus_actigraphy,chronological_holdout:last_30pct_per_athlete_min_1,31.8,31.1,102.2508038585209,0.6999999999999993
rest_daily_2b0ad7da5f00c7fb,8d47422f-2512-44a3-a6d6-8feb726f4759,prior_expanding_median,prior_history_plus_actigraphy,chronological_holdout:last_30pct_per_athlete_min_1,30.5,31.25,97.6,-0.75
rest_daily_c72954ac52f3c08e,ec3fc0a0-ab15-4c0c-b1ad-5243c6e5636f,prior_expanding_median,prior_history_plus_actigraphy,chronological_holdout:last_30pct_per_athlete_min_1,31.9,30.2,105.62913907284768,1.6999999999999993
rest_daily_50f6f1543ffe74e1,ec3fc0a0-ab15-4c0c-b1ad-5243c6e5636f,prior_expanding_median,prior_history_plus_actigraphy,chronological_holdout:last_30pct_per_athlete_min_1,29.8,30.799999999999997,96.75324675324676,-0.9999999999999964
rest_daily_6c805b4dd0c2cf3f,f2b08928-a410-4d1d-9f19-1f8c063a6311,prior_expanding_median,prior_history_plus_actigraphy,chronological_holdout:last_30pct_per_athlete_min_1,31.5,31.5,100.0,0.0
rest_daily_472237620c8063bf,86fed448-f51d-4005-aef8-bd9413933cbe,prior_expanding_median,prior_history_plus_actigraphy,chronological_holdout:last_30pct_per_athlete_min_1,29.8,30.7,97.0684039087948,-0.8999999999999986
rest_daily_a309a15592c25132,86fed448-f51d-4005-aef8-bd9413933cbe,prior_expanding_median,prior_history_plus_actigraphy,chronological_holdout:last_30pct_per_athlete_min_1,30.1,30.7,98.0456026058632,-0.5999999999999979
rest_daily_bea3758949606720,86fed448-f51d-4005-aef8-bd9413933cbe,prior_expanding_median,prior_history_plus_actigraphy,chronological_holdout:last_30pct_per_athlete_min_1,33.6,30.65,109.62479608482872,2.950000000000003
rest_daily_1c3acd1f7c8cf85f,a2d89dcf-6bd1-445b-bc9c-7ac6b852a9fc,prior_expanding_median,prior_history_plus_actigraphy,chronological_holdout:last_30pct_per_athlete_min_1,26.1,26.0,100.3846153846154,0.10000000000000142
rest_daily_a5cab1550d5946e9,a2d89dcf-6bd1-445b-bc9c-7ac6b852a9fc,prior_expanding_median,prior_history_plus_actigraphy,chronological_holdout:last_30pct_per_athlete_min_1,26.1,26.05,100.1919385796545,0.05000000000000071
rest_daily_1a821f8053bae41e,6a2ca03c-e61b-4589-a931-58f5e25aacd8,prior_expanding_median,prior_history_plus_actigraphy,chronological_holdout:last_30pct_per_athlete_min_1,35.0,36.1,96.9529085872576,-1.1000000000000014
rest_daily_baad225df3d4f040,957de0b1-7ee9-437c-b47b-dffd09b6653a,prior_expanding_median,prior_history_plus_actigraphy,chronological_holdout:last_30pct_per_athlete_min_1,27.5,26.2,104.9618320610687,1.3000000000000007
rest_daily_24526a257b340324,957de0b1-7ee9-437c-b47b-dffd09b6653a,prior_expanding_median,prior_history_plus_actigraphy,chronological_holdout:last_30pct_per_athlete_min_1,27.2,26.4,103.03030303030305,0.8000000000000007
rest_daily_f51837b525fe2758,957de0b1-7ee9-437c-b47b-dffd09b6653a,prior_expanding_median,prior_history_plus_actigraphy,chronological_holdout:last_30pct_per_athlete_min_1,27.5,26.6,103.38345864661652,0.8999999999999986
rest_daily_6f1321ab0e065ca1,e362b878-9920-4dcf-9ab7-687a194a821c,prior_expanding_median,prior_history_plus_actigraphy,chronological_holdout:last_30pct_per_athlete_min_1,32.6,35.3,92.35127478753542,-2.6999999999999957
rest_daily_8b1130c2e482bf87,e362b878-9920-4dcf-9ab7-687a194a821c,prior_expanding_median,prior_history_plus_actigraphy,chronological_holdout:last_30pct_per_athlete_min_1,30.7,35.15,87.33997155049786,-4.449999999999999
rest_daily_aac7a0cea32a78f6,e362b878-9920-4dcf-9ab7-687a194a821c,prior_expanding_median,prior_history_plus_actigraphy,chronological_holdout:last_30pct_per_athlete_min_1,33.5,32.8,102.13414634146342,0.7000000000000028
rest_daily_bb1d299fe508ad69,687552ea-5963-45df-8680-c4c6058eab87,prior_expanding_median,prior_history_plus_actigraphy,chronological_holdout:last_30pct_per_athlete_min_1,36.8,41.3,89.10411622276028,-4.5
rest_daily_1b6135ddcedae6ca,687552ea-5963-45df-8680-c4c6058eab87,prior_expanding_median,prior_history_plus_actigraphy,chronological_holdout:last_30pct_per_athlete_min_1,36.4,40.099999999999994,90.77306733167084,-3.6999999999999957
rest_daily_b5aee6d21878a523,687552ea-5963-45df-8680-c4c6058eab87,prior_expanding_median,prior_history_plus_actigraphy,chronological_holdout:last_30pct_per_athlete_min_1,37.5,38.9,96.40102827763496,-1.3999999999999986
rest_daily_64860edccfee005f,c887cb7e-63cf-4dc2-9fd2-8429137ba44b,prior_expanding_median,prior_history_plus_actigraphy,chronological_holdout:last_30pct_per_athlete_min_1,28.5,28.5,100.0,0.0
rest_daily_b66d89d81131cac9,c887cb7e-63cf-4dc2-9fd2-8429137ba44b,prior_expanding_median,prior_history_plus_actigraphy,chronological_holdout:last_30pct_per_athlete_min_1,26.6,28.5,93.33333333333331,-1.8999999999999986
rest_daily_462b7d0d1d4cce3d,c887cb7e-63cf-4dc2-9fd2-8429137ba44b,prior_expanding_median,prior_history_plus_actigraphy,chronological_holdout:last_30pct_per_athlete_min_1,24.4,28.5,85.6140350877193,-4.100000000000001
rest_daily_9f0c016dc4398960,e6e4e3b9-5cfa-42c6-a4cd-0f96561de3eb,prior_expanding_median,prior_history_plus_actigraphy,chronological_holdout:last_30pct_per_athlete_min_1,25.9,32.3,80.1857585139319,-6.399999999999999
rest_daily_0454c91c3fc710e8,e6e4e3b9-5cfa-42c6-a4cd-0f96561de3eb,prior_expanding_median,prior_history_plus_actigraphy,chronological_holdout:last_30pct_per_athlete_min_1,30.8,31.549999999999997,97.62282091917592,-0.7499999999999964
rest_daily_3cf67d5887d878f8,efa2dbe6-24c0-4500-8b7b-1d5d14e1d271,prior_expanding_median,prior_history_plus_actigraphy,chronological_holdout:last_30pct_per_athlete_min_1,31.5,33.4,94.311377245509,-1.8999999999999986
rest_daily_568874402ae121a6,fd0c9e61-cb99-4d60-ab37-b4b3f5ac60d2,prior_expanding_median,prior_history_plus_actigraphy,chronological_holdout:last_30pct_per_athlete_min_1,38.6,36.349999999999994,106.18982118294362,2.250000000000007
rest_daily_e6273f94a99ad120,fd0c9e61-cb99-4d60-ab37-b4b3f5ac60d2,prior_expanding_median,prior_history_plus_actigraphy,chronological_holdout:last_30pct_per_athlete_min_1,36.5,36.4,100.27472527472528,0.10000000000000142
rest_daily_addc070e41582078,fd0c9e61-cb99-4d60-ab37-b4b3f5ac60d2,prior_expanding_median,prior_history_plus_actigraphy,chronological_holdout:last_30pct_per_athlete_min_1,35.8,36.45,98.21673525377228,-0.6500000000000057
rest_daily_91c3ba85eea8d163,2068e7ec-51a8-441a-8053-2be7533e613f,prior_expanding_median,prior_history_plus_actigraphy,chronological_holdout:last_30pct_per_athlete_min_1,43.9,44.6,98.4304932735426,-0.7000000000000028
rest_daily_0a396a843fa902b0,2068e7ec-51a8-441a-8053-2be7533e613f,prior_expanding_median,prior_history_plus_actigraphy,chronological_holdout:last_30pct_per_athlete_min_1,43.3,44.6,97.08520179372196,-1.3000000000000043
rest_daily_96bd7b99fb596da4,9cee6de4-93b3-46a7-a018-90f60d705ebb,prior_expanding_mean,prior_history_plus_actigraphy,chronological_holdout:last_30pct_per_athlete_min_1,48.5,47.34285714285715,99.38524590163937,1.1571428571428513
rest_daily_aa66a200e387eba4,9cee6de4-93b3-46a7-a018-90f60d705ebb,prior_expanding_mean,prior_history_plus_actigraphy,chronological_holdout:last_30pct_per_athlete_min_1,45.7,47.4875,93.93627954779036,-1.7874999999999943
rest_daily_9576a5f6cfbca811,8d47422f-2512-44a3-a6d6-8feb726f4759,prior_expanding_mean,prior_history_plus_actigraphy,chronological_holdout:last_30pct_per_athlete_min_1,31.8,31.11428571428571,102.2508038585209,0.6857142857142904
rest_daily_2b0ad7da5f00c7fb,8d47422f-2512-44a3-a6d6-8feb726f4759,prior_expanding_mean,prior_history_plus_actigraphy,chronological_holdout:last_30pct_per_athlete_min_1,30.5,31.200000000000003,97.6,-0.7000000000000028
rest_daily_c72954ac52f3c08e,ec3fc0a0-ab15-4c0c-b1ad-5243c6e5636f,prior_expanding_mean,prior_history_plus_actigraphy,chronological_holdout:last_30pct_per_athlete_min_1,31.9,30.300000000000004,105.62913907284768,1.5999999999999943
rest_daily_50f6f1543ffe74e1,ec3fc0a0-ab15-4c0c-b1ad-5243c6e5636f,prior_expanding_mean,prior_history_plus_actigraphy,chronological_holdout:last_30pct_per_athlete_min_1,29.8,30.5,96.75324675324676,-0.6999999999999993
rest_daily_6c805b4dd0c2cf3f,f2b08928-a410-4d1d-9f19-1f8c063a6311,prior_expanding_mean,prior_history_plus_actigraphy,chronological_holdout:last_30pct_per_athlete_min_1,31.5,31.53333333333333,100.0,-0.03333333333333144
rest_daily_472237620c8063bf,86fed448-f51d-4005-aef8-bd9413933cbe,prior_expanding_mean,prior_history_plus_actigraphy,chronological_holdout:last_30pct_per_athlete_min_1,29.8,30.7875,97.0684039087948,-0.9875000000000007
rest_daily_a309a15592c25132,86fed448-f51d-4005-aef8-bd9413933cbe,prior_expanding_mean,prior_history_plus_actigraphy,chronological_holdout:last_30pct_per_athlete_min_1,30.1,30.67777777777778,98.0456026058632,-0.5777777777777793
rest_daily_bea3758949606720,86fed448-f51d-4005-aef8-bd9413933cbe,prior_expanding_mean,prior_history_plus_actigraphy,chronological_holdout:last_30pct_per_athlete_min_1,33.6,30.620000000000005,109.62479608482872,2.979999999999997
rest_daily_1c3acd1f7c8cf85f,a2d89dcf-6bd1-445b-bc9c-7ac6b852a9fc,prior_expanding_mean,prior_history_plus_actigraphy,chronological_holdout:last_30pct_per_athlete_min_1,26.1,26.228571428571428,100.3846153846154,-0.12857142857142634
rest_daily_a5cab1550d5946e9,a2d89dcf-6bd1-445b-bc9c-7ac6b852a9fc,prior_expanding_mean,prior_history_plus_actigraphy,chronological_holdout:last_30pct_per_athlete_min_1,26.1,26.2125,100.1919385796545,-0.11249999999999716
rest_daily_1a821f8053bae41e,6a2ca03c-e61b-4589-a931-58f5e25aacd8,prior_expanding_mean,prior_history_plus_actigraphy,chronological_holdout:last_30pct_per_athlete_min_1,35.0,35.4,96.9529085872576,-0.3999999999999986
rest_daily_baad225df3d4f040,957de0b1-7ee9-437c-b47b-dffd09b6653a,prior_expanding_mean,prior_history_plus_actigraphy,chronological_holdout:last_30pct_per_athlete_min_1,27.5,26.089999999999996,104.9618320610687,1.4100000000000037
rest_daily_24526a257b340324,957de0b1-7ee9-437c-b47b-dffd09b6653a,prior_expanding_mean,prior_history_plus_actigraphy,chronological_holdout:last_30pct_per_athlete_min_1,27.2,26.218181818181815,103.03030303030305,0.9818181818181841
rest_daily_f51837b525fe2758,957de0b1-7ee9-437c-b47b-dffd09b6653a,prior_expanding_mean,prior_history_plus_actigraphy,chronological_holdout:last_30pct_per_athlete_min_1,27.5,26.299999999999997,103.38345864661652,1.2000000000000028
rest_daily_6f1321ab0e065ca1,e362b878-9920-4dcf-9ab7-687a194a821c,prior_expanding_mean,prior_history_plus_actigraphy,chronological_holdout:last_30pct_per_athlete_min_1,32.6,34.67142857142858,92.35127478753542,-2.0714285714285765
rest_daily_8b1130c2e482bf87,e362b878-9920-4dcf-9ab7-687a194a821c,prior_expanding_mean,prior_history_plus_actigraphy,chronological_holdout:last_30pct_per_athlete_min_1,30.7,34.4125,87.33997155049786,-3.712500000000002
rest_daily_aac7a0cea32a78f6,e362b878-9920-4dcf-9ab7-687a194a821c,prior_expanding_mean,prior_history_plus_actigraphy,chronological_holdout:last_30pct_per_athlete_min_1,33.5,33.76363636363636,102.13414634146342,-0.26363636363635834
rest_daily_bb1d299fe508ad69,687552ea-5963-45df-8680-c4c6058eab87,prior_expanding_mean,prior_history_plus_actigraphy,chronological_holdout:last_30pct_per_athlete_min_1,36.8,40.10000000000001,89.10411622276028,-3.3000000000000114
rest_daily_1b6135ddcedae6ca,687552ea-5963-45df-8680-c4c6058eab87,prior_expanding_mean,prior_history_plus_actigraphy,chronological_holdout:last_30pct_per_athlete_min_1,36.4,39.6875,90.77306733167084,-3.2875000000000014
rest_daily_b5aee6d21878a523,687552ea-5963-45df-8680-c4c6058eab87,prior_expanding_mean,prior_history_plus_actigraphy,chronological_holdout:last_30pct_per_athlete_min_1,37.5,39.32222222222222,96.40102827763496,-1.8222222222222229
rest_daily_64860edccfee005f,c887cb7e-63cf-4dc2-9fd2-8429137ba44b,prior_expanding_mean,prior_history_plus_actigraphy,chronological_holdout:last_30pct_per_athlete_min_1,28.5,28.38571428571429,100.0,0.11428571428571033
rest_daily_b66d89d81131cac9,c887cb7e-63cf-4dc2-9fd2-8429137ba44b,prior_expanding_mean,prior_history_plus_actigraphy,chronological_holdout:last_30pct_per_athlete_min_1,26.6,28.4,93.33333333333331,-1.7999999999999972
rest_daily_462b7d0d1d4cce3d,c887cb7e-63cf-4dc2-9fd2-8429137ba44b,prior_expanding_mean,prior_history_plus_actigraphy,chronological_holdout:last_30pct_per_athlete_min_1,24.4,28.2,85.6140350877193,-3.8000000000000007
rest_daily_9f0c016dc4398960,e6e4e3b9-5cfa-42c6-a4cd-0f96561de3eb,prior_expanding_mean,prior_history_plus_actigraphy,chronological_holdout:last_30pct_per_athlete_min_1,25.9,31.8,80.1857585139319,-5.900000000000002
rest_daily_0454c91c3fc710e8,e6e4e3b9-5cfa-42c6-a4cd-0f96561de3eb,prior_expanding_mean,prior_history_plus_actigraphy,chronological_holdout:last_30pct_per_athlete_min_1,30.8,31.062499999999996,97.62282091917592,-0.26249999999999574
rest_daily_3cf67d5887d878f8,efa2dbe6-24c0-4500-8b7b-1d5d14e1d271,prior_expanding_mean,prior_history_plus_actigraphy,chronological_holdout:last_30pct_per_athlete_min_1,31.5,33.1625,94.311377245509,-1.6625000000000014
rest_daily_568874402ae121a6,fd0c9e61-cb99-4d60-ab37-b4b3f5ac60d2,prior_expanding_mean,prior_history_plus_actigraphy,chronological_holdout:last_30pct_per_athlete_min_1,38.6,36.425,106.18982118294362,2.1750000000000043
rest_daily_e6273f94a99ad120,fd0c9e61-cb99-4d60-ab37-b4b3f5ac60d2,prior_expanding_mean,prior_history_plus_actigraphy,chronological_holdout:last_30pct_per_athlete_min_1,36.5,36.666666666666664,100.27472527472528,-0.1666666666666643
rest_daily_addc070e41582078,fd0c9e61-cb99-4d60-ab37-b4b3f5ac60d2,prior_expanding_mean,prior_history_plus_actigraphy,chronological_holdout:last_30pct_per_athlete_min_1,35.8,36.65,98.21673525377228,-0.8500000000000014
rest_daily_91c3ba85eea8d163,2068e7ec-51a8-441a-8053-2be7533e613f,prior_expanding_mean,prior_history_plus_actigraphy,chronological_holdout:last_30pct_per_athlete_min_1,43.9,44.31999999999999,98.4304932735426,-0.4199999999999946
rest_daily_0a396a843fa902b0,2068e7ec-51a8-441a-8053-2be7533e613f,prior_expanding_mean,prior_history_plus_actigraphy,chronological_holdout:last_30pct_per_athlete_min_1,43.3,44.281818181818174,97.08520179372196,-0.981818181818177
rest_daily_a4f0947d555bcfe1,9cee6de4-93b3-46a7-a018-90f60d705ebb,prior_expanding_median,all_track_b_exploratory,leave_one_athlete_out:9cee6de4-93b3-46a7-a018-90f60d705ebb,48.8,48.5,100.61855670103093,0.29999999999999716
rest_daily_b0a59a0abf0c6f21,9cee6de4-93b3-46a7-a018-90f60d705ebb,prior_expanding_median,all_track_b_exploratory,leave_one_athlete_out:9cee6de4-93b3-46a7-a018-90f60d705ebb,49.3,48.65,101.33607399794452,0.6499999999999986
rest_daily_ad64c57187148a23,9cee6de4-93b3-46a7-a018-90f60d705ebb,prior_expanding_median,all_track_b_exploratory,leave_one_athlete_out:9cee6de4-93b3-46a7-a018-90f60d705ebb,50.0,48.8,102.45901639344262,1.2000000000000028
rest_daily_bdb6766b9448f55b,9cee6de4-93b3-46a7-a018-90f60d705ebb,prior_expanding_median,all_track_b_exploratory,leave_one_athlete_out:9cee6de4-93b3-46a7-a018-90f60d705ebb,37.5,49.05,76.45259938837921,-11.549999999999997
rest_daily_96bd7b99fb596da4,9cee6de4-93b3-46a7-a018-90f60d705ebb,prior_expanding_median,all_track_b_exploratory,leave_one_athlete_out:9cee6de4-93b3-46a7-a018-90f60d705ebb,48.5,48.8,99.38524590163937,-0.29999999999999716
rest_daily_aa66a200e387eba4,9cee6de4-93b3-46a7-a018-90f60d705ebb,prior_expanding_median,all_track_b_exploratory,leave_one_athlete_out:9cee6de4-93b3-46a7-a018-90f60d705ebb,45.7,48.65,93.93627954779036,-2.9499999999999957
rest_daily_a4f0947d555bcfe1,9cee6de4-93b3-46a7-a018-90f60d705ebb,prior_expanding_mean,all_track_b_exploratory,leave_one_athlete_out:9cee6de4-93b3-46a7-a018-90f60d705ebb,48.8,48.6,100.61855670103093,0.19999999999999574
rest_daily_b0a59a0abf0c6f21,9cee6de4-93b3-46a7-a018-90f60d705ebb,prior_expanding_mean,all_track_b_exploratory,leave_one_athlete_out:9cee6de4-93b3-46a7-a018-90f60d705ebb,49.3,48.650000000000006,101.33607399794452,0.6499999999999915
rest_daily_ad64c57187148a23,9cee6de4-93b3-46a7-a018-90f60d705ebb,prior_expanding_mean,all_track_b_exploratory,leave_one_athlete_out:9cee6de4-93b3-46a7-a018-90f60d705ebb,50.0,48.78000000000001,102.45901639344262,1.2199999999999918
rest_daily_bdb6766b9448f55b,9cee6de4-93b3-46a7-a018-90f60d705ebb,prior_expanding_mean,all_track_b_exploratory,leave_one_athlete_out:9cee6de4-93b3-46a7-a018-90f60d705ebb,37.5,48.98333333333334,76.45259938837921,-11.483333333333341
rest_daily_96bd7b99fb596da4,9cee6de4-93b3-46a7-a018-90f60d705ebb,prior_expanding_mean,all_track_b_exploratory,leave_one_athlete_out:9cee6de4-93b3-46a7-a018-90f60d705ebb,48.5,47.34285714285715,99.38524590163937,1.1571428571428513
rest_daily_aa66a200e387eba4,9cee6de4-93b3-46a7-a018-90f60d705ebb,prior_expanding_mean,all_track_b_exploratory,leave_one_athlete_out:9cee6de4-93b3-46a7-a018-90f60d705ebb,45.7,47.4875,93.93627954779036,-1.7874999999999943
rest_daily_b711ef41b7e72a58,8d47422f-2512-44a3-a6d6-8feb726f4759,prior_expanding_median,all_track_b_exploratory,leave_one_athlete_out:8d47422f-2512-44a3-a6d6-8feb726f4759,32.2,31.4,102.54777070063696,0.8000000000000043
rest_daily_0056b953332cf48c,8d47422f-2512-44a3-a6d6-8feb726f4759,prior_expanding_median,all_track_b_exploratory,leave_one_athlete_out:8d47422f-2512-44a3-a6d6-8feb726f4759,31.1,31.2,99.67948717948718,-0.09999999999999787
rest_daily_9576a5f6cfbca811,8d47422f-2512-44a3-a6d6-8feb726f4759,prior_expanding_median,all_track_b_exploratory,leave_one_athlete_out:8d47422f-2512-44a3-a6d6-8feb726f4759,31.8,31.1,102.2508038585209,0.6999999999999993
rest_daily_2b0ad7da5f00c7fb,8d47422f-2512-44a3-a6d6-8feb726f4759,prior_expanding_median,all_track_b_exploratory,leave_one_athlete_out:8d47422f-2512-44a3-a6d6-8feb726f4759,30.5,31.25,97.6,-0.75
rest_daily_b711ef41b7e72a58,8d47422f-2512-44a3-a6d6-8feb726f4759,prior_expanding_mean,all_track_b_exploratory,leave_one_athlete_out:8d47422f-2512-44a3-a6d6-8feb726f4759,32.2,31.366666666666664,102.54777070063696,0.8333333333333393
rest_daily_0056b953332cf48c,8d47422f-2512-44a3-a6d6-8feb726f4759,prior_expanding_mean,all_track_b_exploratory,leave_one_athlete_out:8d47422f-2512-44a3-a6d6-8feb726f4759,31.1,31.116666666666664,99.67948717948718,-0.016666666666662167
rest_daily_9576a5f6cfbca811,8d47422f-2512-44a3-a6d6-8feb726f4759,prior_expanding_mean,all_track_b_exploratory,leave_one_athlete_out:8d47422f-2512-44a3-a6d6-8feb726f4759,31.8,31.11428571428571,102.2508038585209,0.6857142857142904
rest_daily_2b0ad7da5f00c7fb,8d47422f-2512-44a3-a6d6-8feb726f4759,prior_expanding_mean,all_track_b_exploratory,leave_one_athlete_out:8d47422f-2512-44a3-a6d6-8feb726f4759,30.5,31.200000000000003,97.6,-0.7000000000000028
rest_daily_cdf2c1790b6b6b77,ec3fc0a0-ab15-4c0c-b1ad-5243c6e5636f,prior_expanding_median,all_track_b_exploratory,leave_one_athlete_out:ec3fc0a0-ab15-4c0c-b1ad-5243c6e5636f,30.1,29.2,103.08219178082192,0.9000000000000021
rest_daily_cd58435642eb8af3,ec3fc0a0-ab15-4c0c-b1ad-5243c6e5636f,prior_expanding_median,all_track_b_exploratory,leave_one_athlete_out:ec3fc0a0-ab15-4c0c-b1ad-5243c6e5636f,31.4,29.65,105.90219224283304,1.75
rest_daily_f086eef85301ad30,ec3fc0a0-ab15-4c0c-b1ad-5243c6e5636f,prior_expanding_median,all_track_b_exploratory,leave_one_athlete_out:ec3fc0a0-ab15-4c0c-b1ad-5243c6e5636f,32.9,30.1,109.30232558139534,2.799999999999997
rest_daily_c1dfb58557a561b2,ec3fc0a0-ab15-4c0c-b1ad-5243c6e5636f,prior_expanding_median,all_track_b_exploratory,leave_one_athlete_out:ec3fc0a0-ab15-4c0c-b1ad-5243c6e5636f,31.8,30.15,105.4726368159204,1.6500000000000021
rest_daily_c72954ac52f3c08e,ec3fc0a0-ab15-4c0c-b1ad-5243c6e5636f,prior_expanding_median,all_track_b_exploratory,leave_one_athlete_out:ec3fc0a0-ab15-4c0c-b1ad-5243c6e5636f,31.9,30.2,105.62913907284768,1.6999999999999993
rest_daily_50f6f1543ffe74e1,ec3fc0a0-ab15-4c0c-b1ad-5243c6e5636f,prior_expanding_median,all_track_b_exploratory,leave_one_athlete_out:ec3fc0a0-ab15-4c0c-b1ad-5243c6e5636f,29.8,30.799999999999997,96.75324675324676,-0.9999999999999964
rest_daily_cdf2c1790b6b6b77,ec3fc0a0-ab15-4c0c-b1ad-5243c6e5636f,prior_expanding_mean,all_track_b_exploratory,leave_one_athlete_out:ec3fc0a0-ab15-4c0c-b1ad-5243c6e5636f,30.1,28.633333333333336,103.08219178082192,1.466666666666665
rest_daily_cd58435642eb8af3,ec3fc0a0-ab15-4c0c-b1ad-5243c6e5636f,prior_expanding_mean,all_track_b_exploratory,leave_one_athlete_out:ec3fc0a0-ab15-4c0c-b1ad-5243c6e5636f,31.4,29.0,105.90219224283304,2.3999999999999986
rest_daily_f086eef85301ad30,ec3fc0a0-ab15-4c0c-b1ad-5243c6e5636f,prior_expanding_mean,all_track_b_exploratory,leave_one_athlete_out:ec3fc0a0-ab15-4c0c-b1ad-5243c6e5636f,32.9,29.48,109.30232558139534,3.419999999999998
rest_daily_c1dfb58557a561b2,ec3fc0a0-ab15-4c0c-b1ad-5243c6e5636f,prior_expanding_mean,all_track_b_exploratory,leave_one_athlete_out:ec3fc0a0-ab15-4c0c-b1ad-5243c6e5636f,31.8,30.05,105.4726368159204,1.75
rest_daily_c72954ac52f3c08e,ec3fc0a0-ab15-4c0c-b1ad-5243c6e5636f,prior_expanding_mean,all_track_b_exploratory,leave_one_athlete_out:ec3fc0a0-ab15-4c0c-b1ad-5243c6e5636f,31.9,30.300000000000004,105.62913907284768,1.5999999999999943
rest_daily_50f6f1543ffe74e1,ec3fc0a0-ab15-4c0c-b1ad-5243c6e5636f,prior_expanding_mean,all_track_b_exploratory,leave_one_athlete_out:ec3fc0a0-ab15-4c0c-b1ad-5243c6e5636f,29.8,30.5,96.75324675324676,-0.6999999999999993
rest_daily_6c805b4dd0c2cf3f,f2b08928-a410-4d1d-9f19-1f8c063a6311,prior_expanding_median,all_track_b_exploratory,leave_one_athlete_out:f2b08928-a410-4d1d-9f19-1f8c063a6311,31.5,31.5,100.0,0.0
rest_daily_6c805b4dd0c2cf3f,f2b08928-a410-4d1d-9f19-1f8c063a6311,prior_expanding_mean,all_track_b_exploratory,leave_one_athlete_out:f2b08928-a410-4d1d-9f19-1f8c063a6311,31.5,31.53333333333333,100.0,-0.03333333333333144
rest_daily_f4e5f2267c6c0457,86fed448-f51d-4005-aef8-bd9413933cbe,prior_expanding_median,all_track_b_exploratory,leave_one_athlete_out:86fed448-f51d-4005-aef8-bd9413933cbe,29.2,30.6,95.4248366013072,-1.4000000000000021
rest_daily_1b54b101c18e95b5,86fed448-f51d-4005-aef8-bd9413933cbe,prior_expanding_median,all_track_b_exploratory,leave_one_athlete_out:86fed448-f51d-4005-aef8-bd9413933cbe,30.7,30.200000000000003,101.65562913907284,0.49999999999999645
rest_daily_7f7a9baf479d195c,86fed448-f51d-4005-aef8-bd9413933cbe,prior_expanding_median,all_track_b_exploratory,leave_one_athlete_out:86fed448-f51d-4005-aef8-bd9413933cbe,32.4,30.6,105.88235294117646,1.7999999999999972
rest_daily_f98b6f0e56bf0285,86fed448-f51d-4005-aef8-bd9413933cbe,prior_expanding_median,all_track_b_exploratory,leave_one_athlete_out:86fed448-f51d-4005-aef8-bd9413933cbe,30.7,30.65,100.163132137031,0.05000000000000071
rest_daily_5091bf99d5924eac,86fed448-f51d-4005-aef8-bd9413933cbe,prior_expanding_median,all_track_b_exploratory,leave_one_athlete_out:86fed448-f51d-4005-aef8-bd9413933cbe,31.8,30.7,103.5830618892508,1.1000000000000014
rest_daily_472237620c8063bf,86fed448-f51d-4005-aef8-bd9413933cbe,prior_expanding_median,all_track_b_exploratory,leave_one_athlete_out:86fed448-f51d-4005-aef8-bd9413933cbe,29.8,30.7,97.0684039087948,-0.8999999999999986
rest_daily_a309a15592c25132,86fed448-f51d-4005-aef8-bd9413933cbe,prior_expanding_median,all_track_b_exploratory,leave_one_athlete_out:86fed448-f51d-4005-aef8-bd9413933cbe,30.1,30.7,98.0456026058632,-0.5999999999999979
rest_daily_bea3758949606720,86fed448-f51d-4005-aef8-bd9413933cbe,prior_expanding_median,all_track_b_exploratory,leave_one_athlete_out:86fed448-f51d-4005-aef8-bd9413933cbe,33.6,30.65,109.62479608482872,2.950000000000003
rest_daily_f4e5f2267c6c0457,86fed448-f51d-4005-aef8-bd9413933cbe,prior_expanding_mean,all_track_b_exploratory,leave_one_athlete_out:86fed448-f51d-4005-aef8-bd9413933cbe,29.2,30.5,95.4248366013072,-1.3000000000000007
rest_daily_1b54b101c18e95b5,86fed448-f51d-4005-aef8-bd9413933cbe,prior_expanding_mean,all_track_b_exploratory,leave_one_athlete_out:86fed448-f51d-4005-aef8-bd9413933cbe,30.7,30.175,101.65562913907284,0.5249999999999986
rest_daily_7f7a9baf479d195c,86fed448-f51d-4005-aef8-bd9413933cbe,prior_expanding_mean,all_track_b_exploratory,leave_one_athlete_out:86fed448-f51d-4005-aef8-bd9413933cbe,32.4,30.28,105.88235294117646,2.1199999999999974
rest_daily_f98b6f0e56bf0285,86fed448-f51d-4005-aef8-bd9413933cbe,prior_expanding_mean,all_track_b_exploratory,leave_one_athlete_out:86fed448-f51d-4005-aef8-bd9413933cbe,30.7,30.633333333333336,100.163132137031,0.06666666666666288
rest_daily_5091bf99d5924eac,86fed448-f51d-4005-aef8-bd9413933cbe,prior_expanding_mean,all_track_b_exploratory,leave_one_athlete_out:86fed448-f51d-4005-aef8-bd9413933cbe,31.8,30.642857142857142,103.5830618892508,1.1571428571428584
rest_daily_472237620c8063bf,86fed448-f51d-4005-aef8-bd9413933cbe,prior_expanding_mean,all_track_b_exploratory,leave_one_athlete_out:86fed448-f51d-4005-aef8-bd9413933cbe,29.8,30.7875,97.0684039087948,-0.9875000000000007
rest_daily_a309a15592c25132,86fed448-f51d-4005-aef8-bd9413933cbe,prior_expanding_mean,all_track_b_exploratory,leave_one_athlete_out:86fed448-f51d-4005-aef8-bd9413933cbe,30.1,30.67777777777778,98.0456026058632,-0.5777777777777793
rest_daily_bea3758949606720,86fed448-f51d-4005-aef8-bd9413933cbe,prior_expanding_mean,all_track_b_exploratory,leave_one_athlete_out:86fed448-f51d-4005-aef8-bd9413933cbe,33.6,30.620000000000005,109.62479608482872,2.979999999999997
rest_daily_82442f8e52aa8256,a2d89dcf-6bd1-445b-bc9c-7ac6b852a9fc,prior_expanding_median,all_track_b_exploratory,leave_one_athlete_out:a2d89dcf-6bd1-445b-bc9c-7ac6b852a9fc,25.2,26.6,94.73684210526316,-1.4000000000000021
rest_daily_baa5ee6cfc8f59b5,a2d89dcf-6bd1-445b-bc9c-7ac6b852a9fc,prior_expanding_median,all_track_b_exploratory,leave_one_athlete_out:a2d89dcf-6bd1-445b-bc9c-7ac6b852a9fc,26.0,25.9,100.3861003861004,0.10000000000000142
rest_daily_9afc4bb4cc991ef9,a2d89dcf-6bd1-445b-bc9c-7ac6b852a9fc,prior_expanding_median,all_track_b_exploratory,leave_one_athlete_out:a2d89dcf-6bd1-445b-bc9c-7ac6b852a9fc,25.9,26.0,99.6153846153846,-0.10000000000000142
rest_daily_7f8eb3142fb05b5e,a2d89dcf-6bd1-445b-bc9c-7ac6b852a9fc,prior_expanding_median,all_track_b_exploratory,leave_one_athlete_out:a2d89dcf-6bd1-445b-bc9c-7ac6b852a9fc,27.3,25.95,105.20231213872832,1.3500000000000014
rest_daily_1c3acd1f7c8cf85f,a2d89dcf-6bd1-445b-bc9c-7ac6b852a9fc,prior_expanding_median,all_track_b_exploratory,leave_one_athlete_out:a2d89dcf-6bd1-445b-bc9c-7ac6b852a9fc,26.1,26.0,100.3846153846154,0.10000000000000142
rest_daily_a5cab1550d5946e9,a2d89dcf-6bd1-445b-bc9c-7ac6b852a9fc,prior_expanding_median,all_track_b_exploratory,leave_one_athlete_out:a2d89dcf-6bd1-445b-bc9c-7ac6b852a9fc,26.1,26.05,100.1919385796545,0.05000000000000071
rest_daily_82442f8e52aa8256,a2d89dcf-6bd1-445b-bc9c-7ac6b852a9fc,prior_expanding_mean,all_track_b_exploratory,leave_one_athlete_out:a2d89dcf-6bd1-445b-bc9c-7ac6b852a9fc,25.2,26.399999999999995,94.73684210526316,-1.1999999999999957
rest_daily_baa5ee6cfc8f59b5,a2d89dcf-6bd1-445b-bc9c-7ac6b852a9fc,prior_expanding_mean,all_track_b_exploratory,leave_one_athlete_out:a2d89dcf-6bd1-445b-bc9c-7ac6b852a9fc,26.0,26.1,100.3861003861004,-0.10000000000000142
rest_daily_9afc4bb4cc991ef9,a2d89dcf-6bd1-445b-bc9c-7ac6b852a9fc,prior_expanding_mean,all_track_b_exploratory,leave_one_athlete_out:a2d89dcf-6bd1-445b-bc9c-7ac6b852a9fc,25.9,26.079999999999995,99.6153846153846,-0.17999999999999616
rest_daily_7f8eb3142fb05b5e,a2d89dcf-6bd1-445b-bc9c-7ac6b852a9fc,prior_expanding_mean,all_track_b_exploratory,leave_one_athlete_out:a2d89dcf-6bd1-445b-bc9c-7ac6b852a9fc,27.3,26.049999999999997,105.20231213872832,1.2500000000000036
rest_daily_1c3acd1f7c8cf85f,a2d89dcf-6bd1-445b-bc9c-7ac6b852a9fc,prior_expanding_mean,all_track_b_exploratory,leave_one_athlete_out:a2d89dcf-6bd1-445b-bc9c-7ac6b852a9fc,26.1,26.228571428571428,100.3846153846154,-0.12857142857142634
rest_daily_a5cab1550d5946e9,a2d89dcf-6bd1-445b-bc9c-7ac6b852a9fc,prior_expanding_mean,all_track_b_exploratory,leave_one_athlete_out:a2d89dcf-6bd1-445b-bc9c-7ac6b852a9fc,26.1,26.2125,100.1919385796545,-0.11249999999999716
rest_daily_1a821f8053bae41e,6a2ca03c-e61b-4589-a931-58f5e25aacd8,prior_expanding_median,all_track_b_exploratory,leave_one_athlete_out:6a2ca03c-e61b-4589-a931-58f5e25aacd8,35.0,36.1,96.9529085872576,-1.1000000000000014
rest_daily_1a821f8053bae41e,6a2ca03c-e61b-4589-a931-58f5e25aacd8,prior_expanding_mean,all_track_b_exploratory,leave_one_athlete_out:6a2ca03c-e61b-4589-a931-58f5e25aacd8,35.0,35.4,96.9529085872576,-0.3999999999999986
rest_daily_1fdf1d5bbe31da02,957de0b1-7ee9-437c-b47b-dffd09b6653a,prior_expanding_median,all_track_b_exploratory,leave_one_athlete_out:957de0b1-7ee9-437c-b47b-dffd09b6653a,26.4,26.8,98.50746268656717,-0.40000000000000213
rest_daily_ce8b5b7b591dd0fd,957de0b1-7ee9-437c-b47b-dffd09b6653a,prior_expanding_median,all_track_b_exploratory,leave_one_athlete_out:957de0b1-7ee9-437c-b47b-dffd09b6653a,24.2,26.8,90.29850746268656,-2.6000000000000014
rest_daily_5725581e019f5fa6,957de0b1-7ee9-437c-b47b-dffd09b6653a,prior_expanding_median,all_track_b_exploratory,leave_one_athlete_out:957de0b1-7ee9-437c-b47b-dffd09b6653a,25.2,26.8,94.02985074626864,-1.6000000000000014
rest_daily_9fdde10651bde0b4,957de0b1-7ee9-437c-b47b-dffd09b6653a,prior_expanding_median,all_track_b_exploratory,leave_one_athlete_out:957de0b1-7ee9-437c-b47b-dffd09b6653a,25.9,26.8,96.64179104477611,-0.9000000000000021
rest_daily_4cc527b910742f5f,957de0b1-7ee9-437c-b47b-dffd09b6653a,prior_expanding_median,all_track_b_exploratory,leave_one_athlete_out:957de0b1-7ee9-437c-b47b-dffd09b6653a,24.4,26.6,91.72932330827066,-2.200000000000003
rest_daily_a682083333fcffda,957de0b1-7ee9-437c-b47b-dffd09b6653a,prior_expanding_median,all_track_b_exploratory,leave_one_athlete_out:957de0b1-7ee9-437c-b47b-dffd09b6653a,26.0,26.4,98.48484848484848,-0.3999999999999986
rest_daily_baad225df3d4f040,957de0b1-7ee9-437c-b47b-dffd09b6653a,prior_expanding_median,all_track_b_exploratory,leave_one_athlete_out:957de0b1-7ee9-437c-b47b-dffd09b6653a,27.5,26.2,104.9618320610687,1.3000000000000007
rest_daily_24526a257b340324,957de0b1-7ee9-437c-b47b-dffd09b6653a,prior_expanding_median,all_track_b_exploratory,leave_one_athlete_out:957de0b1-7ee9-437c-b47b-dffd09b6653a,27.2,26.4,103.03030303030305,0.8000000000000007
rest_daily_f51837b525fe2758,957de0b1-7ee9-437c-b47b-dffd09b6653a,prior_expanding_median,all_track_b_exploratory,leave_one_athlete_out:957de0b1-7ee9-437c-b47b-dffd09b6653a,27.5,26.6,103.38345864661652,0.8999999999999986
rest_daily_1fdf1d5bbe31da02,957de0b1-7ee9-437c-b47b-dffd09b6653a,prior_expanding_mean,all_track_b_exploratory,leave_one_athlete_out:957de0b1-7ee9-437c-b47b-dffd09b6653a,26.4,27.2,98.50746268656717,-0.8000000000000007
rest_daily_ce8b5b7b591dd0fd,957de0b1-7ee9-437c-b47b-dffd09b6653a,prior_expanding_mean,all_track_b_exploratory,leave_one_athlete_out:957de0b1-7ee9-437c-b47b-dffd09b6653a,24.2,27.04,90.29850746268656,-2.84
rest_daily_5725581e019f5fa6,957de0b1-7ee9-437c-b47b-dffd09b6653a,prior_expanding_mean,all_track_b_exploratory,leave_one_athlete_out:957de0b1-7ee9-437c-b47b-dffd09b6653a,25.2,26.566666666666663,94.02985074626864,-1.3666666666666636
rest_daily_9fdde10651bde0b4,957de0b1-7ee9-437c-b47b-dffd09b6653a,prior_expanding_mean,all_track_b_exploratory,leave_one_athlete_out:957de0b1-7ee9-437c-b47b-dffd09b6653a,25.9,26.371428571428567,96.64179104477611,-0.471428571428568
rest_daily_4cc527b910742f5f,957de0b1-7ee9-437c-b47b-dffd09b6653a,prior_expanding_mean,all_track_b_exploratory,leave_one_athlete_out:957de0b1-7ee9-437c-b47b-dffd09b6653a,24.4,26.3125,91.72932330827066,-1.9125000000000014
rest_daily_a682083333fcffda,957de0b1-7ee9-437c-b47b-dffd09b6653a,prior_expanding_mean,all_track_b_exploratory,leave_one_athlete_out:957de0b1-7ee9-437c-b47b-dffd09b6653a,26.0,26.1,98.48484848484848,-0.10000000000000142
rest_daily_baad225df3d4f040,957de0b1-7ee9-437c-b47b-dffd09b6653a,prior_expanding_mean,all_track_b_exploratory,leave_one_athlete_out:957de0b1-7ee9-437c-b47b-dffd09b6653a,27.5,26.089999999999996,104.9618320610687,1.4100000000000037
rest_daily_24526a257b340324,957de0b1-7ee9-437c-b47b-dffd09b6653a,prior_expanding_mean,all_track_b_exploratory,leave_one_athlete_out:957de0b1-7ee9-437c-b47b-dffd09b6653a,27.2,26.218181818181815,103.03030303030305,0.9818181818181841
rest_daily_f51837b525fe2758,957de0b1-7ee9-437c-b47b-dffd09b6653a,prior_expanding_mean,all_track_b_exploratory,leave_one_athlete_out:957de0b1-7ee9-437c-b47b-dffd09b6653a,27.5,26.299999999999997,103.38345864661652,1.2000000000000028
rest_daily_44c060af4bc142ed,e362b878-9920-4dcf-9ab7-687a194a821c,prior_expanding_median,all_track_b_exploratory,leave_one_athlete_out:e362b878-9920-4dcf-9ab7-687a194a821c,35.0,35.8,97.76536312849164,-0.7999999999999972
rest_daily_e1f7ae429e1b28de,e362b878-9920-4dcf-9ab7-687a194a821c,prior_expanding_median,all_track_b_exploratory,leave_one_athlete_out:e362b878-9920-4dcf-9ab7-687a194a821c,32.8,35.7,91.8767507002801,-2.9000000000000057
rest_daily_23de18e0c8746cd7,e362b878-9920-4dcf-9ab7-687a194a821c,prior_expanding_median,all_track_b_exploratory,leave_one_athlete_out:e362b878-9920-4dcf-9ab7-687a194a821c,35.3,35.6,99.1573033707865,-0.30000000000000426
rest_daily_19d7ba07a6d15f62,e362b878-9920-4dcf-9ab7-687a194a821c,prior_expanding_median,all_track_b_exploratory,leave_one_athlete_out:e362b878-9920-4dcf-9ab7-687a194a821c,32.0,35.45,90.26798307475316,-3.450000000000003
rest_daily_6f1321ab0e065ca1,e362b878-9920-4dcf-9ab7-687a194a821c,prior_expanding_median,all_track_b_exploratory,leave_one_athlete_out:e362b878-9920-4dcf-9ab7-687a194a821c,32.6,35.3,92.35127478753542,-2.6999999999999957
rest_daily_8b1130c2e482bf87,e362b878-9920-4dcf-9ab7-687a194a821c,prior_expanding_median,all_track_b_exploratory,leave_one_athlete_out:e362b878-9920-4dcf-9ab7-687a194a821c,30.7,35.15,87.33997155049786,-4.449999999999999
rest_daily_aac7a0cea32a78f6,e362b878-9920-4dcf-9ab7-687a194a821c,prior_expanding_median,all_track_b_exploratory,leave_one_athlete_out:e362b878-9920-4dcf-9ab7-687a194a821c,33.5,32.8,102.13414634146342,0.7000000000000028
rest_daily_44c060af4bc142ed,e362b878-9920-4dcf-9ab7-687a194a821c,prior_expanding_mean,all_track_b_exploratory,leave_one_athlete_out:e362b878-9920-4dcf-9ab7-687a194a821c,35.0,35.86666666666667,97.76536312849164,-0.8666666666666671
rest_daily_e1f7ae429e1b28de,e362b878-9920-4dcf-9ab7-687a194a821c,prior_expanding_mean,all_track_b_exploratory,leave_one_athlete_out:e362b878-9920-4dcf-9ab7-687a194a821c,32.8,35.650000000000006,91.8767507002801,-2.8500000000000085
rest_daily_23de18e0c8746cd7,e362b878-9920-4dcf-9ab7-687a194a821c,prior_expanding_mean,all_track_b_exploratory,leave_one_athlete_out:e362b878-9920-4dcf-9ab7-687a194a821c,35.3,35.080000000000005,99.1573033707865,0.21999999999999176
rest_daily_19d7ba07a6d15f62,e362b878-9920-4dcf-9ab7-687a194a821c,prior_expanding_mean,all_track_b_exploratory,leave_one_athlete_out:e362b878-9920-4dcf-9ab7-687a194a821c,32.0,35.116666666666674,90.26798307475316,-3.1166666666666742
rest_daily_6f1321ab0e065ca1,e362b878-9920-4dcf-9ab7-687a194a821c,prior_expanding_mean,all_track_b_exploratory,leave_one_athlete_out:e362b878-9920-4dcf-9ab7-687a194a821c,32.6,34.67142857142858,92.35127478753542,-2.0714285714285765
rest_daily_8b1130c2e482bf87,e362b878-9920-4dcf-9ab7-687a194a821c,prior_expanding_mean,all_track_b_exploratory,leave_one_athlete_out:e362b878-9920-4dcf-9ab7-687a194a821c,30.7,34.4125,87.33997155049786,-3.712500000000002
rest_daily_aac7a0cea32a78f6,e362b878-9920-4dcf-9ab7-687a194a821c,prior_expanding_mean,all_track_b_exploratory,leave_one_athlete_out:e362b878-9920-4dcf-9ab7-687a194a821c,33.5,33.76363636363636,102.13414634146342,-0.26363636363635834
rest_daily_6f910bb9a01cd557,687552ea-5963-45df-8680-c4c6058eab87,prior_expanding_median,all_track_b_exploratory,leave_one_athlete_out:687552ea-5963-45df-8680-c4c6058eab87,35.7,38.9,91.7737789203085,-3.1999999999999957
rest_daily_21d41c9eaff91990,687552ea-5963-45df-8680-c4c6058eab87,prior_expanding_median,all_track_b_exploratory,leave_one_athlete_out:687552ea-5963-45df-8680-c4c6058eab87,43.9,37.5,117.06666666666666,6.399999999999999
rest_daily_12a68c9036898205,687552ea-5963-45df-8680-c4c6058eab87,prior_expanding_median,all_track_b_exploratory,leave_one_athlete_out:687552ea-5963-45df-8680-c4c6058eab87,42.7,38.9,109.76863753213368,3.8000000000000043
rest_daily_e3c98654c7975c33,687552ea-5963-45df-8680-c4c6058eab87,prior_expanding_median,all_track_b_exploratory,leave_one_athlete_out:687552ea-5963-45df-8680-c4c6058eab87,41.3,40.5,101.9753086419753,0.7999999999999972
rest_daily_bb1d299fe508ad69,687552ea-5963-45df-8680-c4c6058eab87,prior_expanding_median,all_track_b_exploratory,leave_one_athlete_out:687552ea-5963-45df-8680-c4c6058eab87,36.8,41.3,89.10411622276028,-4.5
rest_daily_1b6135ddcedae6ca,687552ea-5963-45df-8680-c4c6058eab87,prior_expanding_median,all_track_b_exploratory,leave_one_athlete_out:687552ea-5963-45df-8680-c4c6058eab87,36.4,40.099999999999994,90.77306733167084,-3.6999999999999957
rest_daily_b5aee6d21878a523,687552ea-5963-45df-8680-c4c6058eab87,prior_expanding_median,all_track_b_exploratory,leave_one_athlete_out:687552ea-5963-45df-8680-c4c6058eab87,37.5,38.9,96.40102827763496,-1.3999999999999986
rest_daily_6f910bb9a01cd557,687552ea-5963-45df-8680-c4c6058eab87,prior_expanding_mean,all_track_b_exploratory,leave_one_athlete_out:687552ea-5963-45df-8680-c4c6058eab87,35.7,39.03333333333333,91.7737789203085,-3.3333333333333286
rest_daily_21d41c9eaff91990,687552ea-5963-45df-8680-c4c6058eab87,prior_expanding_mean,all_track_b_exploratory,leave_one_athlete_out:687552ea-5963-45df-8680-c4c6058eab87,43.9,38.2,117.06666666666666,5.699999999999996
rest_daily_12a68c9036898205,687552ea-5963-45df-8680-c4c6058eab87,prior_expanding_mean,all_track_b_exploratory,leave_one_athlete_out:687552ea-5963-45df-8680-c4c6058eab87,42.7,39.34,109.76863753213368,3.3599999999999994
rest_daily_e3c98654c7975c33,687552ea-5963-45df-8680-c4c6058eab87,prior_expanding_mean,all_track_b_exploratory,leave_one_athlete_out:687552ea-5963-45df-8680-c4c6058eab87,41.3,39.900000000000006,101.9753086419753,1.3999999999999915
rest_daily_bb1d299fe508ad69,687552ea-5963-45df-8680-c4c6058eab87,prior_expanding_mean,all_track_b_exploratory,leave_one_athlete_out:687552ea-5963-45df-8680-c4c6058eab87,36.8,40.10000000000001,89.10411622276028,-3.3000000000000114
rest_daily_1b6135ddcedae6ca,687552ea-5963-45df-8680-c4c6058eab87,prior_expanding_mean,all_track_b_exploratory,leave_one_athlete_out:687552ea-5963-45df-8680-c4c6058eab87,36.4,39.6875,90.77306733167084,-3.2875000000000014
rest_daily_b5aee6d21878a523,687552ea-5963-45df-8680-c4c6058eab87,prior_expanding_mean,all_track_b_exploratory,leave_one_athlete_out:687552ea-5963-45df-8680-c4c6058eab87,37.5,39.32222222222222,96.40102827763496,-1.8222222222222229
rest_daily_a157f3bb920fa92f,c887cb7e-63cf-4dc2-9fd2-8429137ba44b,prior_expanding_median,all_track_b_exploratory,leave_one_athlete_out:c887cb7e-63cf-4dc2-9fd2-8429137ba44b,30.7,26.4,116.2878787878788,4.300000000000001
rest_daily_b8e40341f54d9616,c887cb7e-63cf-4dc2-9fd2-8429137ba44b,prior_expanding_median,all_track_b_exploratory,leave_one_athlete_out:c887cb7e-63cf-4dc2-9fd2-8429137ba44b,28.1,27.5,102.1818181818182,0.6000000000000014
rest_daily_1759366c50384ac7,c887cb7e-63cf-4dc2-9fd2-8429137ba44b,prior_expanding_median,all_track_b_exploratory,leave_one_athlete_out:c887cb7e-63cf-4dc2-9fd2-8429137ba44b,30.0,28.1,106.76156583629891,1.8999999999999986
rest_daily_0663b3b3ac8bbc8c,c887cb7e-63cf-4dc2-9fd2-8429137ba44b,prior_expanding_median,all_track_b_exploratory,leave_one_athlete_out:c887cb7e-63cf-4dc2-9fd2-8429137ba44b,28.5,28.35,100.52910052910052,0.14999999999999858
rest_daily_64860edccfee005f,c887cb7e-63cf-4dc2-9fd2-8429137ba44b,prior_expanding_median,all_track_b_exploratory,leave_one_athlete_out:c887cb7e-63cf-4dc2-9fd2-8429137ba44b,28.5,28.5,100.0,0.0
rest_daily_b66d89d81131cac9,c887cb7e-63cf-4dc2-9fd2-8429137ba44b,prior_expanding_median,all_track_b_exploratory,leave_one_athlete_out:c887cb7e-63cf-4dc2-9fd2-8429137ba44b,26.6,28.5,93.33333333333331,-1.8999999999999986
rest_daily_462b7d0d1d4cce3d,c887cb7e-63cf-4dc2-9fd2-8429137ba44b,prior_expanding_median,all_track_b_exploratory,leave_one_athlete_out:c887cb7e-63cf-4dc2-9fd2-8429137ba44b,24.4,28.5,85.6140350877193,-4.100000000000001
rest_daily_a157f3bb920fa92f,c887cb7e-63cf-4dc2-9fd2-8429137ba44b,prior_expanding_mean,all_track_b_exploratory,leave_one_athlete_out:c887cb7e-63cf-4dc2-9fd2-8429137ba44b,30.7,27.133333333333336,116.2878787878788,3.566666666666663
rest_daily_b8e40341f54d9616,c887cb7e-63cf-4dc2-9fd2-8429137ba44b,prior_expanding_mean,all_track_b_exploratory,leave_one_athlete_out:c887cb7e-63cf-4dc2-9fd2-8429137ba44b,28.1,28.025,102.1818181818182,0.07500000000000284
rest_daily_1759366c50384ac7,c887cb7e-63cf-4dc2-9fd2-8429137ba44b,prior_expanding_mean,all_track_b_exploratory,leave_one_athlete_out:c887cb7e-63cf-4dc2-9fd2-8429137ba44b,30.0,28.040000000000003,106.76156583629891,1.9599999999999973
rest_daily_0663b3b3ac8bbc8c,c887cb7e-63cf-4dc2-9fd2-8429137ba44b,prior_expanding_mean,all_track_b_exploratory,leave_one_athlete_out:c887cb7e-63cf-4dc2-9fd2-8429137ba44b,28.5,28.36666666666667,100.52910052910052,0.1333333333333293
rest_daily_64860edccfee005f,c887cb7e-63cf-4dc2-9fd2-8429137ba44b,prior_expanding_mean,all_track_b_exploratory,leave_one_athlete_out:c887cb7e-63cf-4dc2-9fd2-8429137ba44b,28.5,28.38571428571429,100.0,0.11428571428571033
rest_daily_b66d89d81131cac9,c887cb7e-63cf-4dc2-9fd2-8429137ba44b,prior_expanding_mean,all_track_b_exploratory,leave_one_athlete_out:c887cb7e-63cf-4dc2-9fd2-8429137ba44b,26.6,28.4,93.33333333333331,-1.7999999999999972
rest_daily_462b7d0d1d4cce3d,c887cb7e-63cf-4dc2-9fd2-8429137ba44b,prior_expanding_mean,all_track_b_exploratory,leave_one_athlete_out:c887cb7e-63cf-4dc2-9fd2-8429137ba44b,24.4,28.2,85.6140350877193,-3.8000000000000007
rest_daily_6f2bd48791757d01,e6e4e3b9-5cfa-42c6-a4cd-0f96561de3eb,prior_expanding_median,all_track_b_exploratory,leave_one_athlete_out:e6e4e3b9-5cfa-42c6-a4cd-0f96561de3eb,32.5,32.3,100.61919504643964,0.20000000000000284
rest_daily_02d5b5624ca2a01d,e6e4e3b9-5cfa-42c6-a4cd-0f96561de3eb,prior_expanding_median,all_track_b_exploratory,leave_one_athlete_out:e6e4e3b9-5cfa-42c6-a4cd-0f96561de3eb,30.3,32.4,93.51851851851852,-2.099999999999998
rest_daily_5a6dee4fcd56dbce,e6e4e3b9-5cfa-42c6-a4cd-0f96561de3eb,prior_expanding_median,all_track_b_exploratory,leave_one_athlete_out:e6e4e3b9-5cfa-42c6-a4cd-0f96561de3eb,32.5,32.3,100.61919504643964,0.20000000000000284
rest_daily_ab17f1fc7853a9d6,e6e4e3b9-5cfa-42c6-a4cd-0f96561de3eb,prior_expanding_median,all_track_b_exploratory,leave_one_athlete_out:e6e4e3b9-5cfa-42c6-a4cd-0f96561de3eb,29.9,32.4,92.28395061728396,-2.5
rest_daily_9f0c016dc4398960,e6e4e3b9-5cfa-42c6-a4cd-0f96561de3eb,prior_expanding_median,all_track_b_exploratory,leave_one_athlete_out:e6e4e3b9-5cfa-42c6-a4cd-0f96561de3eb,25.9,32.3,80.1857585139319,-6.399999999999999
rest_daily_0454c91c3fc710e8,e6e4e3b9-5cfa-42c6-a4cd-0f96561de3eb,prior_expanding_median,all_track_b_exploratory,leave_one_athlete_out:e6e4e3b9-5cfa-42c6-a4cd-0f96561de3eb,30.8,31.549999999999997,97.62282091917592,-0.7499999999999964
rest_daily_6f2bd48791757d01,e6e4e3b9-5cfa-42c6-a4cd-0f96561de3eb,prior_expanding_mean,all_track_b_exploratory,leave_one_athlete_out:e6e4e3b9-5cfa-42c6-a4cd-0f96561de3eb,32.5,32.46666666666666,100.61919504643964,0.033333333333338544
rest_daily_02d5b5624ca2a01d,e6e4e3b9-5cfa-42c6-a4cd-0f96561de3eb,prior_expanding_mean,all_track_b_exploratory,leave_one_athlete_out:e6e4e3b9-5cfa-42c6-a4cd-0f96561de3eb,30.3,32.474999999999994,93.51851851851852,-2.1749999999999936
rest_daily_5a6dee4fcd56dbce,e6e4e3b9-5cfa-42c6-a4cd-0f96561de3eb,prior_expanding_mean,all_track_b_exploratory,leave_one_athlete_out:e6e4e3b9-5cfa-42c6-a4cd-0f96561de3eb,32.5,32.04,100.61919504643964,0.46000000000000085
rest_daily_ab17f1fc7853a9d6,e6e4e3b9-5cfa-42c6-a4cd-0f96561de3eb,prior_expanding_mean,all_track_b_exploratory,leave_one_athlete_out:e6e4e3b9-5cfa-42c6-a4cd-0f96561de3eb,29.9,32.11666666666667,92.28395061728396,-2.2166666666666686
rest_daily_9f0c016dc4398960,e6e4e3b9-5cfa-42c6-a4cd-0f96561de3eb,prior_expanding_mean,all_track_b_exploratory,leave_one_athlete_out:e6e4e3b9-5cfa-42c6-a4cd-0f96561de3eb,25.9,31.8,80.1857585139319,-5.900000000000002
rest_daily_0454c91c3fc710e8,e6e4e3b9-5cfa-42c6-a4cd-0f96561de3eb,prior_expanding_mean,all_track_b_exploratory,leave_one_athlete_out:e6e4e3b9-5cfa-42c6-a4cd-0f96561de3eb,30.8,31.062499999999996,97.62282091917592,-0.26249999999999574
rest_daily_d6526cc6a798964b,efa2dbe6-24c0-4500-8b7b-1d5d14e1d271,prior_expanding_median,all_track_b_exploratory,leave_one_athlete_out:efa2dbe6-24c0-4500-8b7b-1d5d14e1d271,35.2,33.5,105.07462686567166,1.7000000000000028
rest_daily_1041700280114f2c,efa2dbe6-24c0-4500-8b7b-1d5d14e1d271,prior_expanding_median,all_track_b_exploratory,leave_one_athlete_out:efa2dbe6-24c0-4500-8b7b-1d5d14e1d271,29.2,34.15,85.50512445095168,-4.949999999999999
rest_daily_3cf67d5887d878f8,efa2dbe6-24c0-4500-8b7b-1d5d14e1d271,prior_expanding_median,all_track_b_exploratory,leave_one_athlete_out:efa2dbe6-24c0-4500-8b7b-1d5d14e1d271,31.5,33.4,94.311377245509,-1.8999999999999986
rest_daily_d6526cc6a798964b,efa2dbe6-24c0-4500-8b7b-1d5d14e1d271,prior_expanding_mean,all_track_b_exploratory,leave_one_athlete_out:efa2dbe6-24c0-4500-8b7b-1d5d14e1d271,35.2,33.86666666666667,105.07462686567166,1.3333333333333357
rest_daily_1041700280114f2c,efa2dbe6-24c0-4500-8b7b-1d5d14e1d271,prior_expanding_mean,all_track_b_exploratory,leave_one_athlete_out:efa2dbe6-24c0-4500-8b7b-1d5d14e1d271,29.2,34.150000000000006,85.50512445095168,-4.950000000000006
rest_daily_3cf67d5887d878f8,efa2dbe6-24c0-4500-8b7b-1d5d14e1d271,prior_expanding_mean,all_track_b_exploratory,leave_one_athlete_out:efa2dbe6-24c0-4500-8b7b-1d5d14e1d271,31.5,33.1625,94.311377245509,-1.6625000000000014
rest_daily_82682445d3ee10d1,fd0c9e61-cb99-4d60-ab37-b4b3f5ac60d2,prior_expanding_median,all_track_b_exploratory,leave_one_athlete_out:fd0c9e61-cb99-4d60-ab37-b4b3f5ac60d2,36.4,37.7,96.55172413793105,-1.3000000000000043
rest_daily_05f48e6e719ac92e,fd0c9e61-cb99-4d60-ab37-b4b3f5ac60d2,prior_expanding_median,all_track_b_exploratory,leave_one_athlete_out:fd0c9e61-cb99-4d60-ab37-b4b3f5ac60d2,34.4,37.05,92.84750337381917,-2.6499999999999986
rest_daily_efc572538dfe1a10,fd0c9e61-cb99-4d60-ab37-b4b3f5ac60d2,prior_expanding_median,all_track_b_exploratory,leave_one_athlete_out:fd0c9e61-cb99-4d60-ab37-b4b3f5ac60d2,36.3,36.4,99.72527472527472,-0.10000000000000142
rest_daily_01b75bd63b9e0e56,fd0c9e61-cb99-4d60-ab37-b4b3f5ac60d2,prior_expanding_median,all_track_b_exploratory,leave_one_athlete_out:fd0c9e61-cb99-4d60-ab37-b4b3f5ac60d2,37.2,36.349999999999994,102.33837689133428,0.8500000000000085
rest_daily_7c83bde87c5be749,fd0c9e61-cb99-4d60-ab37-b4b3f5ac60d2,prior_expanding_median,all_track_b_exploratory,leave_one_athlete_out:fd0c9e61-cb99-4d60-ab37-b4b3f5ac60d2,35.3,36.4,96.97802197802196,-1.1000000000000014
rest_daily_568874402ae121a6,fd0c9e61-cb99-4d60-ab37-b4b3f5ac60d2,prior_expanding_median,all_track_b_exploratory,leave_one_athlete_out:fd0c9e61-cb99-4d60-ab37-b4b3f5ac60d2,38.6,36.349999999999994,106.18982118294362,2.250000000000007
rest_daily_e6273f94a99ad120,fd0c9e61-cb99-4d60-ab37-b4b3f5ac60d2,prior_expanding_median,all_track_b_exploratory,leave_one_athlete_out:fd0c9e61-cb99-4d60-ab37-b4b3f5ac60d2,36.5,36.4,100.27472527472528,0.10000000000000142
rest_daily_addc070e41582078,fd0c9e61-cb99-4d60-ab37-b4b3f5ac60d2,prior_expanding_median,all_track_b_exploratory,leave_one_athlete_out:fd0c9e61-cb99-4d60-ab37-b4b3f5ac60d2,35.8,36.45,98.21673525377228,-0.6500000000000057
rest_daily_82682445d3ee10d1,fd0c9e61-cb99-4d60-ab37-b4b3f5ac60d2,prior_expanding_mean,all_track_b_exploratory,leave_one_athlete_out:fd0c9e61-cb99-4d60-ab37-b4b3f5ac60d2,36.4,37.266666666666666,96.55172413793105,-0.8666666666666671
rest_daily_05f48e6e719ac92e,fd0c9e61-cb99-4d60-ab37-b4b3f5ac60d2,prior_expanding_mean,all_track_b_exploratory,leave_one_athlete_out:fd0c9e61-cb99-4d60-ab37-b4b3f5ac60d2,34.4,37.05,92.84750337381917,-2.6499999999999986
rest_daily_efc572538dfe1a10,fd0c9e61-cb99-4d60-ab37-b4b3f5ac60d2,prior_expanding_mean,all_track_b_exploratory,leave_one_athlete_out:fd0c9e61-cb99-4d60-ab37-b4b3f5ac60d2,36.3,36.52,99.72527472527472,-0.22000000000000597
rest_daily_01b75bd63b9e0e56,fd0c9e61-cb99-4d60-ab37-b4b3f5ac60d2,prior_expanding_mean,all_track_b_exploratory,leave_one_athlete_out:fd0c9e61-cb99-4d60-ab37-b4b3f5ac60d2,37.2,36.48333333333333,102.33837689133428,0.7166666666666757
rest_daily_7c83bde87c5be749,fd0c9e61-cb99-4d60-ab37-b4b3f5ac60d2,prior_expanding_mean,all_track_b_exploratory,leave_one_athlete_out:fd0c9e61-cb99-4d60-ab37-b4b3f5ac60d2,35.3,36.58571428571428,96.97802197802196,-1.2857142857142847
rest_daily_568874402ae121a6,fd0c9e61-cb99-4d60-ab37-b4b3f5ac60d2,prior_expanding_mean,all_track_b_exploratory,leave_one_athlete_out:fd0c9e61-cb99-4d60-ab37-b4b3f5ac60d2,38.6,36.425,106.18982118294362,2.1750000000000043
rest_daily_e6273f94a99ad120,fd0c9e61-cb99-4d60-ab37-b4b3f5ac60d2,prior_expanding_mean,all_track_b_exploratory,leave_one_athlete_out:fd0c9e61-cb99-4d60-ab37-b4b3f5ac60d2,36.5,36.666666666666664,100.27472527472528,-0.1666666666666643
rest_daily_addc070e41582078,fd0c9e61-cb99-4d60-ab37-b4b3f5ac60d2,prior_expanding_mean,all_track_b_exploratory,leave_one_athlete_out:fd0c9e61-cb99-4d60-ab37-b4b3f5ac60d2,35.8,36.65,98.21673525377228,-0.8500000000000014
rest_daily_e0fe6a57d5ba3bee,2068e7ec-51a8-441a-8053-2be7533e613f,prior_expanding_median,all_track_b_exploratory,leave_one_athlete_out:2068e7ec-51a8-441a-8053-2be7533e613f,45.9,45.3,101.32450331125828,0.6000000000000014
rest_daily_d493fee7cfdb999b,2068e7ec-51a8-441a-8053-2be7533e613f,prior_expanding_median,all_track_b_exploratory,leave_one_athlete_out:2068e7ec-51a8-441a-8053-2be7533e613f,44.2,44.95,98.33147942157952,-0.75
rest_daily_302c1fbaac2944d8,2068e7ec-51a8-441a-8053-2be7533e613f,prior_expanding_median,all_track_b_exploratory,leave_one_athlete_out:2068e7ec-51a8-441a-8053-2be7533e613f,40.4,44.6,90.5829596412556,-4.200000000000003
rest_daily_91c3ba85eea8d163,2068e7ec-51a8-441a-8053-2be7533e613f,prior_expanding_median,all_track_b_exploratory,leave_one_athlete_out:2068e7ec-51a8-441a-8053-2be7533e613f,43.9,44.6,98.4304932735426,-0.7000000000000028
rest_daily_0a396a843fa902b0,2068e7ec-51a8-441a-8053-2be7533e613f,prior_expanding_median,all_track_b_exploratory,leave_one_athlete_out:2068e7ec-51a8-441a-8053-2be7533e613f,43.3,44.6,97.08520179372196,-1.3000000000000043
rest_daily_e0fe6a57d5ba3bee,2068e7ec-51a8-441a-8053-2be7533e613f,prior_expanding_mean,all_track_b_exploratory,leave_one_athlete_out:2068e7ec-51a8-441a-8053-2be7533e613f,45.9,44.7,101.32450331125828,1.1999999999999957
rest_daily_d493fee7cfdb999b,2068e7ec-51a8-441a-8053-2be7533e613f,prior_expanding_mean,all_track_b_exploratory,leave_one_athlete_out:2068e7ec-51a8-441a-8053-2be7533e613f,44.2,44.825,98.33147942157952,-0.625
rest_daily_302c1fbaac2944d8,2068e7ec-51a8-441a-8053-2be7533e613f,prior_expanding_mean,all_track_b_exploratory,leave_one_athlete_out:2068e7ec-51a8-441a-8053-2be7533e613f,40.4,44.75555555555555,90.5829596412556,-4.355555555555554
rest_daily_91c3ba85eea8d163,2068e7ec-51a8-441a-8053-2be7533e613f,prior_expanding_mean,all_track_b_exploratory,leave_one_athlete_out:2068e7ec-51a8-441a-8053-2be7533e613f,43.9,44.31999999999999,98.4304932735426,-0.4199999999999946
rest_daily_0a396a843fa902b0,2068e7ec-51a8-441a-8053-2be7533e613f,prior_expanding_mean,all_track_b_exploratory,leave_one_athlete_out:2068e7ec-51a8-441a-8053-2be7533e613f,43.3,44.281818181818174,97.08520179372196,-0.981818181818177
rest_daily_96bd7b99fb596da4,9cee6de4-93b3-46a7-a018-90f60d705ebb,prior_expanding_median,all_track_b_exploratory,chronological_holdout:last_30pct_per_athlete_min_1,48.5,48.8,99.38524590163937,-0.29999999999999716
rest_daily_aa66a200e387eba4,9cee6de4-93b3-46a7-a018-90f60d705ebb,prior_expanding_median,all_track_b_exploratory,chronological_holdout:last_30pct_per_athlete_min_1,45.7,48.65,93.93627954779036,-2.9499999999999957
rest_daily_9576a5f6cfbca811,8d47422f-2512-44a3-a6d6-8feb726f4759,prior_expanding_median,all_track_b_exploratory,chronological_holdout:last_30pct_per_athlete_min_1,31.8,31.1,102.2508038585209,0.6999999999999993
rest_daily_2b0ad7da5f00c7fb,8d47422f-2512-44a3-a6d6-8feb726f4759,prior_expanding_median,all_track_b_exploratory,chronological_holdout:last_30pct_per_athlete_min_1,30.5,31.25,97.6,-0.75
rest_daily_c72954ac52f3c08e,ec3fc0a0-ab15-4c0c-b1ad-5243c6e5636f,prior_expanding_median,all_track_b_exploratory,chronological_holdout:last_30pct_per_athlete_min_1,31.9,30.2,105.62913907284768,1.6999999999999993
rest_daily_50f6f1543ffe74e1,ec3fc0a0-ab15-4c0c-b1ad-5243c6e5636f,prior_expanding_median,all_track_b_exploratory,chronological_holdout:last_30pct_per_athlete_min_1,29.8,30.799999999999997,96.75324675324676,-0.9999999999999964
rest_daily_6c805b4dd0c2cf3f,f2b08928-a410-4d1d-9f19-1f8c063a6311,prior_expanding_median,all_track_b_exploratory,chronological_holdout:last_30pct_per_athlete_min_1,31.5,31.5,100.0,0.0
rest_daily_472237620c8063bf,86fed448-f51d-4005-aef8-bd9413933cbe,prior_expanding_median,all_track_b_exploratory,chronological_holdout:last_30pct_per_athlete_min_1,29.8,30.7,97.0684039087948,-0.8999999999999986
rest_daily_a309a15592c25132,86fed448-f51d-4005-aef8-bd9413933cbe,prior_expanding_median,all_track_b_exploratory,chronological_holdout:last_30pct_per_athlete_min_1,30.1,30.7,98.0456026058632,-0.5999999999999979
rest_daily_bea3758949606720,86fed448-f51d-4005-aef8-bd9413933cbe,prior_expanding_median,all_track_b_exploratory,chronological_holdout:last_30pct_per_athlete_min_1,33.6,30.65,109.62479608482872,2.950000000000003
rest_daily_1c3acd1f7c8cf85f,a2d89dcf-6bd1-445b-bc9c-7ac6b852a9fc,prior_expanding_median,all_track_b_exploratory,chronological_holdout:last_30pct_per_athlete_min_1,26.1,26.0,100.3846153846154,0.10000000000000142
rest_daily_a5cab1550d5946e9,a2d89dcf-6bd1-445b-bc9c-7ac6b852a9fc,prior_expanding_median,all_track_b_exploratory,chronological_holdout:last_30pct_per_athlete_min_1,26.1,26.05,100.1919385796545,0.05000000000000071
rest_daily_1a821f8053bae41e,6a2ca03c-e61b-4589-a931-58f5e25aacd8,prior_expanding_median,all_track_b_exploratory,chronological_holdout:last_30pct_per_athlete_min_1,35.0,36.1,96.9529085872576,-1.1000000000000014
rest_daily_baad225df3d4f040,957de0b1-7ee9-437c-b47b-dffd09b6653a,prior_expanding_median,all_track_b_exploratory,chronological_holdout:last_30pct_per_athlete_min_1,27.5,26.2,104.9618320610687,1.3000000000000007
rest_daily_24526a257b340324,957de0b1-7ee9-437c-b47b-dffd09b6653a,prior_expanding_median,all_track_b_exploratory,chronological_holdout:last_30pct_per_athlete_min_1,27.2,26.4,103.03030303030305,0.8000000000000007
rest_daily_f51837b525fe2758,957de0b1-7ee9-437c-b47b-dffd09b6653a,prior_expanding_median,all_track_b_exploratory,chronological_holdout:last_30pct_per_athlete_min_1,27.5,26.6,103.38345864661652,0.8999999999999986
rest_daily_6f1321ab0e065ca1,e362b878-9920-4dcf-9ab7-687a194a821c,prior_expanding_median,all_track_b_exploratory,chronological_holdout:last_30pct_per_athlete_min_1,32.6,35.3,92.35127478753542,-2.6999999999999957
rest_daily_8b1130c2e482bf87,e362b878-9920-4dcf-9ab7-687a194a821c,prior_expanding_median,all_track_b_exploratory,chronological_holdout:last_30pct_per_athlete_min_1,30.7,35.15,87.33997155049786,-4.449999999999999
rest_daily_aac7a0cea32a78f6,e362b878-9920-4dcf-9ab7-687a194a821c,prior_expanding_median,all_track_b_exploratory,chronological_holdout:last_30pct_per_athlete_min_1,33.5,32.8,102.13414634146342,0.7000000000000028
rest_daily_bb1d299fe508ad69,687552ea-5963-45df-8680-c4c6058eab87,prior_expanding_median,all_track_b_exploratory,chronological_holdout:last_30pct_per_athlete_min_1,36.8,41.3,89.10411622276028,-4.5
rest_daily_1b6135ddcedae6ca,687552ea-5963-45df-8680-c4c6058eab87,prior_expanding_median,all_track_b_exploratory,chronological_holdout:last_30pct_per_athlete_min_1,36.4,40.099999999999994,90.77306733167084,-3.6999999999999957
rest_daily_b5aee6d21878a523,687552ea-5963-45df-8680-c4c6058eab87,prior_expanding_median,all_track_b_exploratory,chronological_holdout:last_30pct_per_athlete_min_1,37.5,38.9,96.40102827763496,-1.3999999999999986
rest_daily_64860edccfee005f,c887cb7e-63cf-4dc2-9fd2-8429137ba44b,prior_expanding_median,all_track_b_exploratory,chronological_holdout:last_30pct_per_athlete_min_1,28.5,28.5,100.0,0.0
rest_daily_b66d89d81131cac9,c887cb7e-63cf-4dc2-9fd2-8429137ba44b,prior_expanding_median,all_track_b_exploratory,chronological_holdout:last_30pct_per_athlete_min_1,26.6,28.5,93.33333333333331,-1.8999999999999986
rest_daily_462b7d0d1d4cce3d,c887cb7e-63cf-4dc2-9fd2-8429137ba44b,prior_expanding_median,all_track_b_exploratory,chronological_holdout:last_30pct_per_athlete_min_1,24.4,28.5,85.6140350877193,-4.100000000000001
rest_daily_9f0c016dc4398960,e6e4e3b9-5cfa-42c6-a4cd-0f96561de3eb,prior_expanding_median,all_track_b_exploratory,chronological_holdout:last_30pct_per_athlete_min_1,25.9,32.3,80.1857585139319,-6.399999999999999
rest_daily_0454c91c3fc710e8,e6e4e3b9-5cfa-42c6-a4cd-0f96561de3eb,prior_expanding_median,all_track_b_exploratory,chronological_holdout:last_30pct_per_athlete_min_1,30.8,31.549999999999997,97.62282091917592,-0.7499999999999964
rest_daily_3cf67d5887d878f8,efa2dbe6-24c0-4500-8b7b-1d5d14e1d271,prior_expanding_median,all_track_b_exploratory,chronological_holdout:last_30pct_per_athlete_min_1,31.5,33.4,94.311377245509,-1.8999999999999986
rest_daily_568874402ae121a6,fd0c9e61-cb99-4d60-ab37-b4b3f5ac60d2,prior_expanding_median,all_track_b_exploratory,chronological_holdout:last_30pct_per_athlete_min_1,38.6,36.349999999999994,106.18982118294362,2.250000000000007
rest_daily_e6273f94a99ad120,fd0c9e61-cb99-4d60-ab37-b4b3f5ac60d2,prior_expanding_median,all_track_b_exploratory,chronological_holdout:last_30pct_per_athlete_min_1,36.5,36.4,100.27472527472528,0.10000000000000142
rest_daily_addc070e41582078,fd0c9e61-cb99-4d60-ab37-b4b3f5ac60d2,prior_expanding_median,all_track_b_exploratory,chronological_holdout:last_30pct_per_athlete_min_1,35.8,36.45,98.21673525377228,-0.6500000000000057
rest_daily_91c3ba85eea8d163,2068e7ec-51a8-441a-8053-2be7533e613f,prior_expanding_median,all_track_b_exploratory,chronological_holdout:last_30pct_per_athlete_min_1,43.9,44.6,98.4304932735426,-0.7000000000000028
rest_daily_0a396a843fa902b0,2068e7ec-51a8-441a-8053-2be7533e613f,prior_expanding_median,all_track_b_exploratory,chronological_holdout:last_30pct_per_athlete_min_1,43.3,44.6,97.08520179372196,-1.3000000000000043
rest_daily_96bd7b99fb596da4,9cee6de4-93b3-46a7-a018-90f60d705ebb,prior_expanding_mean,all_track_b_exploratory,chronological_holdout:last_30pct_per_athlete_min_1,48.5,47.34285714285715,99.38524590163937,1.1571428571428513
rest_daily_aa66a200e387eba4,9cee6de4-93b3-46a7-a018-90f60d705ebb,prior_expanding_mean,all_track_b_exploratory,chronological_holdout:last_30pct_per_athlete_min_1,45.7,47.4875,93.93627954779036,-1.7874999999999943
rest_daily_9576a5f6cfbca811,8d47422f-2512-44a3-a6d6-8feb726f4759,prior_expanding_mean,all_track_b_exploratory,chronological_holdout:last_30pct_per_athlete_min_1,31.8,31.11428571428571,102.2508038585209,0.6857142857142904
rest_daily_2b0ad7da5f00c7fb,8d47422f-2512-44a3-a6d6-8feb726f4759,prior_expanding_mean,all_track_b_exploratory,chronological_holdout:last_30pct_per_athlete_min_1,30.5,31.200000000000003,97.6,-0.7000000000000028
rest_daily_c72954ac52f3c08e,ec3fc0a0-ab15-4c0c-b1ad-5243c6e5636f,prior_expanding_mean,all_track_b_exploratory,chronological_holdout:last_30pct_per_athlete_min_1,31.9,30.300000000000004,105.62913907284768,1.5999999999999943
rest_daily_50f6f1543ffe74e1,ec3fc0a0-ab15-4c0c-b1ad-5243c6e5636f,prior_expanding_mean,all_track_b_exploratory,chronological_holdout:last_30pct_per_athlete_min_1,29.8,30.5,96.75324675324676,-0.6999999999999993
rest_daily_6c805b4dd0c2cf3f,f2b08928-a410-4d1d-9f19-1f8c063a6311,prior_expanding_mean,all_track_b_exploratory,chronological_holdout:last_30pct_per_athlete_min_1,31.5,31.53333333333333,100.0,-0.03333333333333144
rest_daily_472237620c8063bf,86fed448-f51d-4005-aef8-bd9413933cbe,prior_expanding_mean,all_track_b_exploratory,chronological_holdout:last_30pct_per_athlete_min_1,29.8,30.7875,97.0684039087948,-0.9875000000000007
rest_daily_a309a15592c25132,86fed448-f51d-4005-aef8-bd9413933cbe,prior_expanding_mean,all_track_b_exploratory,chronological_holdout:last_30pct_per_athlete_min_1,30.1,30.67777777777778,98.0456026058632,-0.5777777777777793
rest_daily_bea3758949606720,86fed448-f51d-4005-aef8-bd9413933cbe,prior_expanding_mean,all_track_b_exploratory,chronological_holdout:last_30pct_per_athlete_min_1,33.6,30.620000000000005,109.62479608482872,2.979999999999997
rest_daily_1c3acd1f7c8cf85f,a2d89dcf-6bd1-445b-bc9c-7ac6b852a9fc,prior_expanding_mean,all_track_b_exploratory,chronological_holdout:last_30pct_per_athlete_min_1,26.1,26.228571428571428,100.3846153846154,-0.12857142857142634
rest_daily_a5cab1550d5946e9,a2d89dcf-6bd1-445b-bc9c-7ac6b852a9fc,prior_expanding_mean,all_track_b_exploratory,chronological_holdout:last_30pct_per_athlete_min_1,26.1,26.2125,100.1919385796545,-0.11249999999999716
rest_daily_1a821f8053bae41e,6a2ca03c-e61b-4589-a931-58f5e25aacd8,prior_expanding_mean,all_track_b_exploratory,chronological_holdout:last_30pct_per_athlete_min_1,35.0,35.4,96.9529085872576,-0.3999999999999986
rest_daily_baad225df3d4f040,957de0b1-7ee9-437c-b47b-dffd09b6653a,prior_expanding_mean,all_track_b_exploratory,chronological_holdout:last_30pct_per_athlete_min_1,27.5,26.089999999999996,104.9618320610687,1.4100000000000037
rest_daily_24526a257b340324,957de0b1-7ee9-437c-b47b-dffd09b6653a,prior_expanding_mean,all_track_b_exploratory,chronological_holdout:last_30pct_per_athlete_min_1,27.2,26.218181818181815,103.03030303030305,0.9818181818181841
rest_daily_f51837b525fe2758,957de0b1-7ee9-437c-b47b-dffd09b6653a,prior_expanding_mean,all_track_b_exploratory,chronological_holdout:last_30pct_per_athlete_min_1,27.5,26.299999999999997,103.38345864661652,1.2000000000000028
rest_daily_6f1321ab0e065ca1,e362b878-9920-4dcf-9ab7-687a194a821c,prior_expanding_mean,all_track_b_exploratory,chronological_holdout:last_30pct_per_athlete_min_1,32.6,34.67142857142858,92.35127478753542,-2.0714285714285765
rest_daily_8b1130c2e482bf87,e362b878-9920-4dcf-9ab7-687a194a821c,prior_expanding_mean,all_track_b_exploratory,chronological_holdout:last_30pct_per_athlete_min_1,30.7,34.4125,87.33997155049786,-3.712500000000002
rest_daily_aac7a0cea32a78f6,e362b878-9920-4dcf-9ab7-687a194a821c,prior_expanding_mean,all_track_b_exploratory,chronological_holdout:last_30pct_per_athlete_min_1,33.5,33.76363636363636,102.13414634146342,-0.26363636363635834
rest_daily_bb1d299fe508ad69,687552ea-5963-45df-8680-c4c6058eab87,prior_expanding_mean,all_track_b_exploratory,chronological_holdout:last_30pct_per_athlete_min_1,36.8,40.10000000000001,89.10411622276028,-3.3000000000000114
rest_daily_1b6135ddcedae6ca,687552ea-5963-45df-8680-c4c6058eab87,prior_expanding_mean,all_track_b_exploratory,chronological_holdout:last_30pct_per_athlete_min_1,36.4,39.6875,90.77306733167084,-3.2875000000000014
rest_daily_b5aee6d21878a523,687552ea-5963-45df-8680-c4c6058eab87,prior_expanding_mean,all_track_b_exploratory,chronological_holdout:last_30pct_per_athlete_min_1,37.5,39.32222222222222,96.40102827763496,-1.8222222222222229
rest_daily_64860edccfee005f,c887cb7e-63cf-4dc2-9fd2-8429137ba44b,prior_expanding_mean,all_track_b_exploratory,chronological_holdout:last_30pct_per_athlete_min_1,28.5,28.38571428571429,100.0,0.11428571428571033
rest_daily_b66d89d81131cac9,c887cb7e-63cf-4dc2-9fd2-8429137ba44b,prior_expanding_mean,all_track_b_exploratory,chronological_holdout:last_30pct_per_athlete_min_1,26.6,28.4,93.33333333333331,-1.7999999999999972
rest_daily_462b7d0d1d4cce3d,c887cb7e-63cf-4dc2-9fd2-8429137ba44b,prior_expanding_mean,all_track_b_exploratory,chronological_holdout:last_30pct_per_athlete_min_1,24.4,28.2,85.6140350877193,-3.8000000000000007
rest_daily_9f0c016dc4398960,e6e4e3b9-5cfa-42c6-a4cd-0f96561de3eb,prior_expanding_mean,all_track_b_exploratory,chronological_holdout:last_30pct_per_athlete_min_1,25.9,31.8,80.1857585139319,-5.900000000000002
rest_daily_0454c91c3fc710e8,e6e4e3b9-5cfa-42c6-a4cd-0f96561de3eb,prior_expanding_mean,all_track_b_exploratory,chronological_holdout:last_30pct_per_athlete_min_1,30.8,31.062499999999996,97.62282091917592,-0.26249999999999574
rest_daily_3cf67d5887d878f8,efa2dbe6-24c0-4500-8b7b-1d5d14e1d271,prior_expanding_mean,all_track_b_exploratory,chronological_holdout:last_30pct_per_athlete_min_1,31.5,33.1625,94.311377245509,-1.6625000000000014
rest_daily_568874402ae121a6,fd0c9e61-cb99-4d60-ab37-b4b3f5ac60d2,prior_expanding_mean,all_track_b_exploratory,chronological_holdout:last_30pct_per_athlete_min_1,38.6,36.425,106.18982118294362,2.1750000000000043
rest_daily_e6273f94a99ad120,fd0c9e61-cb99-4d60-ab37-b4b3f5ac60d2,prior_expanding_mean,all_track_b_exploratory,chronological_holdout:last_30pct_per_athlete_min_1,36.5,36.666666666666664,100.27472527472528,-0.1666666666666643
rest_daily_addc070e41582078,fd0c9e61-cb99-4d60-ab37-b4b3f5ac60d2,prior_expanding_mean,all_track_b_exploratory,chronological_holdout:last_30pct_per_athlete_min_1,35.8,36.65,98.21673525377228,-0.8500000000000014
rest_daily_91c3ba85eea8d163,2068e7ec-51a8-441a-8053-2be7533e613f,prior_expanding_mean,all_track_b_exploratory,chronological_holdout:last_30pct_per_athlete_min_1,43.9,44.31999999999999,98.4304932735426,-0.4199999999999946
rest_daily_0a396a843fa902b0,2068e7ec-51a8-441a-8053-2be7533e613f,prior_expanding_mean,all_track_b_exploratory,chronological_holdout:last_30pct_per_athlete_min_1,43.3,44.281818181818174,97.08520179372196,-0.981818181818177
rest_daily_a4f0947d555bcfe1,9cee6de4-93b3-46a7-a018-90f60d705ebb,ridge_numpy_fallback,prior_history_only,leave_one_athlete_out:9cee6de4-93b3-46a7-a018-90f60d705ebb,48.8,47.35111120862345,100.61855670103093,1.4488887913765467
rest_daily_b0a59a0abf0c6f21,9cee6de4-93b3-46a7-a018-90f60d705ebb,ridge_numpy_fallback,prior_history_only,leave_one_athlete_out:9cee6de4-93b3-46a7-a018-90f60d705ebb,49.3,47.173320916355195,101.33607399794452,2.1266790836448024
rest_daily_ad64c57187148a23,9cee6de4-93b3-46a7-a018-90f60d705ebb,ridge_numpy_fallback,prior_history_only,leave_one_athlete_out:9cee6de4-93b3-46a7-a018-90f60d705ebb,50.0,47.13187775463655,102.45901639344262,2.868122245363452
rest_daily_bdb6766b9448f55b,9cee6de4-93b3-46a7-a018-90f60d705ebb,ridge_numpy_fallback,prior_history_only,leave_one_athlete_out:9cee6de4-93b3-46a7-a018-90f60d705ebb,37.5,47.19653983443771,76.45259938837921,-9.696539834437708
rest_daily_96bd7b99fb596da4,9cee6de4-93b3-46a7-a018-90f60d705ebb,ridge_numpy_fallback,prior_history_only,leave_one_athlete_out:9cee6de4-93b3-46a7-a018-90f60d705ebb,48.5,46.48355469743187,99.38524590163937,2.0164453025681297
rest_daily_aa66a200e387eba4,9cee6de4-93b3-46a7-a018-90f60d705ebb,ridge_numpy_fallback,prior_history_only,leave_one_athlete_out:9cee6de4-93b3-46a7-a018-90f60d705ebb,45.7,46.44440459599623,93.93627954779036,-0.7444045959962295
rest_daily_b711ef41b7e72a58,8d47422f-2512-44a3-a6d6-8feb726f4759,ridge_numpy_fallback,prior_history_only,leave_one_athlete_out:8d47422f-2512-44a3-a6d6-8feb726f4759,32.2,30.893050534670003,102.54777070063696,1.3069494653299998
rest_daily_0056b953332cf48c,8d47422f-2512-44a3-a6d6-8feb726f4759,ridge_numpy_fallback,prior_history_only,leave_one_athlete_out:8d47422f-2512-44a3-a6d6-8feb726f4759,31.1,30.527428180796637,99.67948717948718,0.5725718192033646
rest_daily_9576a5f6cfbca811,8d47422f-2512-44a3-a6d6-8feb726f4759,ridge_numpy_fallback,prior_history_only,leave_one_athlete_out:8d47422f-2512-44a3-a6d6-8feb726f4759,31.8,30.373990734331798,102.2508038585209,1.4260092656682026
rest_daily_2b0ad7da5f00c7fb,8d47422f-2512-44a3-a6d6-8feb726f4759,ridge_numpy_fallback,prior_history_only,leave_one_athlete_out:8d47422f-2512-44a3-a6d6-8feb726f4759,30.5,30.315180391128003,97.6,0.18481960887199733
rest_daily_cdf2c1790b6b6b77,ec3fc0a0-ab15-4c0c-b1ad-5243c6e5636f,ridge_numpy_fallback,prior_history_only,leave_one_athlete_out:ec3fc0a0-ab15-4c0c-b1ad-5243c6e5636f,30.1,28.84117541720181,103.08219178082192,1.2588245827981908
rest_daily_cd58435642eb8af3,ec3fc0a0-ab15-4c0c-b1ad-5243c6e5636f,ridge_numpy_fallback,prior_history_only,leave_one_athlete_out:ec3fc0a0-ab15-4c0c-b1ad-5243c6e5636f,31.4,28.99689345589188,105.90219224283304,2.4031065441081196
rest_daily_f086eef85301ad30,ec3fc0a0-ab15-4c0c-b1ad-5243c6e5636f,ridge_numpy_fallback,prior_history_only,leave_one_athlete_out:ec3fc0a0-ab15-4c0c-b1ad-5243c6e5636f,32.9,29.389573761794303,109.30232558139534,3.510426238205696
rest_daily_c1dfb58557a561b2,ec3fc0a0-ab15-4c0c-b1ad-5243c6e5636f,ridge_numpy_fallback,prior_history_only,leave_one_athlete_out:ec3fc0a0-ab15-4c0c-b1ad-5243c6e5636f,31.8,30.027965911446593,105.4726368159204,1.7720340885534078
rest_daily_c72954ac52f3c08e,ec3fc0a0-ab15-4c0c-b1ad-5243c6e5636f,ridge_numpy_fallback,prior_history_only,leave_one_athlete_out:ec3fc0a0-ab15-4c0c-b1ad-5243c6e5636f,31.9,30.16739287890599,105.62913907284768,1.7326071210940093
rest_daily_50f6f1543ffe74e1,ec3fc0a0-ab15-4c0c-b1ad-5243c6e5636f,ridge_numpy_fallback,prior_history_only,leave_one_athlete_out:ec3fc0a0-ab15-4c0c-b1ad-5243c6e5636f,29.8,30.15737091138519,96.75324675324676,-0.35737091138518906
rest_daily_6c805b4dd0c2cf3f,f2b08928-a410-4d1d-9f19-1f8c063a6311,ridge_numpy_fallback,prior_history_only,leave_one_athlete_out:f2b08928-a410-4d1d-9f19-1f8c063a6311,31.5,31.200047269657375,100.0,0.2999527303426248
rest_daily_f4e5f2267c6c0457,86fed448-f51d-4005-aef8-bd9413933cbe,ridge_numpy_fallback,prior_history_only,leave_one_athlete_out:86fed448-f51d-4005-aef8-bd9413933cbe,29.2,30.28787280889843,95.4248366013072,-1.0878728088984317
rest_daily_1b54b101c18e95b5,86fed448-f51d-4005-aef8-bd9413933cbe,ridge_numpy_fallback,prior_history_only,leave_one_athlete_out:86fed448-f51d-4005-aef8-bd9413933cbe,30.7,29.93686668922425,101.65562913907284,0.7631333107757499
rest_daily_7f7a9baf479d195c,86fed448-f51d-4005-aef8-bd9413933cbe,ridge_numpy_fallback,prior_history_only,leave_one_athlete_out:86fed448-f51d-4005-aef8-bd9413933cbe,32.4,29.795162463073925,105.88235294117646,2.6048375369260732
rest_daily_f98b6f0e56bf0285,86fed448-f51d-4005-aef8-bd9413933cbe,ridge_numpy_fallback,prior_history_only,leave_one_athlete_out:86fed448-f51d-4005-aef8-bd9413933cbe,30.7,30.162275093854618,100.163132137031,0.5377249061453817
rest_daily_5091bf99d5924eac,86fed448-f51d-4005-aef8-bd9413933cbe,ridge_numpy_fallback,prior_history_only,leave_one_athlete_out:86fed448-f51d-4005-aef8-bd9413933cbe,31.8,29.948311691620336,103.5830618892508,1.8516883083796642
rest_daily_472237620c8063bf,86fed448-f51d-4005-aef8-bd9413933cbe,ridge_numpy_fallback,prior_history_only,leave_one_athlete_out:86fed448-f51d-4005-aef8-bd9413933cbe,29.8,29.932896976740583,97.0684039087948,-0.13289697674058232
rest_daily_a309a15592c25132,86fed448-f51d-4005-aef8-bd9413933cbe,ridge_numpy_fallback,prior_history_only,leave_one_athlete_out:86fed448-f51d-4005-aef8-bd9413933cbe,30.1,29.65091713272668,98.0456026058632,0.44908286727332225
rest_daily_bea3758949606720,86fed448-f51d-4005-aef8-bd9413933cbe,ridge_numpy_fallback,prior_history_only,leave_one_athlete_out:86fed448-f51d-4005-aef8-bd9413933cbe,33.6,29.409658838819883,109.62479608482872,4.190341161180118
rest_daily_82442f8e52aa8256,a2d89dcf-6bd1-445b-bc9c-7ac6b852a9fc,ridge_numpy_fallback,prior_history_only,leave_one_athlete_out:a2d89dcf-6bd1-445b-bc9c-7ac6b852a9fc,25.2,27.568705714509406,94.73684210526316,-2.3687057145094066
rest_daily_baa5ee6cfc8f59b5,a2d89dcf-6bd1-445b-bc9c-7ac6b852a9fc,ridge_numpy_fallback,prior_history_only,leave_one_athlete_out:a2d89dcf-6bd1-445b-bc9c-7ac6b852a9fc,26.0,27.038248655484004,100.3861003861004,-1.0382486554840042
rest_daily_9afc4bb4cc991ef9,a2d89dcf-6bd1-445b-bc9c-7ac6b852a9fc,ridge_numpy_fallback,prior_history_only,leave_one_athlete_out:a2d89dcf-6bd1-445b-bc9c-7ac6b852a9fc,25.9,26.732915747584133,99.6153846153846,-0.8329157475841349
rest_daily_7f8eb3142fb05b5e,a2d89dcf-6bd1-445b-bc9c-7ac6b852a9fc,ridge_numpy_fallback,prior_history_only,leave_one_athlete_out:a2d89dcf-6bd1-445b-bc9c-7ac6b852a9fc,27.3,26.471054394209183,105.20231213872832,0.8289456057908176
rest_daily_1c3acd1f7c8cf85f,a2d89dcf-6bd1-445b-bc9c-7ac6b852a9fc,ridge_numpy_fallback,prior_history_only,leave_one_athlete_out:a2d89dcf-6bd1-445b-bc9c-7ac6b852a9fc,26.1,26.468000815699494,100.3846153846154,-0.3680008156994923
rest_daily_a5cab1550d5946e9,a2d89dcf-6bd1-445b-bc9c-7ac6b852a9fc,ridge_numpy_fallback,prior_history_only,leave_one_athlete_out:a2d89dcf-6bd1-445b-bc9c-7ac6b852a9fc,26.1,26.243596536052326,100.1919385796545,-0.1435965360523248
rest_daily_1a821f8053bae41e,6a2ca03c-e61b-4589-a931-58f5e25aacd8,ridge_numpy_fallback,prior_history_only,leave_one_athlete_out:6a2ca03c-e61b-4589-a931-58f5e25aacd8,35.0,35.24493687623901,96.9529085872576,-0.2449368762390094
rest_daily_1fdf1d5bbe31da02,957de0b1-7ee9-437c-b47b-dffd09b6653a,ridge_numpy_fallback,prior_history_only,leave_one_athlete_out:957de0b1-7ee9-437c-b47b-dffd09b6653a,26.4,27.59873506457855,98.50746268656717,-1.1987350645785497
rest_daily_ce8b5b7b591dd0fd,957de0b1-7ee9-437c-b47b-dffd09b6653a,ridge_numpy_fallback,prior_history_only,leave_one_athlete_out:957de0b1-7ee9-437c-b47b-dffd09b6653a,24.2,27.23285147705024,90.29850746268656,-3.03285147705024
rest_daily_5725581e019f5fa6,957de0b1-7ee9-437c-b47b-dffd09b6653a,ridge_numpy_fallback,prior_history_only,leave_one_athlete_out:957de0b1-7ee9-437c-b47b-dffd09b6653a,25.2,26.81594455145019,94.02985074626864,-1.6159445514501911
rest_daily_9fdde10651bde0b4,957de0b1-7ee9-437c-b47b-dffd09b6653a,ridge_numpy_fallback,prior_history_only,leave_one_athlete_out:957de0b1-7ee9-437c-b47b-dffd09b6653a,25.9,26.417429928683354,96.64179104477611,-0.5174299286833559
rest_daily_4cc527b910742f5f,957de0b1-7ee9-437c-b47b-dffd09b6653a,ridge_numpy_fallback,prior_history_only,leave_one_athlete_out:957de0b1-7ee9-437c-b47b-dffd09b6653a,24.4,26.14375400655768,91.72932330827066,-1.7437540065576798
rest_daily_a682083333fcffda,957de0b1-7ee9-437c-b47b-dffd09b6653a,ridge_numpy_fallback,prior_history_only,leave_one_athlete_out:957de0b1-7ee9-437c-b47b-dffd09b6653a,26.0,25.79143243615205,98.48484848484848,0.20856756384795005
rest_daily_baad225df3d4f040,957de0b1-7ee9-437c-b47b-dffd09b6653a,ridge_numpy_fallback,prior_history_only,leave_one_athlete_out:957de0b1-7ee9-437c-b47b-dffd09b6653a,27.5,25.572249697212836,104.9618320610687,1.9277503027871639
rest_daily_24526a257b340324,957de0b1-7ee9-437c-b47b-dffd09b6653a,ridge_numpy_fallback,prior_history_only,leave_one_athlete_out:957de0b1-7ee9-437c-b47b-dffd09b6653a,27.2,25.48704543159173,103.03030303030305,1.7129545684082679
rest_daily_f51837b525fe2758,957de0b1-7ee9-437c-b47b-dffd09b6653a,ridge_numpy_fallback,prior_history_only,leave_one_athlete_out:957de0b1-7ee9-437c-b47b-dffd09b6653a,27.5,25.33983616771139,103.38345864661652,2.1601638322886103
rest_daily_44c060af4bc142ed,e362b878-9920-4dcf-9ab7-687a194a821c,ridge_numpy_fallback,prior_history_only,leave_one_athlete_out:e362b878-9920-4dcf-9ab7-687a194a821c,35.0,35.25506386562829,97.76536312849164,-0.2550638656282871
rest_daily_e1f7ae429e1b28de,e362b878-9920-4dcf-9ab7-687a194a821c,ridge_numpy_fallback,prior_history_only,leave_one_athlete_out:e362b878-9920-4dcf-9ab7-687a194a821c,32.8,35.004419148964544,91.8767507002801,-2.204419148964547
rest_daily_23de18e0c8746cd7,e362b878-9920-4dcf-9ab7-687a194a821c,ridge_numpy_fallback,prior_history_only,leave_one_athlete_out:e362b878-9920-4dcf-9ab7-687a194a821c,35.3,34.69733460194152,99.1573033707865,0.6026653980584769
rest_daily_19d7ba07a6d15f62,e362b878-9920-4dcf-9ab7-687a194a821c,ridge_numpy_fallback,prior_history_only,leave_one_athlete_out:e362b878-9920-4dcf-9ab7-687a194a821c,32.0,34.53553022027374,90.26798307475316,-2.535530220273742
rest_daily_6f1321ab0e065ca1,e362b878-9920-4dcf-9ab7-687a194a821c,ridge_numpy_fallback,prior_history_only,leave_one_athlete_out:e362b878-9920-4dcf-9ab7-687a194a821c,32.6,34.16646139421923,92.35127478753542,-1.5664613942192318
rest_daily_8b1130c2e482bf87,e362b878-9920-4dcf-9ab7-687a194a821c,ridge_numpy_fallback,prior_history_only,leave_one_athlete_out:e362b878-9920-4dcf-9ab7-687a194a821c,30.7,33.8225968109118,87.33997155049786,-3.122596810911798
rest_daily_aac7a0cea32a78f6,e362b878-9920-4dcf-9ab7-687a194a821c,ridge_numpy_fallback,prior_history_only,leave_one_athlete_out:e362b878-9920-4dcf-9ab7-687a194a821c,33.5,32.82721637342868,102.13414634146342,0.6727836265713165
rest_daily_6f910bb9a01cd557,687552ea-5963-45df-8680-c4c6058eab87,ridge_numpy_fallback,prior_history_only,leave_one_athlete_out:687552ea-5963-45df-8680-c4c6058eab87,35.7,38.77374877435542,91.7737789203085,-3.0737487743554155
rest_daily_21d41c9eaff91990,687552ea-5963-45df-8680-c4c6058eab87,ridge_numpy_fallback,prior_history_only,leave_one_athlete_out:687552ea-5963-45df-8680-c4c6058eab87,43.9,37.801354358423744,117.06666666666666,6.098645641576255
rest_daily_12a68c9036898205,687552ea-5963-45df-8680-c4c6058eab87,ridge_numpy_fallback,prior_history_only,leave_one_athlete_out:687552ea-5963-45df-8680-c4c6058eab87,42.7,39.01961869775466,109.76863753213368,3.680381302245344
rest_daily_e3c98654c7975c33,687552ea-5963-45df-8680-c4c6058eab87,ridge_numpy_fallback,prior_history_only,leave_one_athlete_out:687552ea-5963-45df-8680-c4c6058eab87,41.3,39.61311420319848,101.9753086419753,1.6868857968015192
rest_daily_bb1d299fe508ad69,687552ea-5963-45df-8680-c4c6058eab87,ridge_numpy_fallback,prior_history_only,leave_one_athlete_out:687552ea-5963-45df-8680-c4c6058eab87,36.8,39.735151469006134,89.10411622276028,-2.9351514690061364
rest_daily_1b6135ddcedae6ca,687552ea-5963-45df-8680-c4c6058eab87,ridge_numpy_fallback,prior_history_only,leave_one_athlete_out:687552ea-5963-45df-8680-c4c6058eab87,36.4,39.10110193495642,90.77306733167084,-2.7011019349564194
rest_daily_b5aee6d21878a523,687552ea-5963-45df-8680-c4c6058eab87,ridge_numpy_fallback,prior_history_only,leave_one_athlete_out:687552ea-5963-45df-8680-c4c6058eab87,37.5,38.502273668957244,96.40102827763496,-1.002273668957244
rest_daily_a157f3bb920fa92f,c887cb7e-63cf-4dc2-9fd2-8429137ba44b,ridge_numpy_fallback,prior_history_only,leave_one_athlete_out:c887cb7e-63cf-4dc2-9fd2-8429137ba44b,30.7,27.46781413750554,116.2878787878788,3.232185862494461
rest_daily_b8e40341f54d9616,c887cb7e-63cf-4dc2-9fd2-8429137ba44b,ridge_numpy_fallback,prior_history_only,leave_one_athlete_out:c887cb7e-63cf-4dc2-9fd2-8429137ba44b,28.1,28.548667338351805,102.1818181818182,-0.44866733835180383
rest_daily_1759366c50384ac7,c887cb7e-63cf-4dc2-9fd2-8429137ba44b,ridge_numpy_fallback,prior_history_only,leave_one_athlete_out:c887cb7e-63cf-4dc2-9fd2-8429137ba44b,30.0,28.366482984952462,106.76156583629891,1.6335170150475378
rest_daily_0663b3b3ac8bbc8c,c887cb7e-63cf-4dc2-9fd2-8429137ba44b,ridge_numpy_fallback,prior_history_only,leave_one_athlete_out:c887cb7e-63cf-4dc2-9fd2-8429137ba44b,28.5,28.5826000420294,100.52910052910052,-0.08260004202940152
rest_daily_64860edccfee005f,c887cb7e-63cf-4dc2-9fd2-8429137ba44b,ridge_numpy_fallback,prior_history_only,leave_one_athlete_out:c887cb7e-63cf-4dc2-9fd2-8429137ba44b,28.5,28.45450083113566,100.0,0.04549916886433891
rest_daily_b66d89d81131cac9,c887cb7e-63cf-4dc2-9fd2-8429137ba44b,ridge_numpy_fallback,prior_history_only,leave_one_athlete_out:c887cb7e-63cf-4dc2-9fd2-8429137ba44b,26.6,28.33631720970929,93.33333333333331,-1.7363172097092878
rest_daily_462b7d0d1d4cce3d,c887cb7e-63cf-4dc2-9fd2-8429137ba44b,ridge_numpy_fallback,prior_history_only,leave_one_athlete_out:c887cb7e-63cf-4dc2-9fd2-8429137ba44b,24.4,28.09230598701045,85.6140350877193,-3.692305987010453
rest_daily_6f2bd48791757d01,e6e4e3b9-5cfa-42c6-a4cd-0f96561de3eb,ridge_numpy_fallback,prior_history_only,leave_one_athlete_out:e6e4e3b9-5cfa-42c6-a4cd-0f96561de3eb,32.5,32.78139649133216,100.61919504643964,-0.2813964913321598
rest_daily_02d5b5624ca2a01d,e6e4e3b9-5cfa-42c6-a4cd-0f96561de3eb,ridge_numpy_fallback,prior_history_only,leave_one_athlete_out:e6e4e3b9-5cfa-42c6-a4cd-0f96561de3eb,30.3,32.508809164793156,93.51851851851852,-2.2088091647931556
rest_daily_5a6dee4fcd56dbce,e6e4e3b9-5cfa-42c6-a4cd-0f96561de3eb,ridge_numpy_fallback,prior_history_only,leave_one_athlete_out:e6e4e3b9-5cfa-42c6-a4cd-0f96561de3eb,32.5,32.05036378419312,100.61919504643964,0.4496362158068834
rest_daily_ab17f1fc7853a9d6,e6e4e3b9-5cfa-42c6-a4cd-0f96561de3eb,ridge_numpy_fallback,prior_history_only,leave_one_athlete_out:e6e4e3b9-5cfa-42c6-a4cd-0f96561de3eb,29.9,31.916176326699567,92.28395061728396,-2.0161763266995685
rest_daily_9f0c016dc4398960,e6e4e3b9-5cfa-42c6-a4cd-0f96561de3eb,ridge_numpy_fallback,prior_history_only,leave_one_athlete_out:e6e4e3b9-5cfa-42c6-a4cd-0f96561de3eb,25.9,31.55505415124293,80.1857585139319,-5.655054151242933
rest_daily_0454c91c3fc710e8,e6e4e3b9-5cfa-42c6-a4cd-0f96561de3eb,ridge_numpy_fallback,prior_history_only,leave_one_athlete_out:e6e4e3b9-5cfa-42c6-a4cd-0f96561de3eb,30.8,31.212970490965375,97.62282091917592,-0.41297049096537464
rest_daily_d6526cc6a798964b,efa2dbe6-24c0-4500-8b7b-1d5d14e1d271,ridge_numpy_fallback,prior_history_only,leave_one_athlete_out:efa2dbe6-24c0-4500-8b7b-1d5d14e1d271,35.2,33.51539670765166,105.07462686567166,1.684603292348342
rest_daily_1041700280114f2c,efa2dbe6-24c0-4500-8b7b-1d5d14e1d271,ridge_numpy_fallback,prior_history_only,leave_one_athlete_out:efa2dbe6-24c0-4500-8b7b-1d5d14e1d271,29.2,33.43070730108658,85.50512445095168,-4.2307073010865786
rest_daily_3cf67d5887d878f8,efa2dbe6-24c0-4500-8b7b-1d5d14e1d271,ridge_numpy_fallback,prior_history_only,leave_one_athlete_out:efa2dbe6-24c0-4500-8b7b-1d5d14e1d271,31.5,32.80641442195888,94.311377245509,-1.306414421958877
rest_daily_82682445d3ee10d1,fd0c9e61-cb99-4d60-ab37-b4b3f5ac60d2,ridge_numpy_fallback,prior_history_only,leave_one_athlete_out:fd0c9e61-cb99-4d60-ab37-b4b3f5ac60d2,36.4,36.78483018961849,96.55172413793105,-0.3848301896184907
rest_daily_05f48e6e719ac92e,fd0c9e61-cb99-4d60-ab37-b4b3f5ac60d2,ridge_numpy_fallback,prior_history_only,leave_one_athlete_out:fd0c9e61-cb99-4d60-ab37-b4b3f5ac60d2,34.4,36.36106503000212,92.84750337381917,-1.9610650300021248
rest_daily_efc572538dfe1a10,fd0c9e61-cb99-4d60-ab37-b4b3f5ac60d2,ridge_numpy_fallback,prior_history_only,leave_one_athlete_out:fd0c9e61-cb99-4d60-ab37-b4b3f5ac60d2,36.3,35.9149592447989,99.72527472527472,0.3850407552010964
rest_daily_01b75bd63b9e0e56,fd0c9e61-cb99-4d60-ab37-b4b3f5ac60d2,ridge_numpy_fallback,prior_history_only,leave_one_athlete_out:fd0c9e61-cb99-4d60-ab37-b4b3f5ac60d2,37.2,35.63967973932241,102.33837689133428,1.5603202606775923
rest_daily_7c83bde87c5be749,fd0c9e61-cb99-4d60-ab37-b4b3f5ac60d2,ridge_numpy_fallback,prior_history_only,leave_one_athlete_out:fd0c9e61-cb99-4d60-ab37-b4b3f5ac60d2,35.3,35.52239111434081,96.97802197802196,-0.22239111434081593
rest_daily_568874402ae121a6,fd0c9e61-cb99-4d60-ab37-b4b3f5ac60d2,ridge_numpy_fallback,prior_history_only,leave_one_athlete_out:fd0c9e61-cb99-4d60-ab37-b4b3f5ac60d2,38.6,35.20417205923935,106.18982118294362,3.395827940760654
rest_daily_e6273f94a99ad120,fd0c9e61-cb99-4d60-ab37-b4b3f5ac60d2,ridge_numpy_fallback,prior_history_only,leave_one_athlete_out:fd0c9e61-cb99-4d60-ab37-b4b3f5ac60d2,36.5,35.31609915145575,100.27472527472528,1.1839008485442477
rest_daily_addc070e41582078,fd0c9e61-cb99-4d60-ab37-b4b3f5ac60d2,ridge_numpy_fallback,prior_history_only,leave_one_athlete_out:fd0c9e61-cb99-4d60-ab37-b4b3f5ac60d2,35.8,35.095914123703146,98.21673525377228,0.7040858762968512
rest_daily_e0fe6a57d5ba3bee,2068e7ec-51a8-441a-8053-2be7533e613f,ridge_numpy_fallback,prior_history_only,leave_one_athlete_out:2068e7ec-51a8-441a-8053-2be7533e613f,45.9,42.557375200990975,101.32450331125828,3.342624799009023
rest_daily_d493fee7cfdb999b,2068e7ec-51a8-441a-8053-2be7533e613f,ridge_numpy_fallback,prior_history_only,leave_one_athlete_out:2068e7ec-51a8-441a-8053-2be7533e613f,44.2,42.20175595602579,98.33147942157952,1.9982440439742106
rest_daily_302c1fbaac2944d8,2068e7ec-51a8-441a-8053-2be7533e613f,ridge_numpy_fallback,prior_history_only,leave_one_athlete_out:2068e7ec-51a8-441a-8053-2be7533e613f,40.4,42.01406896758696,90.5829596412556,-1.6140689675869595
rest_daily_91c3ba85eea8d163,2068e7ec-51a8-441a-8053-2be7533e613f,ridge_numpy_fallback,prior_history_only,leave_one_athlete_out:2068e7ec-51a8-441a-8053-2be7533e613f,43.9,41.82712772752845,98.4304932735426,2.0728722724715496
rest_daily_0a396a843fa902b0,2068e7ec-51a8-441a-8053-2be7533e613f,ridge_numpy_fallback,prior_history_only,leave_one_athlete_out:2068e7ec-51a8-441a-8053-2be7533e613f,43.3,41.59029044960909,97.08520179372196,1.7097095503909046
rest_daily_96bd7b99fb596da4,9cee6de4-93b3-46a7-a018-90f60d705ebb,ridge_numpy_fallback,prior_history_only,chronological_holdout:last_30pct_per_athlete_min_1,48.5,48.24952641441865,99.38524590163937,0.25047358558134647
rest_daily_aa66a200e387eba4,9cee6de4-93b3-46a7-a018-90f60d705ebb,ridge_numpy_fallback,prior_history_only,chronological_holdout:last_30pct_per_athlete_min_1,45.7,47.70096544498435,93.93627954779036,-2.0009654449843453
rest_daily_9576a5f6cfbca811,8d47422f-2512-44a3-a6d6-8feb726f4759,ridge_numpy_fallback,prior_history_only,chronological_holdout:last_30pct_per_athlete_min_1,31.8,29.844452080260027,102.2508038585209,1.955547919739974
rest_daily_2b0ad7da5f00c7fb,8d47422f-2512-44a3-a6d6-8feb726f4759,ridge_numpy_fallback,prior_history_only,chronological_holdout:last_30pct_per_athlete_min_1,30.5,29.627950422423822,97.6,0.8720495775761776
rest_daily_c72954ac52f3c08e,ec3fc0a0-ab15-4c0c-b1ad-5243c6e5636f,ridge_numpy_fallback,prior_history_only,chronological_holdout:last_30pct_per_athlete_min_1,31.9,30.262473153422217,105.62913907284768,1.6375268465777815
rest_daily_50f6f1543ffe74e1,ec3fc0a0-ab15-4c0c-b1ad-5243c6e5636f,ridge_numpy_fallback,prior_history_only,chronological_holdout:last_30pct_per_athlete_min_1,29.8,30.208890870445245,96.75324675324676,-0.4088908704452443
rest_daily_6c805b4dd0c2cf3f,f2b08928-a410-4d1d-9f19-1f8c063a6311,ridge_numpy_fallback,prior_history_only,chronological_holdout:last_30pct_per_athlete_min_1,31.5,31.173683675375905,100.0,0.326316324624095
rest_daily_472237620c8063bf,86fed448-f51d-4005-aef8-bd9413933cbe,ridge_numpy_fallback,prior_history_only,chronological_holdout:last_30pct_per_athlete_min_1,29.8,29.468118820368993,97.0684039087948,0.33188117963100794
rest_daily_a309a15592c25132,86fed448-f51d-4005-aef8-bd9413933cbe,ridge_numpy_fallback,prior_history_only,chronological_holdout:last_30pct_per_athlete_min_1,30.1,29.09343735607351,98.0456026058632,1.0065626439264932
rest_daily_bea3758949606720,86fed448-f51d-4005-aef8-bd9413933cbe,ridge_numpy_fallback,prior_history_only,chronological_holdout:last_30pct_per_athlete_min_1,33.6,28.705148715241197,109.62479608482872,4.894851284758804
rest_daily_1c3acd1f7c8cf85f,a2d89dcf-6bd1-445b-bc9c-7ac6b852a9fc,ridge_numpy_fallback,prior_history_only,chronological_holdout:last_30pct_per_athlete_min_1,26.1,25.936405558704756,100.3846153846154,0.16359444129524547
rest_daily_a5cab1550d5946e9,a2d89dcf-6bd1-445b-bc9c-7ac6b852a9fc,ridge_numpy_fallback,prior_history_only,chronological_holdout:last_30pct_per_athlete_min_1,26.1,25.551530022596456,100.1919385796545,0.5484699774035455
rest_daily_1a821f8053bae41e,6a2ca03c-e61b-4589-a931-58f5e25aacd8,ridge_numpy_fallback,prior_history_only,chronological_holdout:last_30pct_per_athlete_min_1,35.0,36.0495182551045,96.9529085872576,-1.049518255104502
rest_daily_baad225df3d4f040,957de0b1-7ee9-437c-b47b-dffd09b6653a,ridge_numpy_fallback,prior_history_only,chronological_holdout:last_30pct_per_athlete_min_1,27.5,24.911005417311593,104.9618320610687,2.5889945826884073
rest_daily_24526a257b340324,957de0b1-7ee9-437c-b47b-dffd09b6653a,ridge_numpy_fallback,prior_history_only,chronological_holdout:last_30pct_per_athlete_min_1,27.2,24.754943546864954,103.03030303030305,2.445056453135045
rest_daily_f51837b525fe2758,957de0b1-7ee9-437c-b47b-dffd09b6653a,ridge_numpy_fallback,prior_history_only,chronological_holdout:last_30pct_per_athlete_min_1,27.5,24.541761303204574,103.38345864661652,2.9582386967954264
rest_daily_6f1321ab0e065ca1,e362b878-9920-4dcf-9ab7-687a194a821c,ridge_numpy_fallback,prior_history_only,chronological_holdout:last_30pct_per_athlete_min_1,32.6,34.02900431990033,92.35127478753542,-1.4290043199003293
rest_daily_8b1130c2e482bf87,e362b878-9920-4dcf-9ab7-687a194a821c,ridge_numpy_fallback,prior_history_only,chronological_holdout:last_30pct_per_athlete_min_1,30.7,33.573424318119635,87.33997155049786,-2.8734243181196355
rest_daily_aac7a0cea32a78f6,e362b878-9920-4dcf-9ab7-687a194a821c,ridge_numpy_fallback,prior_history_only,chronological_holdout:last_30pct_per_athlete_min_1,33.5,31.677621986065702,102.13414634146342,1.8223780139342978
rest_daily_bb1d299fe508ad69,687552ea-5963-45df-8680-c4c6058eab87,ridge_numpy_fallback,prior_history_only,chronological_holdout:last_30pct_per_athlete_min_1,36.8,40.54782147538809,89.10411622276028,-3.7478214753880934
rest_daily_1b6135ddcedae6ca,687552ea-5963-45df-8680-c4c6058eab87,ridge_numpy_fallback,prior_history_only,chronological_holdout:last_30pct_per_athlete_min_1,36.4,39.5891280669755,90.77306733167084,-3.189128066975499
rest_daily_b5aee6d21878a523,687552ea-5963-45df-8680-c4c6058eab87,ridge_numpy_fallback,prior_history_only,chronological_holdout:last_30pct_per_athlete_min_1,37.5,38.663405947152626,96.40102827763496,-1.1634059471526257
rest_daily_64860edccfee005f,c887cb7e-63cf-4dc2-9fd2-8429137ba44b,ridge_numpy_fallback,prior_history_only,chronological_holdout:last_30pct_per_athlete_min_1,28.5,28.21915671162565,100.0,0.28084328837434924
rest_daily_b66d89d81131cac9,c887cb7e-63cf-4dc2-9fd2-8429137ba44b,ridge_numpy_fallback,prior_history_only,chronological_holdout:last_30pct_per_athlete_min_1,26.6,27.817556343772505,93.33333333333331,-1.2175563437725039
rest_daily_462b7d0d1d4cce3d,c887cb7e-63cf-4dc2-9fd2-8429137ba44b,ridge_numpy_fallback,prior_history_only,chronological_holdout:last_30pct_per_athlete_min_1,24.4,27.42271764622505,85.6140350877193,-3.0227176462250505
rest_daily_9f0c016dc4398960,e6e4e3b9-5cfa-42c6-a4cd-0f96561de3eb,ridge_numpy_fallback,prior_history_only,chronological_holdout:last_30pct_per_athlete_min_1,25.9,31.343621142953523,80.1857585139319,-5.443621142953525
rest_daily_0454c91c3fc710e8,e6e4e3b9-5cfa-42c6-a4cd-0f96561de3eb,ridge_numpy_fallback,prior_history_only,chronological_holdout:last_30pct_per_athlete_min_1,30.8,31.239590180934453,97.62282091917592,-0.43959018093445223
rest_daily_3cf67d5887d878f8,efa2dbe6-24c0-4500-8b7b-1d5d14e1d271,ridge_numpy_fallback,prior_history_only,chronological_holdout:last_30pct_per_athlete_min_1,31.5,32.6159737530878,94.311377245509,-1.1159737530878004
rest_daily_568874402ae121a6,fd0c9e61-cb99-4d60-ab37-b4b3f5ac60d2,ridge_numpy_fallback,prior_history_only,chronological_holdout:last_30pct_per_athlete_min_1,38.6,34.775902824357445,106.18982118294362,3.8240971756425566
rest_daily_e6273f94a99ad120,fd0c9e61-cb99-4d60-ab37-b4b3f5ac60d2,ridge_numpy_fallback,prior_history_only,chronological_holdout:last_30pct_per_athlete_min_1,36.5,34.73069928531828,100.27472527472528,1.7693007146817195
rest_daily_addc070e41582078,fd0c9e61-cb99-4d60-ab37-b4b3f5ac60d2,ridge_numpy_fallback,prior_history_only,chronological_holdout:last_30pct_per_athlete_min_1,35.8,34.36489706661555,98.21673525377228,1.4351029333844494
rest_daily_91c3ba85eea8d163,2068e7ec-51a8-441a-8053-2be7533e613f,ridge_numpy_fallback,prior_history_only,chronological_holdout:last_30pct_per_athlete_min_1,43.9,41.670963429917165,98.4304932735426,2.229036570082833
rest_daily_0a396a843fa902b0,2068e7ec-51a8-441a-8053-2be7533e613f,ridge_numpy_fallback,prior_history_only,chronological_holdout:last_30pct_per_athlete_min_1,43.3,41.278215161899496,97.08520179372196,2.0217848381005012
rest_daily_a4f0947d555bcfe1,9cee6de4-93b3-46a7-a018-90f60d705ebb,ridge_numpy_fallback,prior_history_plus_daily_sleep,leave_one_athlete_out:9cee6de4-93b3-46a7-a018-90f60d705ebb,48.8,47.37745856954761,100.61855670103093,1.4225414304523838
rest_daily_b0a59a0abf0c6f21,9cee6de4-93b3-46a7-a018-90f60d705ebb,ridge_numpy_fallback,prior_history_plus_daily_sleep,leave_one_athlete_out:9cee6de4-93b3-46a7-a018-90f60d705ebb,49.3,47.01345152378906,101.33607399794452,2.286548476210939
rest_daily_ad64c57187148a23,9cee6de4-93b3-46a7-a018-90f60d705ebb,ridge_numpy_fallback,prior_history_plus_daily_sleep,leave_one_athlete_out:9cee6de4-93b3-46a7-a018-90f60d705ebb,50.0,48.35116196470784,102.45901639344262,1.648838035292158
rest_daily_bdb6766b9448f55b,9cee6de4-93b3-46a7-a018-90f60d705ebb,ridge_numpy_fallback,prior_history_plus_daily_sleep,leave_one_athlete_out:9cee6de4-93b3-46a7-a018-90f60d705ebb,37.5,48.0017769236114,76.45259938837921,-10.501776923611402
rest_daily_96bd7b99fb596da4,9cee6de4-93b3-46a7-a018-90f60d705ebb,ridge_numpy_fallback,prior_history_plus_daily_sleep,leave_one_athlete_out:9cee6de4-93b3-46a7-a018-90f60d705ebb,48.5,46.92375250244468,99.38524590163937,1.5762474975553218
rest_daily_aa66a200e387eba4,9cee6de4-93b3-46a7-a018-90f60d705ebb,ridge_numpy_fallback,prior_history_plus_daily_sleep,leave_one_athlete_out:9cee6de4-93b3-46a7-a018-90f60d705ebb,45.7,46.667812367975664,93.93627954779036,-0.967812367975661
rest_daily_b711ef41b7e72a58,8d47422f-2512-44a3-a6d6-8feb726f4759,ridge_numpy_fallback,prior_history_plus_daily_sleep,leave_one_athlete_out:8d47422f-2512-44a3-a6d6-8feb726f4759,32.2,30.879234875227795,102.54777070063696,1.3207651247722083
rest_daily_0056b953332cf48c,8d47422f-2512-44a3-a6d6-8feb726f4759,ridge_numpy_fallback,prior_history_plus_daily_sleep,leave_one_athlete_out:8d47422f-2512-44a3-a6d6-8feb726f4759,31.1,30.68309269027179,99.67948717948718,0.416907309728213
rest_daily_9576a5f6cfbca811,8d47422f-2512-44a3-a6d6-8feb726f4759,ridge_numpy_fallback,prior_history_plus_daily_sleep,leave_one_athlete_out:8d47422f-2512-44a3-a6d6-8feb726f4759,31.8,29.043302464612616,102.2508038585209,2.756697535387385
rest_daily_2b0ad7da5f00c7fb,8d47422f-2512-44a3-a6d6-8feb726f4759,ridge_numpy_fallback,prior_history_plus_daily_sleep,leave_one_athlete_out:8d47422f-2512-44a3-a6d6-8feb726f4759,30.5,30.202801448893922,97.6,0.29719855110607796
rest_daily_cdf2c1790b6b6b77,ec3fc0a0-ab15-4c0c-b1ad-5243c6e5636f,ridge_numpy_fallback,prior_history_plus_daily_sleep,leave_one_athlete_out:ec3fc0a0-ab15-4c0c-b1ad-5243c6e5636f,30.1,27.99260997369497,103.08219178082192,2.10739002630503
rest_daily_cd58435642eb8af3,ec3fc0a0-ab15-4c0c-b1ad-5243c6e5636f,ridge_numpy_fallback,prior_history_plus_daily_sleep,leave_one_athlete_out:ec3fc0a0-ab15-4c0c-b1ad-5243c6e5636f,31.4,29.041042550627573,105.90219224283304,2.3589574493724257
rest_daily_f086eef85301ad30,ec3fc0a0-ab15-4c0c-b1ad-5243c6e5636f,ridge_numpy_fallback,prior_history_plus_daily_sleep,leave_one_athlete_out:ec3fc0a0-ab15-4c0c-b1ad-5243c6e5636f,32.9,26.003497771871174,109.30232558139534,6.896502228128824
rest_daily_c1dfb58557a561b2,ec3fc0a0-ab15-4c0c-b1ad-5243c6e5636f,ridge_numpy_fallback,prior_history_plus_daily_sleep,leave_one_athlete_out:ec3fc0a0-ab15-4c0c-b1ad-5243c6e5636f,31.8,30.091483818478256,105.4726368159204,1.7085161815217447
rest_daily_c72954ac52f3c08e,ec3fc0a0-ab15-4c0c-b1ad-5243c6e5636f,ridge_numpy_fallback,prior_history_plus_daily_sleep,leave_one_athlete_out:ec3fc0a0-ab15-4c0c-b1ad-5243c6e5636f,31.9,29.070839042377692,105.62913907284768,2.8291609576223067
rest_daily_50f6f1543ffe74e1,ec3fc0a0-ab15-4c0c-b1ad-5243c6e5636f,ridge_numpy_fallback,prior_history_plus_daily_sleep,leave_one_athlete_out:ec3fc0a0-ab15-4c0c-b1ad-5243c6e5636f,29.8,30.245810293687573,96.75324675324676,-0.44581029368757186
rest_daily_6c805b4dd0c2cf3f,f2b08928-a410-4d1d-9f19-1f8c063a6311,ridge_numpy_fallback,prior_history_plus_daily_sleep,leave_one_athlete_out:f2b08928-a410-4d1d-9f19-1f8c063a6311,31.5,31.392139318118588,100.0,0.10786068188141229
rest_daily_f4e5f2267c6c0457,86fed448-f51d-4005-aef8-bd9413933cbe,ridge_numpy_fallback,prior_history_plus_daily_sleep,leave_one_athlete_out:86fed448-f51d-4005-aef8-bd9413933cbe,29.2,28.27774760446988,95.4248366013072,0.9222523955301192
rest_daily_1b54b101c18e95b5,86fed448-f51d-4005-aef8-bd9413933cbe,ridge_numpy_fallback,prior_history_plus_daily_sleep,leave_one_athlete_out:86fed448-f51d-4005-aef8-bd9413933cbe,30.7,28.461864650079693,101.65562913907284,2.238135349920306
rest_daily_7f7a9baf479d195c,86fed448-f51d-4005-aef8-bd9413933cbe,ridge_numpy_fallback,prior_history_plus_daily_sleep,leave_one_athlete_out:86fed448-f51d-4005-aef8-bd9413933cbe,32.4,26.641462169618507,105.88235294117646,5.758537830381492
rest_daily_f98b6f0e56bf0285,86fed448-f51d-4005-aef8-bd9413933cbe,ridge_numpy_fallback,prior_history_plus_daily_sleep,leave_one_athlete_out:86fed448-f51d-4005-aef8-bd9413933cbe,30.7,29.48710930554983,100.163132137031,1.21289069445017
rest_daily_5091bf99d5924eac,86fed448-f51d-4005-aef8-bd9413933cbe,ridge_numpy_fallback,prior_history_plus_daily_sleep,leave_one_athlete_out:86fed448-f51d-4005-aef8-bd9413933cbe,31.8,28.938952391516537,103.5830618892508,2.8610476084834637
rest_daily_472237620c8063bf,86fed448-f51d-4005-aef8-bd9413933cbe,ridge_numpy_fallback,prior_history_plus_daily_sleep,leave_one_athlete_out:86fed448-f51d-4005-aef8-bd9413933cbe,29.8,30.81666118183106,97.0684039087948,-1.0166611818310578
rest_daily_a309a15592c25132,86fed448-f51d-4005-aef8-bd9413933cbe,ridge_numpy_fallback,prior_history_plus_daily_sleep,leave_one_athlete_out:86fed448-f51d-4005-aef8-bd9413933cbe,30.1,29.557223583287783,98.0456026058632,0.5427764167122184
rest_daily_bea3758949606720,86fed448-f51d-4005-aef8-bd9413933cbe,ridge_numpy_fallback,prior_history_plus_daily_sleep,leave_one_athlete_out:86fed448-f51d-4005-aef8-bd9413933cbe,33.6,29.43916578817858,109.62479608482872,4.16083421182142
rest_daily_82442f8e52aa8256,a2d89dcf-6bd1-445b-bc9c-7ac6b852a9fc,ridge_numpy_fallback,prior_history_plus_daily_sleep,leave_one_athlete_out:a2d89dcf-6bd1-445b-bc9c-7ac6b852a9fc,25.2,28.285297428328523,94.73684210526316,-3.0852974283285235
rest_daily_baa5ee6cfc8f59b5,a2d89dcf-6bd1-445b-bc9c-7ac6b852a9fc,ridge_numpy_fallback,prior_history_plus_daily_sleep,leave_one_athlete_out:a2d89dcf-6bd1-445b-bc9c-7ac6b852a9fc,26.0,26.650594841612836,100.3861003861004,-0.6505948416128362
rest_daily_9afc4bb4cc991ef9,a2d89dcf-6bd1-445b-bc9c-7ac6b852a9fc,ridge_numpy_fallback,prior_history_plus_daily_sleep,leave_one_athlete_out:a2d89dcf-6bd1-445b-bc9c-7ac6b852a9fc,25.9,26.627942839827195,99.6153846153846,-0.7279428398271968
rest_daily_7f8eb3142fb05b5e,a2d89dcf-6bd1-445b-bc9c-7ac6b852a9fc,ridge_numpy_fallback,prior_history_plus_daily_sleep,leave_one_athlete_out:a2d89dcf-6bd1-445b-bc9c-7ac6b852a9fc,27.3,29.480265294578395,105.20231213872832,-2.180265294578394
rest_daily_1c3acd1f7c8cf85f,a2d89dcf-6bd1-445b-bc9c-7ac6b852a9fc,ridge_numpy_fallback,prior_history_plus_daily_sleep,leave_one_athlete_out:a2d89dcf-6bd1-445b-bc9c-7ac6b852a9fc,26.1,26.69930917224681,100.3846153846154,-0.5993091722468087
rest_daily_a5cab1550d5946e9,a2d89dcf-6bd1-445b-bc9c-7ac6b852a9fc,ridge_numpy_fallback,prior_history_plus_daily_sleep,leave_one_athlete_out:a2d89dcf-6bd1-445b-bc9c-7ac6b852a9fc,26.1,26.639996143034125,100.1919385796545,-0.5399961430341236
rest_daily_1a821f8053bae41e,6a2ca03c-e61b-4589-a931-58f5e25aacd8,ridge_numpy_fallback,prior_history_plus_daily_sleep,leave_one_athlete_out:6a2ca03c-e61b-4589-a931-58f5e25aacd8,35.0,35.23004220231439,96.9529085872576,-0.23004220231438666
rest_daily_1fdf1d5bbe31da02,957de0b1-7ee9-437c-b47b-dffd09b6653a,ridge_numpy_fallback,prior_history_plus_daily_sleep,leave_one_athlete_out:957de0b1-7ee9-437c-b47b-dffd09b6653a,26.4,28.254743440333236,98.50746268656717,-1.8547434403332375
rest_daily_ce8b5b7b591dd0fd,957de0b1-7ee9-437c-b47b-dffd09b6653a,ridge_numpy_fallback,prior_history_plus_daily_sleep,leave_one_athlete_out:957de0b1-7ee9-437c-b47b-dffd09b6653a,24.2,27.826777939352638,90.29850746268656,-3.626777939352639
rest_daily_5725581e019f5fa6,957de0b1-7ee9-437c-b47b-dffd09b6653a,ridge_numpy_fallback,prior_history_plus_daily_sleep,leave_one_athlete_out:957de0b1-7ee9-437c-b47b-dffd09b6653a,25.2,27.541025411507643,94.02985074626864,-2.341025411507644
rest_daily_9fdde10651bde0b4,957de0b1-7ee9-437c-b47b-dffd09b6653a,ridge_numpy_fallback,prior_history_plus_daily_sleep,leave_one_athlete_out:957de0b1-7ee9-437c-b47b-dffd09b6653a,25.9,27.912844733513456,96.64179104477611,-2.0128447335134574
rest_daily_4cc527b910742f5f,957de0b1-7ee9-437c-b47b-dffd09b6653a,ridge_numpy_fallback,prior_history_plus_daily_sleep,leave_one_athlete_out:957de0b1-7ee9-437c-b47b-dffd09b6653a,24.4,26.957584075272166,91.72932330827066,-2.5575840752721675
rest_daily_a682083333fcffda,957de0b1-7ee9-437c-b47b-dffd09b6653a,ridge_numpy_fallback,prior_history_plus_daily_sleep,leave_one_athlete_out:957de0b1-7ee9-437c-b47b-dffd09b6653a,26.0,27.045687255263957,98.48484848484848,-1.0456872552639567
rest_daily_baad225df3d4f040,957de0b1-7ee9-437c-b47b-dffd09b6653a,ridge_numpy_fallback,prior_history_plus_daily_sleep,leave_one_athlete_out:957de0b1-7ee9-437c-b47b-dffd09b6653a,27.5,24.559554333242627,104.9618320610687,2.9404456667573733
rest_daily_24526a257b340324,957de0b1-7ee9-437c-b47b-dffd09b6653a,ridge_numpy_fallback,prior_history_plus_daily_sleep,leave_one_athlete_out:957de0b1-7ee9-437c-b47b-dffd09b6653a,27.2,25.132160932047352,103.03030303030305,2.0678390679526473
rest_daily_f51837b525fe2758,957de0b1-7ee9-437c-b47b-dffd09b6653a,ridge_numpy_fallback,prior_history_plus_daily_sleep,leave_one_athlete_out:957de0b1-7ee9-437c-b47b-dffd09b6653a,27.5,26.489900014074745,103.38345864661652,1.0100999859252546
rest_daily_44c060af4bc142ed,e362b878-9920-4dcf-9ab7-687a194a821c,ridge_numpy_fallback,prior_history_plus_daily_sleep,leave_one_athlete_out:e362b878-9920-4dcf-9ab7-687a194a821c,35.0,35.56590716975382,97.76536312849164,-0.5659071697538209
rest_daily_e1f7ae429e1b28de,e362b878-9920-4dcf-9ab7-687a194a821c,ridge_numpy_fallback,prior_history_plus_daily_sleep,leave_one_athlete_out:e362b878-9920-4dcf-9ab7-687a194a821c,32.8,36.97012308613509,91.8767507002801,-4.170123086135092
rest_daily_23de18e0c8746cd7,e362b878-9920-4dcf-9ab7-687a194a821c,ridge_numpy_fallback,prior_history_plus_daily_sleep,leave_one_athlete_out:e362b878-9920-4dcf-9ab7-687a194a821c,35.3,34.863582498928,99.1573033707865,0.4364175010720004
rest_daily_19d7ba07a6d15f62,e362b878-9920-4dcf-9ab7-687a194a821c,ridge_numpy_fallback,prior_history_plus_daily_sleep,leave_one_athlete_out:e362b878-9920-4dcf-9ab7-687a194a821c,32.0,34.18688642991483,90.26798307475316,-2.1868864299148285
rest_daily_6f1321ab0e065ca1,e362b878-9920-4dcf-9ab7-687a194a821c,ridge_numpy_fallback,prior_history_plus_daily_sleep,leave_one_athlete_out:e362b878-9920-4dcf-9ab7-687a194a821c,32.6,34.23925192650879,92.35127478753542,-1.6392519265087913
rest_daily_8b1130c2e482bf87,e362b878-9920-4dcf-9ab7-687a194a821c,ridge_numpy_fallback,prior_history_plus_daily_sleep,leave_one_athlete_out:e362b878-9920-4dcf-9ab7-687a194a821c,30.7,33.3418575881733,87.33997155049786,-2.6418575881732984
rest_daily_aac7a0cea32a78f6,e362b878-9920-4dcf-9ab7-687a194a821c,ridge_numpy_fallback,prior_history_plus_daily_sleep,leave_one_athlete_out:e362b878-9920-4dcf-9ab7-687a194a821c,33.5,32.50700186718594,102.13414634146342,0.9929981328140585
rest_daily_6f910bb9a01cd557,687552ea-5963-45df-8680-c4c6058eab87,ridge_numpy_fallback,prior_history_plus_daily_sleep,leave_one_athlete_out:687552ea-5963-45df-8680-c4c6058eab87,35.7,39.16845477157947,91.7737789203085,-3.4684547715794665
rest_daily_21d41c9eaff91990,687552ea-5963-45df-8680-c4c6058eab87,ridge_numpy_fallback,prior_history_plus_daily_sleep,leave_one_athlete_out:687552ea-5963-45df-8680-c4c6058eab87,43.9,38.04408496039574,117.06666666666666,5.855915039604255
rest_daily_12a68c9036898205,687552ea-5963-45df-8680-c4c6058eab87,ridge_numpy_fallback,prior_history_plus_daily_sleep,leave_one_athlete_out:687552ea-5963-45df-8680-c4c6058eab87,42.7,38.61587595955733,109.76863753213368,4.084124040442674
rest_daily_e3c98654c7975c33,687552ea-5963-45df-8680-c4c6058eab87,ridge_numpy_fallback,prior_history_plus_daily_sleep,leave_one_athlete_out:687552ea-5963-45df-8680-c4c6058eab87,41.3,40.08074809258416,101.9753086419753,1.2192519074158383
rest_daily_bb1d299fe508ad69,687552ea-5963-45df-8680-c4c6058eab87,ridge_numpy_fallback,prior_history_plus_daily_sleep,leave_one_athlete_out:687552ea-5963-45df-8680-c4c6058eab87,36.8,40.231538385738205,89.10411622276028,-3.4315383857382074
rest_daily_1b6135ddcedae6ca,687552ea-5963-45df-8680-c4c6058eab87,ridge_numpy_fallback,prior_history_plus_daily_sleep,leave_one_athlete_out:687552ea-5963-45df-8680-c4c6058eab87,36.4,39.26037442485054,90.77306733167084,-2.8603744248505407
rest_daily_b5aee6d21878a523,687552ea-5963-45df-8680-c4c6058eab87,ridge_numpy_fallback,prior_history_plus_daily_sleep,leave_one_athlete_out:687552ea-5963-45df-8680-c4c6058eab87,37.5,38.655156144031075,96.40102827763496,-1.155156144031075
rest_daily_a157f3bb920fa92f,c887cb7e-63cf-4dc2-9fd2-8429137ba44b,ridge_numpy_fallback,prior_history_plus_daily_sleep,leave_one_athlete_out:c887cb7e-63cf-4dc2-9fd2-8429137ba44b,30.7,28.036314228546683,116.2878787878788,2.6636857714533164
rest_daily_b8e40341f54d9616,c887cb7e-63cf-4dc2-9fd2-8429137ba44b,ridge_numpy_fallback,prior_history_plus_daily_sleep,leave_one_athlete_out:c887cb7e-63cf-4dc2-9fd2-8429137ba44b,28.1,29.91290591654925,102.1818181818182,-1.8129059165492478
rest_daily_1759366c50384ac7,c887cb7e-63cf-4dc2-9fd2-8429137ba44b,ridge_numpy_fallback,prior_history_plus_daily_sleep,leave_one_athlete_out:c887cb7e-63cf-4dc2-9fd2-8429137ba44b,30.0,28.67529406044062,106.76156583629891,1.3247059395593794
rest_daily_0663b3b3ac8bbc8c,c887cb7e-63cf-4dc2-9fd2-8429137ba44b,ridge_numpy_fallback,prior_history_plus_daily_sleep,leave_one_athlete_out:c887cb7e-63cf-4dc2-9fd2-8429137ba44b,28.5,28.90365374045806,100.52910052910052,-0.40365374045806135
rest_daily_64860edccfee005f,c887cb7e-63cf-4dc2-9fd2-8429137ba44b,ridge_numpy_fallback,prior_history_plus_daily_sleep,leave_one_athlete_out:c887cb7e-63cf-4dc2-9fd2-8429137ba44b,28.5,28.267595774493635,100.0,0.23240422550636453
rest_daily_b66d89d81131cac9,c887cb7e-63cf-4dc2-9fd2-8429137ba44b,ridge_numpy_fallback,prior_history_plus_daily_sleep,leave_one_athlete_out:c887cb7e-63cf-4dc2-9fd2-8429137ba44b,26.6,28.238527308808674,93.33333333333331,-1.6385273088086727
rest_daily_462b7d0d1d4cce3d,c887cb7e-63cf-4dc2-9fd2-8429137ba44b,ridge_numpy_fallback,prior_history_plus_daily_sleep,leave_one_athlete_out:c887cb7e-63cf-4dc2-9fd2-8429137ba44b,24.4,28.280912398315373,85.6140350877193,-3.880912398315374
rest_daily_6f2bd48791757d01,e6e4e3b9-5cfa-42c6-a4cd-0f96561de3eb,ridge_numpy_fallback,prior_history_plus_daily_sleep,leave_one_athlete_out:e6e4e3b9-5cfa-42c6-a4cd-0f96561de3eb,32.5,32.59386813140301,100.61919504643964,-0.09386813140301342
rest_daily_02d5b5624ca2a01d,e6e4e3b9-5cfa-42c6-a4cd-0f96561de3eb,ridge_numpy_fallback,prior_history_plus_daily_sleep,leave_one_athlete_out:e6e4e3b9-5cfa-42c6-a4cd-0f96561de3eb,30.3,31.854171862067304,93.51851851851852,-1.554171862067303
rest_daily_5a6dee4fcd56dbce,e6e4e3b9-5cfa-42c6-a4cd-0f96561de3eb,ridge_numpy_fallback,prior_history_plus_daily_sleep,leave_one_athlete_out:e6e4e3b9-5cfa-42c6-a4cd-0f96561de3eb,32.5,31.979677981293847,100.61919504643964,0.5203220187061532
rest_daily_ab17f1fc7853a9d6,e6e4e3b9-5cfa-42c6-a4cd-0f96561de3eb,ridge_numpy_fallback,prior_history_plus_daily_sleep,leave_one_athlete_out:e6e4e3b9-5cfa-42c6-a4cd-0f96561de3eb,29.9,31.93873678896415,92.28395061728396,-2.038736788964151
rest_daily_9f0c016dc4398960,e6e4e3b9-5cfa-42c6-a4cd-0f96561de3eb,ridge_numpy_fallback,prior_history_plus_daily_sleep,leave_one_athlete_out:e6e4e3b9-5cfa-42c6-a4cd-0f96561de3eb,25.9,31.451950419646383,80.1857585139319,-5.551950419646385
rest_daily_0454c91c3fc710e8,e6e4e3b9-5cfa-42c6-a4cd-0f96561de3eb,ridge_numpy_fallback,prior_history_plus_daily_sleep,leave_one_athlete_out:e6e4e3b9-5cfa-42c6-a4cd-0f96561de3eb,30.8,30.999598605877885,97.62282091917592,-0.1995986058778847
rest_daily_d6526cc6a798964b,efa2dbe6-24c0-4500-8b7b-1d5d14e1d271,ridge_numpy_fallback,prior_history_plus_daily_sleep,leave_one_athlete_out:efa2dbe6-24c0-4500-8b7b-1d5d14e1d271,35.2,36.3197013283766,105.07462686567166,-1.1197013283765997
rest_daily_1041700280114f2c,efa2dbe6-24c0-4500-8b7b-1d5d14e1d271,ridge_numpy_fallback,prior_history_plus_daily_sleep,leave_one_athlete_out:efa2dbe6-24c0-4500-8b7b-1d5d14e1d271,29.2,33.65108202265567,85.50512445095168,-4.451082022655672
rest_daily_3cf67d5887d878f8,efa2dbe6-24c0-4500-8b7b-1d5d14e1d271,ridge_numpy_fallback,prior_history_plus_daily_sleep,leave_one_athlete_out:efa2dbe6-24c0-4500-8b7b-1d5d14e1d271,31.5,32.72706688326375,94.311377245509,-1.2270668832637526
rest_daily_82682445d3ee10d1,fd0c9e61-cb99-4d60-ab37-b4b3f5ac60d2,ridge_numpy_fallback,prior_history_plus_daily_sleep,leave_one_athlete_out:fd0c9e61-cb99-4d60-ab37-b4b3f5ac60d2,36.4,36.94016139878018,96.55172413793105,-0.5401613987801781
rest_daily_05f48e6e719ac92e,fd0c9e61-cb99-4d60-ab37-b4b3f5ac60d2,ridge_numpy_fallback,prior_history_plus_daily_sleep,leave_one_athlete_out:fd0c9e61-cb99-4d60-ab37-b4b3f5ac60d2,34.4,35.67924292555517,92.84750337381917,-1.2792429255551738
rest_daily_efc572538dfe1a10,fd0c9e61-cb99-4d60-ab37-b4b3f5ac60d2,ridge_numpy_fallback,prior_history_plus_daily_sleep,leave_one_athlete_out:fd0c9e61-cb99-4d60-ab37-b4b3f5ac60d2,36.3,38.41161533171413,99.72527472527472,-2.111615331714134
rest_daily_01b75bd63b9e0e56,fd0c9e61-cb99-4d60-ab37-b4b3f5ac60d2,ridge_numpy_fallback,prior_history_plus_daily_sleep,leave_one_athlete_out:fd0c9e61-cb99-4d60-ab37-b4b3f5ac60d2,37.2,35.307245431568795,102.33837689133428,1.892754568431208
rest_daily_7c83bde87c5be749,fd0c9e61-cb99-4d60-ab37-b4b3f5ac60d2,ridge_numpy_fallback,prior_history_plus_daily_sleep,leave_one_athlete_out:fd0c9e61-cb99-4d60-ab37-b4b3f5ac60d2,35.3,35.33069446375063,96.97802197802196,-0.03069446375063478
rest_daily_568874402ae121a6,fd0c9e61-cb99-4d60-ab37-b4b3f5ac60d2,ridge_numpy_fallback,prior_history_plus_daily_sleep,leave_one_athlete_out:fd0c9e61-cb99-4d60-ab37-b4b3f5ac60d2,38.6,33.56166456331772,106.18982118294362,5.0383354366822815
rest_daily_e6273f94a99ad120,fd0c9e61-cb99-4d60-ab37-b4b3f5ac60d2,ridge_numpy_fallback,prior_history_plus_daily_sleep,leave_one_athlete_out:fd0c9e61-cb99-4d60-ab37-b4b3f5ac60d2,36.5,34.71236309687464,100.27472527472528,1.7876369031253603
rest_daily_addc070e41582078,fd0c9e61-cb99-4d60-ab37-b4b3f5ac60d2,ridge_numpy_fallback,prior_history_plus_daily_sleep,leave_one_athlete_out:fd0c9e61-cb99-4d60-ab37-b4b3f5ac60d2,35.8,34.918429289066616,98.21673525377228,0.8815707109333815
rest_daily_e0fe6a57d5ba3bee,2068e7ec-51a8-441a-8053-2be7533e613f,ridge_numpy_fallback,prior_history_plus_daily_sleep,leave_one_athlete_out:2068e7ec-51a8-441a-8053-2be7533e613f,45.9,42.42583150287781,101.32450331125828,3.474168497122186
rest_daily_d493fee7cfdb999b,2068e7ec-51a8-441a-8053-2be7533e613f,ridge_numpy_fallback,prior_history_plus_daily_sleep,leave_one_athlete_out:2068e7ec-51a8-441a-8053-2be7533e613f,44.2,42.36096968933463,98.33147942157952,1.8390303106653718
rest_daily_302c1fbaac2944d8,2068e7ec-51a8-441a-8053-2be7533e613f,ridge_numpy_fallback,prior_history_plus_daily_sleep,leave_one_athlete_out:2068e7ec-51a8-441a-8053-2be7533e613f,40.4,41.715925836756135,90.5829596412556,-1.3159258367561364
rest_daily_91c3ba85eea8d163,2068e7ec-51a8-441a-8053-2be7533e613f,ridge_numpy_fallback,prior_history_plus_daily_sleep,leave_one_athlete_out:2068e7ec-51a8-441a-8053-2be7533e613f,43.9,41.399656263294766,98.4304932735426,2.500343736705233
rest_daily_0a396a843fa902b0,2068e7ec-51a8-441a-8053-2be7533e613f,ridge_numpy_fallback,prior_history_plus_daily_sleep,leave_one_athlete_out:2068e7ec-51a8-441a-8053-2be7533e613f,43.3,41.55669978105024,97.08520179372196,1.7433002189497557
rest_daily_96bd7b99fb596da4,9cee6de4-93b3-46a7-a018-90f60d705ebb,ridge_numpy_fallback,prior_history_plus_daily_sleep,chronological_holdout:last_30pct_per_athlete_min_1,48.5,48.33260231720544,99.38524590163937,0.16739768279455802
rest_daily_aa66a200e387eba4,9cee6de4-93b3-46a7-a018-90f60d705ebb,ridge_numpy_fallback,prior_history_plus_daily_sleep,chronological_holdout:last_30pct_per_athlete_min_1,45.7,47.39785160785483,93.93627954779036,-1.6978516078548296
rest_daily_9576a5f6cfbca811,8d47422f-2512-44a3-a6d6-8feb726f4759,ridge_numpy_fallback,prior_history_plus_daily_sleep,chronological_holdout:last_30pct_per_athlete_min_1,31.8,28.107360330271952,102.2508038585209,3.692639669728049
rest_daily_2b0ad7da5f00c7fb,8d47422f-2512-44a3-a6d6-8feb726f4759,ridge_numpy_fallback,prior_history_plus_daily_sleep,chronological_holdout:last_30pct_per_athlete_min_1,30.5,28.338975405967915,97.6,2.161024594032085
rest_daily_c72954ac52f3c08e,ec3fc0a0-ab15-4c0c-b1ad-5243c6e5636f,ridge_numpy_fallback,prior_history_plus_daily_sleep,chronological_holdout:last_30pct_per_athlete_min_1,31.9,28.588547764733867,105.62913907284768,3.311452235266131
rest_daily_50f6f1543ffe74e1,ec3fc0a0-ab15-4c0c-b1ad-5243c6e5636f,ridge_numpy_fallback,prior_history_plus_daily_sleep,chronological_holdout:last_30pct_per_athlete_min_1,29.8,30.695453971719985,96.75324675324676,-0.8954539717199843
rest_daily_6c805b4dd0c2cf3f,f2b08928-a410-4d1d-9f19-1f8c063a6311,ridge_numpy_fallback,prior_history_plus_daily_sleep,chronological_holdout:last_30pct_per_athlete_min_1,31.5,31.237361756124784,100.0,0.26263824387521595
rest_daily_472237620c8063bf,86fed448-f51d-4005-aef8-bd9413933cbe,ridge_numpy_fallback,prior_history_plus_daily_sleep,chronological_holdout:last_30pct_per_athlete_min_1,29.8,29.727246450207602,97.0684039087948,0.07275354979239879
rest_daily_a309a15592c25132,86fed448-f51d-4005-aef8-bd9413933cbe,ridge_numpy_fallback,prior_history_plus_daily_sleep,chronological_holdout:last_30pct_per_athlete_min_1,30.1,29.403599062715465,98.0456026058632,0.6964009372845368
rest_daily_bea3758949606720,86fed448-f51d-4005-aef8-bd9413933cbe,ridge_numpy_fallback,prior_history_plus_daily_sleep,chronological_holdout:last_30pct_per_athlete_min_1,33.6,28.835732915453363,109.62479608482872,4.764267084546638
rest_daily_1c3acd1f7c8cf85f,a2d89dcf-6bd1-445b-bc9c-7ac6b852a9fc,ridge_numpy_fallback,prior_history_plus_daily_sleep,chronological_holdout:last_30pct_per_athlete_min_1,26.1,26.920963782439348,100.3846153846154,-0.8209637824393461
rest_daily_a5cab1550d5946e9,a2d89dcf-6bd1-445b-bc9c-7ac6b852a9fc,ridge_numpy_fallback,prior_history_plus_daily_sleep,chronological_holdout:last_30pct_per_athlete_min_1,26.1,26.384253031837943,100.1919385796545,-0.2842530318379417
rest_daily_1a821f8053bae41e,6a2ca03c-e61b-4589-a931-58f5e25aacd8,ridge_numpy_fallback,prior_history_plus_daily_sleep,chronological_holdout:last_30pct_per_athlete_min_1,35.0,36.32469190269123,96.9529085872576,-1.324691902691228
rest_daily_baad225df3d4f040,957de0b1-7ee9-437c-b47b-dffd09b6653a,ridge_numpy_fallback,prior_history_plus_daily_sleep,chronological_holdout:last_30pct_per_athlete_min_1,27.5,25.020716806075022,104.9618320610687,2.479283193924978
rest_daily_24526a257b340324,957de0b1-7ee9-437c-b47b-dffd09b6653a,ridge_numpy_fallback,prior_history_plus_daily_sleep,chronological_holdout:last_30pct_per_athlete_min_1,27.2,23.31421651396488,103.03030303030305,3.8857834860351197
rest_daily_f51837b525fe2758,957de0b1-7ee9-437c-b47b-dffd09b6653a,ridge_numpy_fallback,prior_history_plus_daily_sleep,chronological_holdout:last_30pct_per_athlete_min_1,27.5,25.14577012651462,103.38345864661652,2.35422987348538
rest_daily_6f1321ab0e065ca1,e362b878-9920-4dcf-9ab7-687a194a821c,ridge_numpy_fallback,prior_history_plus_daily_sleep,chronological_holdout:last_30pct_per_athlete_min_1,32.6,32.50078081158084,92.35127478753542,0.09921918841916266
rest_daily_8b1130c2e482bf87,e362b878-9920-4dcf-9ab7-687a194a821c,ridge_numpy_fallback,prior_history_plus_daily_sleep,chronological_holdout:last_30pct_per_athlete_min_1,30.7,34.315797686194514,87.33997155049786,-3.615797686194515
rest_daily_aac7a0cea32a78f6,e362b878-9920-4dcf-9ab7-687a194a821c,ridge_numpy_fallback,prior_history_plus_daily_sleep,chronological_holdout:last_30pct_per_athlete_min_1,33.5,32.177552294503315,102.13414634146342,1.3224477054966854
rest_daily_bb1d299fe508ad69,687552ea-5963-45df-8680-c4c6058eab87,ridge_numpy_fallback,prior_history_plus_daily_sleep,chronological_holdout:last_30pct_per_athlete_min_1,36.8,41.06261549762567,89.10411622276028,-4.262615497625674
rest_daily_1b6135ddcedae6ca,687552ea-5963-45df-8680-c4c6058eab87,ridge_numpy_fallback,prior_history_plus_daily_sleep,chronological_holdout:last_30pct_per_athlete_min_1,36.4,39.69463680089052,90.77306733167084,-3.2946368008905225
rest_daily_b5aee6d21878a523,687552ea-5963-45df-8680-c4c6058eab87,ridge_numpy_fallback,prior_history_plus_daily_sleep,chronological_holdout:last_30pct_per_athlete_min_1,37.5,38.17015947473376,96.40102827763496,-0.670159474733758
rest_daily_64860edccfee005f,c887cb7e-63cf-4dc2-9fd2-8429137ba44b,ridge_numpy_fallback,prior_history_plus_daily_sleep,chronological_holdout:last_30pct_per_athlete_min_1,28.5,26.505661186319596,100.0,1.9943388136804039
rest_daily_b66d89d81131cac9,c887cb7e-63cf-4dc2-9fd2-8429137ba44b,ridge_numpy_fallback,prior_history_plus_daily_sleep,chronological_holdout:last_30pct_per_athlete_min_1,26.6,28.001227024779258,93.33333333333331,-1.4012270247792564
rest_daily_462b7d0d1d4cce3d,c887cb7e-63cf-4dc2-9fd2-8429137ba44b,ridge_numpy_fallback,prior_history_plus_daily_sleep,chronological_holdout:last_30pct_per_athlete_min_1,24.4,27.796770465836147,85.6140350877193,-3.3967704658361484
rest_daily_9f0c016dc4398960,e6e4e3b9-5cfa-42c6-a4cd-0f96561de3eb,ridge_numpy_fallback,prior_history_plus_daily_sleep,chronological_holdout:last_30pct_per_athlete_min_1,25.9,30.429586106134558,80.1857585139319,-4.529586106134559
rest_daily_0454c91c3fc710e8,e6e4e3b9-5cfa-42c6-a4cd-0f96561de3eb,ridge_numpy_fallback,prior_history_plus_daily_sleep,chronological_holdout:last_30pct_per_athlete_min_1,30.8,30.708462433863367,97.62282091917592,0.09153756613663333
rest_daily_3cf67d5887d878f8,efa2dbe6-24c0-4500-8b7b-1d5d14e1d271,ridge_numpy_fallback,prior_history_plus_daily_sleep,chronological_holdout:last_30pct_per_athlete_min_1,31.5,33.05443560381119,94.311377245509,-1.5544356038111928
rest_daily_568874402ae121a6,fd0c9e61-cb99-4d60-ab37-b4b3f5ac60d2,ridge_numpy_fallback,prior_history_plus_daily_sleep,chronological_holdout:last_30pct_per_athlete_min_1,38.6,33.11888454973776,106.18982118294362,5.481115450262244
rest_daily_e6273f94a99ad120,fd0c9e61-cb99-4d60-ab37-b4b3f5ac60d2,ridge_numpy_fallback,prior_history_plus_daily_sleep,chronological_holdout:last_30pct_per_athlete_min_1,36.5,35.792157792793496,100.27472527472528,0.7078422072065038
rest_daily_addc070e41582078,fd0c9e61-cb99-4d60-ab37-b4b3f5ac60d2,ridge_numpy_fallback,prior_history_plus_daily_sleep,chronological_holdout:last_30pct_per_athlete_min_1,35.8,34.81638107033609,98.21673525377228,0.9836189296639049
rest_daily_91c3ba85eea8d163,2068e7ec-51a8-441a-8053-2be7533e613f,ridge_numpy_fallback,prior_history_plus_daily_sleep,chronological_holdout:last_30pct_per_athlete_min_1,43.9,41.4727589035416,98.4304932735426,2.4272410964583955
rest_daily_0a396a843fa902b0,2068e7ec-51a8-441a-8053-2be7533e613f,ridge_numpy_fallback,prior_history_plus_daily_sleep,chronological_holdout:last_30pct_per_athlete_min_1,43.3,41.50842179552393,97.08520179372196,1.7915782044760675
rest_daily_a4f0947d555bcfe1,9cee6de4-93b3-46a7-a018-90f60d705ebb,ridge_numpy_fallback,prior_history_plus_caffeine,leave_one_athlete_out:9cee6de4-93b3-46a7-a018-90f60d705ebb,48.8,47.166578566897904,100.61855670103093,1.633421433102093
rest_daily_b0a59a0abf0c6f21,9cee6de4-93b3-46a7-a018-90f60d705ebb,ridge_numpy_fallback,prior_history_plus_caffeine,leave_one_athlete_out:9cee6de4-93b3-46a7-a018-90f60d705ebb,49.3,47.021190429022546,101.33607399794452,2.278809570977451
rest_daily_ad64c57187148a23,9cee6de4-93b3-46a7-a018-90f60d705ebb,ridge_numpy_fallback,prior_history_plus_caffeine,leave_one_athlete_out:9cee6de4-93b3-46a7-a018-90f60d705ebb,50.0,47.140510581078374,102.45901639344262,2.8594894189216262
rest_daily_bdb6766b9448f55b,9cee6de4-93b3-46a7-a018-90f60d705ebb,ridge_numpy_fallback,prior_history_plus_caffeine,leave_one_athlete_out:9cee6de4-93b3-46a7-a018-90f60d705ebb,37.5,47.233296827621345,76.45259938837921,-9.733296827621345
rest_daily_96bd7b99fb596da4,9cee6de4-93b3-46a7-a018-90f60d705ebb,ridge_numpy_fallback,prior_history_plus_caffeine,leave_one_athlete_out:9cee6de4-93b3-46a7-a018-90f60d705ebb,48.5,46.211666948977786,99.38524590163937,2.2883330510222137
rest_daily_aa66a200e387eba4,9cee6de4-93b3-46a7-a018-90f60d705ebb,ridge_numpy_fallback,prior_history_plus_caffeine,leave_one_athlete_out:9cee6de4-93b3-46a7-a018-90f60d705ebb,45.7,45.85261666534514,93.93627954779036,-0.15261666534513552
rest_daily_b711ef41b7e72a58,8d47422f-2512-44a3-a6d6-8feb726f4759,ridge_numpy_fallback,prior_history_plus_caffeine,leave_one_athlete_out:8d47422f-2512-44a3-a6d6-8feb726f4759,32.2,30.977957974907532,102.54777070063696,1.2220420250924704
rest_daily_0056b953332cf48c,8d47422f-2512-44a3-a6d6-8feb726f4759,ridge_numpy_fallback,prior_history_plus_caffeine,leave_one_athlete_out:8d47422f-2512-44a3-a6d6-8feb726f4759,31.1,30.992367887695803,99.67948717948718,0.10763211230419856
rest_daily_9576a5f6cfbca811,8d47422f-2512-44a3-a6d6-8feb726f4759,ridge_numpy_fallback,prior_history_plus_caffeine,leave_one_athlete_out:8d47422f-2512-44a3-a6d6-8feb726f4759,31.8,30.332197209414904,102.2508038585209,1.4678027905850968
rest_daily_2b0ad7da5f00c7fb,8d47422f-2512-44a3-a6d6-8feb726f4759,ridge_numpy_fallback,prior_history_plus_caffeine,leave_one_athlete_out:8d47422f-2512-44a3-a6d6-8feb726f4759,30.5,30.374883762749203,97.6,0.125116237250797
rest_daily_cdf2c1790b6b6b77,ec3fc0a0-ab15-4c0c-b1ad-5243c6e5636f,ridge_numpy_fallback,prior_history_plus_caffeine,leave_one_athlete_out:ec3fc0a0-ab15-4c0c-b1ad-5243c6e5636f,30.1,28.777931101461697,103.08219178082192,1.322068898538305
rest_daily_cd58435642eb8af3,ec3fc0a0-ab15-4c0c-b1ad-5243c6e5636f,ridge_numpy_fallback,prior_history_plus_caffeine,leave_one_athlete_out:ec3fc0a0-ab15-4c0c-b1ad-5243c6e5636f,31.4,28.93874964975442,105.90219224283304,2.461250350245578
rest_daily_f086eef85301ad30,ec3fc0a0-ab15-4c0c-b1ad-5243c6e5636f,ridge_numpy_fallback,prior_history_plus_caffeine,leave_one_athlete_out:ec3fc0a0-ab15-4c0c-b1ad-5243c6e5636f,32.9,29.328656442221416,109.30232558139534,3.571343557778583
rest_daily_c1dfb58557a561b2,ec3fc0a0-ab15-4c0c-b1ad-5243c6e5636f,ridge_numpy_fallback,prior_history_plus_caffeine,leave_one_athlete_out:ec3fc0a0-ab15-4c0c-b1ad-5243c6e5636f,31.8,29.97769886572885,105.4726368159204,1.8223011342711501
rest_daily_c72954ac52f3c08e,ec3fc0a0-ab15-4c0c-b1ad-5243c6e5636f,ridge_numpy_fallback,prior_history_plus_caffeine,leave_one_athlete_out:ec3fc0a0-ab15-4c0c-b1ad-5243c6e5636f,31.9,30.109556666797825,105.62913907284768,1.7904433332021732
rest_daily_50f6f1543ffe74e1,ec3fc0a0-ab15-4c0c-b1ad-5243c6e5636f,ridge_numpy_fallback,prior_history_plus_caffeine,leave_one_athlete_out:ec3fc0a0-ab15-4c0c-b1ad-5243c6e5636f,29.8,30.319461057205892,96.75324675324676,-0.5194610572058913
rest_daily_6c805b4dd0c2cf3f,f2b08928-a410-4d1d-9f19-1f8c063a6311,ridge_numpy_fallback,prior_history_plus_caffeine,leave_one_athlete_out:f2b08928-a410-4d1d-9f19-1f8c063a6311,31.5,31.049078806280537,100.0,0.4509211937194628
rest_daily_f4e5f2267c6c0457,86fed448-f51d-4005-aef8-bd9413933cbe,ridge_numpy_fallback,prior_history_plus_caffeine,leave_one_athlete_out:86fed448-f51d-4005-aef8-bd9413933cbe,29.2,30.086966705494373,95.4248366013072,-0.8869667054943733
rest_daily_1b54b101c18e95b5,86fed448-f51d-4005-aef8-bd9413933cbe,ridge_numpy_fallback,prior_history_plus_caffeine,leave_one_athlete_out:86fed448-f51d-4005-aef8-bd9413933cbe,30.7,29.09060949516935,101.65562913907284,1.6093905048306496
rest_daily_7f7a9baf479d195c,86fed448-f51d-4005-aef8-bd9413933cbe,ridge_numpy_fallback,prior_history_plus_caffeine,leave_one_athlete_out:86fed448-f51d-4005-aef8-bd9413933cbe,32.4,29.621558719990134,105.88235294117646,2.778441280009865
rest_daily_f98b6f0e56bf0285,86fed448-f51d-4005-aef8-bd9413933cbe,ridge_numpy_fallback,prior_history_plus_caffeine,leave_one_athlete_out:86fed448-f51d-4005-aef8-bd9413933cbe,30.7,29.789066686995476,100.163132137031,0.9109333130045236
rest_daily_5091bf99d5924eac,86fed448-f51d-4005-aef8-bd9413933cbe,ridge_numpy_fallback,prior_history_plus_caffeine,leave_one_athlete_out:86fed448-f51d-4005-aef8-bd9413933cbe,31.8,29.786997727101227,103.5830618892508,2.013002272898774
rest_daily_472237620c8063bf,86fed448-f51d-4005-aef8-bd9413933cbe,ridge_numpy_fallback,prior_history_plus_caffeine,leave_one_athlete_out:86fed448-f51d-4005-aef8-bd9413933cbe,29.8,29.765734291530542,97.0684039087948,0.034265708469458644
rest_daily_a309a15592c25132,86fed448-f51d-4005-aef8-bd9413933cbe,ridge_numpy_fallback,prior_history_plus_caffeine,leave_one_athlete_out:86fed448-f51d-4005-aef8-bd9413933cbe,30.1,29.490478676174092,98.0456026058632,0.6095213238259092
rest_daily_bea3758949606720,86fed448-f51d-4005-aef8-bd9413933cbe,ridge_numpy_fallback,prior_history_plus_caffeine,leave_one_athlete_out:86fed448-f51d-4005-aef8-bd9413933cbe,33.6,29.028711100416885,109.62479608482872,4.5712888995831165
rest_daily_82442f8e52aa8256,a2d89dcf-6bd1-445b-bc9c-7ac6b852a9fc,ridge_numpy_fallback,prior_history_plus_caffeine,leave_one_athlete_out:a2d89dcf-6bd1-445b-bc9c-7ac6b852a9fc,25.2,27.887504913247735,94.73684210526316,-2.6875049132477358
rest_daily_baa5ee6cfc8f59b5,a2d89dcf-6bd1-445b-bc9c-7ac6b852a9fc,ridge_numpy_fallback,prior_history_plus_caffeine,leave_one_athlete_out:a2d89dcf-6bd1-445b-bc9c-7ac6b852a9fc,26.0,27.877096884569617,100.3861003861004,-1.8770968845696174
rest_daily_9afc4bb4cc991ef9,a2d89dcf-6bd1-445b-bc9c-7ac6b852a9fc,ridge_numpy_fallback,prior_history_plus_caffeine,leave_one_athlete_out:a2d89dcf-6bd1-445b-bc9c-7ac6b852a9fc,25.9,26.893070252546906,99.6153846153846,-0.9930702525469073
rest_daily_7f8eb3142fb05b5e,a2d89dcf-6bd1-445b-bc9c-7ac6b852a9fc,ridge_numpy_fallback,prior_history_plus_caffeine,leave_one_athlete_out:a2d89dcf-6bd1-445b-bc9c-7ac6b852a9fc,27.3,27.042393857013806,105.20231213872832,0.25760614298619444
rest_daily_1c3acd1f7c8cf85f,a2d89dcf-6bd1-445b-bc9c-7ac6b852a9fc,ridge_numpy_fallback,prior_history_plus_caffeine,leave_one_athlete_out:a2d89dcf-6bd1-445b-bc9c-7ac6b852a9fc,26.1,26.622266227938173,100.3846153846154,-0.5222662279381716
rest_daily_a5cab1550d5946e9,a2d89dcf-6bd1-445b-bc9c-7ac6b852a9fc,ridge_numpy_fallback,prior_history_plus_caffeine,leave_one_athlete_out:a2d89dcf-6bd1-445b-bc9c-7ac6b852a9fc,26.1,27.063334829777315,100.1919385796545,-0.9633348297773132
rest_daily_1a821f8053bae41e,6a2ca03c-e61b-4589-a931-58f5e25aacd8,ridge_numpy_fallback,prior_history_plus_caffeine,leave_one_athlete_out:6a2ca03c-e61b-4589-a931-58f5e25aacd8,35.0,35.17823292507146,96.9529085872576,-0.1782329250714625
rest_daily_1fdf1d5bbe31da02,957de0b1-7ee9-437c-b47b-dffd09b6653a,ridge_numpy_fallback,prior_history_plus_caffeine,leave_one_athlete_out:957de0b1-7ee9-437c-b47b-dffd09b6653a,26.4,27.835680828047135,98.50746268656717,-1.4356808280471363
rest_daily_ce8b5b7b591dd0fd,957de0b1-7ee9-437c-b47b-dffd09b6653a,ridge_numpy_fallback,prior_history_plus_caffeine,leave_one_athlete_out:957de0b1-7ee9-437c-b47b-dffd09b6653a,24.2,27.148903182512324,90.29850746268656,-2.948903182512325
rest_daily_5725581e019f5fa6,957de0b1-7ee9-437c-b47b-dffd09b6653a,ridge_numpy_fallback,prior_history_plus_caffeine,leave_one_athlete_out:957de0b1-7ee9-437c-b47b-dffd09b6653a,25.2,27.144403066302228,94.02985074626864,-1.944403066302229
rest_daily_9fdde10651bde0b4,957de0b1-7ee9-437c-b47b-dffd09b6653a,ridge_numpy_fallback,prior_history_plus_caffeine,leave_one_athlete_out:957de0b1-7ee9-437c-b47b-dffd09b6653a,25.9,26.474305585960163,96.64179104477611,-0.5743055859601647
rest_daily_4cc527b910742f5f,957de0b1-7ee9-437c-b47b-dffd09b6653a,ridge_numpy_fallback,prior_history_plus_caffeine,leave_one_athlete_out:957de0b1-7ee9-437c-b47b-dffd09b6653a,24.4,26.19931772974504,91.72932330827066,-1.7993177297450416
rest_daily_a682083333fcffda,957de0b1-7ee9-437c-b47b-dffd09b6653a,ridge_numpy_fallback,prior_history_plus_caffeine,leave_one_athlete_out:957de0b1-7ee9-437c-b47b-dffd09b6653a,26.0,25.865247154297332,98.48484848484848,0.13475284570266766
rest_daily_baad225df3d4f040,957de0b1-7ee9-437c-b47b-dffd09b6653a,ridge_numpy_fallback,prior_history_plus_caffeine,leave_one_athlete_out:957de0b1-7ee9-437c-b47b-dffd09b6653a,27.5,25.45897603582571,104.9618320610687,2.0410239641742898
rest_daily_24526a257b340324,957de0b1-7ee9-437c-b47b-dffd09b6653a,ridge_numpy_fallback,prior_history_plus_caffeine,leave_one_athlete_out:957de0b1-7ee9-437c-b47b-dffd09b6653a,27.2,25.52366061991179,103.03030303030305,1.6763393800882085
rest_daily_f51837b525fe2758,957de0b1-7ee9-437c-b47b-dffd09b6653a,ridge_numpy_fallback,prior_history_plus_caffeine,leave_one_athlete_out:957de0b1-7ee9-437c-b47b-dffd09b6653a,27.5,25.43656868819664,103.38345864661652,2.0634313118033596
rest_daily_44c060af4bc142ed,e362b878-9920-4dcf-9ab7-687a194a821c,ridge_numpy_fallback,prior_history_plus_caffeine,leave_one_athlete_out:e362b878-9920-4dcf-9ab7-687a194a821c,35.0,35.18072367795519,97.76536312849164,-0.18072367795519284
rest_daily_e1f7ae429e1b28de,e362b878-9920-4dcf-9ab7-687a194a821c,ridge_numpy_fallback,prior_history_plus_caffeine,leave_one_athlete_out:e362b878-9920-4dcf-9ab7-687a194a821c,32.8,35.01737643225053,91.8767507002801,-2.217376432250532
rest_daily_23de18e0c8746cd7,e362b878-9920-4dcf-9ab7-687a194a821c,ridge_numpy_fallback,prior_history_plus_caffeine,leave_one_athlete_out:e362b878-9920-4dcf-9ab7-687a194a821c,35.3,35.265871318815655,99.1573033707865,0.03412868118434176
rest_daily_19d7ba07a6d15f62,e362b878-9920-4dcf-9ab7-687a194a821c,ridge_numpy_fallback,prior_history_plus_caffeine,leave_one_athlete_out:e362b878-9920-4dcf-9ab7-687a194a821c,32.0,34.57489155521383,90.26798307475316,-2.5748915552138314
rest_daily_6f1321ab0e065ca1,e362b878-9920-4dcf-9ab7-687a194a821c,ridge_numpy_fallback,prior_history_plus_caffeine,leave_one_athlete_out:e362b878-9920-4dcf-9ab7-687a194a821c,32.6,34.59418795784339,92.35127478753542,-1.994187957843387
rest_daily_8b1130c2e482bf87,e362b878-9920-4dcf-9ab7-687a194a821c,ridge_numpy_fallback,prior_history_plus_caffeine,leave_one_athlete_out:e362b878-9920-4dcf-9ab7-687a194a821c,30.7,33.6460768218191,87.33997155049786,-2.9460768218191014
rest_daily_aac7a0cea32a78f6,e362b878-9920-4dcf-9ab7-687a194a821c,ridge_numpy_fallback,prior_history_plus_caffeine,leave_one_athlete_out:e362b878-9920-4dcf-9ab7-687a194a821c,33.5,33.06888295879131,102.13414634146342,0.43111704120868666
rest_daily_6f910bb9a01cd557,687552ea-5963-45df-8680-c4c6058eab87,ridge_numpy_fallback,prior_history_plus_caffeine,leave_one_athlete_out:687552ea-5963-45df-8680-c4c6058eab87,35.7,38.64578004458397,91.7737789203085,-2.9457800445839695
rest_daily_21d41c9eaff91990,687552ea-5963-45df-8680-c4c6058eab87,ridge_numpy_fallback,prior_history_plus_caffeine,leave_one_athlete_out:687552ea-5963-45df-8680-c4c6058eab87,43.9,37.68264140495665,117.06666666666666,6.2173585950433505
rest_daily_12a68c9036898205,687552ea-5963-45df-8680-c4c6058eab87,ridge_numpy_fallback,prior_history_plus_caffeine,leave_one_athlete_out:687552ea-5963-45df-8680-c4c6058eab87,42.7,38.94510857340701,109.76863753213368,3.754891426592991
rest_daily_e3c98654c7975c33,687552ea-5963-45df-8680-c4c6058eab87,ridge_numpy_fallback,prior_history_plus_caffeine,leave_one_athlete_out:687552ea-5963-45df-8680-c4c6058eab87,41.3,39.57544208890017,101.9753086419753,1.7245579110998293
rest_daily_bb1d299fe508ad69,687552ea-5963-45df-8680-c4c6058eab87,ridge_numpy_fallback,prior_history_plus_caffeine,leave_one_athlete_out:687552ea-5963-45df-8680-c4c6058eab87,36.8,39.65589521122109,89.10411622276028,-2.855895211221096
rest_daily_1b6135ddcedae6ca,687552ea-5963-45df-8680-c4c6058eab87,ridge_numpy_fallback,prior_history_plus_caffeine,leave_one_athlete_out:687552ea-5963-45df-8680-c4c6058eab87,36.4,39.08344609879277,90.77306733167084,-2.6834460987927713
rest_daily_b5aee6d21878a523,687552ea-5963-45df-8680-c4c6058eab87,ridge_numpy_fallback,prior_history_plus_caffeine,leave_one_athlete_out:687552ea-5963-45df-8680-c4c6058eab87,37.5,38.48241039540331,96.40102827763496,-0.9824103954033134
rest_daily_a157f3bb920fa92f,c887cb7e-63cf-4dc2-9fd2-8429137ba44b,ridge_numpy_fallback,prior_history_plus_caffeine,leave_one_athlete_out:c887cb7e-63cf-4dc2-9fd2-8429137ba44b,30.7,27.351923196298678,116.2878787878788,3.3480768037013213
rest_daily_b8e40341f54d9616,c887cb7e-63cf-4dc2-9fd2-8429137ba44b,ridge_numpy_fallback,prior_history_plus_caffeine,leave_one_athlete_out:c887cb7e-63cf-4dc2-9fd2-8429137ba44b,28.1,28.48197617456066,102.1818181818182,-0.38197617456065913
rest_daily_1759366c50384ac7,c887cb7e-63cf-4dc2-9fd2-8429137ba44b,ridge_numpy_fallback,prior_history_plus_caffeine,leave_one_athlete_out:c887cb7e-63cf-4dc2-9fd2-8429137ba44b,30.0,28.29721661423952,106.76156583629891,1.7027833857604797
rest_daily_0663b3b3ac8bbc8c,c887cb7e-63cf-4dc2-9fd2-8429137ba44b,ridge_numpy_fallback,prior_history_plus_caffeine,leave_one_athlete_out:c887cb7e-63cf-4dc2-9fd2-8429137ba44b,28.5,28.38957974432613,100.52910052910052,0.11042025567386915
rest_daily_64860edccfee005f,c887cb7e-63cf-4dc2-9fd2-8429137ba44b,ridge_numpy_fallback,prior_history_plus_caffeine,leave_one_athlete_out:c887cb7e-63cf-4dc2-9fd2-8429137ba44b,28.5,28.37607429010388,100.0,0.1239257098961204
rest_daily_b66d89d81131cac9,c887cb7e-63cf-4dc2-9fd2-8429137ba44b,ridge_numpy_fallback,prior_history_plus_caffeine,leave_one_athlete_out:c887cb7e-63cf-4dc2-9fd2-8429137ba44b,26.6,28.425259053736976,93.33333333333331,-1.8252590537369748
rest_daily_462b7d0d1d4cce3d,c887cb7e-63cf-4dc2-9fd2-8429137ba44b,ridge_numpy_fallback,prior_history_plus_caffeine,leave_one_athlete_out:c887cb7e-63cf-4dc2-9fd2-8429137ba44b,24.4,27.89590251528839,85.6140350877193,-3.4959025152883925
rest_daily_6f2bd48791757d01,e6e4e3b9-5cfa-42c6-a4cd-0f96561de3eb,ridge_numpy_fallback,prior_history_plus_caffeine,leave_one_athlete_out:e6e4e3b9-5cfa-42c6-a4cd-0f96561de3eb,32.5,32.83242887546292,100.61919504643964,-0.33242887546291655
rest_daily_02d5b5624ca2a01d,e6e4e3b9-5cfa-42c6-a4cd-0f96561de3eb,ridge_numpy_fallback,prior_history_plus_caffeine,leave_one_athlete_out:e6e4e3b9-5cfa-42c6-a4cd-0f96561de3eb,30.3,32.58454450455842,93.51851851851852,-2.284544504558422
rest_daily_5a6dee4fcd56dbce,e6e4e3b9-5cfa-42c6-a4cd-0f96561de3eb,ridge_numpy_fallback,prior_history_plus_caffeine,leave_one_athlete_out:e6e4e3b9-5cfa-42c6-a4cd-0f96561de3eb,32.5,32.184986895427734,100.61919504643964,0.31501310457226595
rest_daily_ab17f1fc7853a9d6,e6e4e3b9-5cfa-42c6-a4cd-0f96561de3eb,ridge_numpy_fallback,prior_history_plus_caffeine,leave_one_athlete_out:e6e4e3b9-5cfa-42c6-a4cd-0f96561de3eb,29.9,32.07584175644038,92.28395061728396,-2.1758417564403842
rest_daily_9f0c016dc4398960,e6e4e3b9-5cfa-42c6-a4cd-0f96561de3eb,ridge_numpy_fallback,prior_history_plus_caffeine,leave_one_athlete_out:e6e4e3b9-5cfa-42c6-a4cd-0f96561de3eb,25.9,31.764395116023806,80.1857585139319,-5.8643951160238075
rest_daily_0454c91c3fc710e8,e6e4e3b9-5cfa-42c6-a4cd-0f96561de3eb,ridge_numpy_fallback,prior_history_plus_caffeine,leave_one_athlete_out:e6e4e3b9-5cfa-42c6-a4cd-0f96561de3eb,30.8,31.48882225796779,97.62282091917592,-0.6888222579677894
rest_daily_d6526cc6a798964b,efa2dbe6-24c0-4500-8b7b-1d5d14e1d271,ridge_numpy_fallback,prior_history_plus_caffeine,leave_one_athlete_out:efa2dbe6-24c0-4500-8b7b-1d5d14e1d271,35.2,33.41706761398482,105.07462686567166,1.7829323860151831
rest_daily_1041700280114f2c,efa2dbe6-24c0-4500-8b7b-1d5d14e1d271,ridge_numpy_fallback,prior_history_plus_caffeine,leave_one_athlete_out:efa2dbe6-24c0-4500-8b7b-1d5d14e1d271,29.2,33.41853526300597,85.50512445095168,-4.218535263005972
rest_daily_3cf67d5887d878f8,efa2dbe6-24c0-4500-8b7b-1d5d14e1d271,ridge_numpy_fallback,prior_history_plus_caffeine,leave_one_athlete_out:efa2dbe6-24c0-4500-8b7b-1d5d14e1d271,31.5,32.91660148319862,94.311377245509,-1.416601483198619
rest_daily_82682445d3ee10d1,fd0c9e61-cb99-4d60-ab37-b4b3f5ac60d2,ridge_numpy_fallback,prior_history_plus_caffeine,leave_one_athlete_out:fd0c9e61-cb99-4d60-ab37-b4b3f5ac60d2,36.4,36.65555662559266,96.55172413793105,-0.2555566255926607
rest_daily_05f48e6e719ac92e,fd0c9e61-cb99-4d60-ab37-b4b3f5ac60d2,ridge_numpy_fallback,prior_history_plus_caffeine,leave_one_athlete_out:fd0c9e61-cb99-4d60-ab37-b4b3f5ac60d2,34.4,36.65800705054556,92.84750337381917,-2.258007050545558
rest_daily_efc572538dfe1a10,fd0c9e61-cb99-4d60-ab37-b4b3f5ac60d2,ridge_numpy_fallback,prior_history_plus_caffeine,leave_one_athlete_out:fd0c9e61-cb99-4d60-ab37-b4b3f5ac60d2,36.3,35.836496196299784,99.72527472527472,0.46350380370021327
rest_daily_01b75bd63b9e0e56,fd0c9e61-cb99-4d60-ab37-b4b3f5ac60d2,ridge_numpy_fallback,prior_history_plus_caffeine,leave_one_athlete_out:fd0c9e61-cb99-4d60-ab37-b4b3f5ac60d2,37.2,35.99350752338629,102.33837689133428,1.206492476613711
rest_daily_7c83bde87c5be749,fd0c9e61-cb99-4d60-ab37-b4b3f5ac60d2,ridge_numpy_fallback,prior_history_plus_caffeine,leave_one_athlete_out:fd0c9e61-cb99-4d60-ab37-b4b3f5ac60d2,35.3,35.89360782260865,96.97802197802196,-0.5936078226086536
rest_daily_568874402ae121a6,fd0c9e61-cb99-4d60-ab37-b4b3f5ac60d2,ridge_numpy_fallback,prior_history_plus_caffeine,leave_one_athlete_out:fd0c9e61-cb99-4d60-ab37-b4b3f5ac60d2,38.6,35.600829467752774,106.18982118294362,2.999170532247227
rest_daily_e6273f94a99ad120,fd0c9e61-cb99-4d60-ab37-b4b3f5ac60d2,ridge_numpy_fallback,prior_history_plus_caffeine,leave_one_athlete_out:fd0c9e61-cb99-4d60-ab37-b4b3f5ac60d2,36.5,35.31923815111704,100.27472527472528,1.180761848882959
rest_daily_addc070e41582078,fd0c9e61-cb99-4d60-ab37-b4b3f5ac60d2,ridge_numpy_fallback,prior_history_plus_caffeine,leave_one_athlete_out:fd0c9e61-cb99-4d60-ab37-b4b3f5ac60d2,35.8,35.53595072899298,98.21673525377228,0.2640492710070177
rest_daily_e0fe6a57d5ba3bee,2068e7ec-51a8-441a-8053-2be7533e613f,ridge_numpy_fallback,prior_history_plus_caffeine,leave_one_athlete_out:2068e7ec-51a8-441a-8053-2be7533e613f,45.9,43.11403114251485,101.32450331125828,2.7859688574851518
rest_daily_d493fee7cfdb999b,2068e7ec-51a8-441a-8053-2be7533e613f,ridge_numpy_fallback,prior_history_plus_caffeine,leave_one_athlete_out:2068e7ec-51a8-441a-8053-2be7533e613f,44.2,42.04948439792322,98.33147942157952,2.15051560207678
rest_daily_302c1fbaac2944d8,2068e7ec-51a8-441a-8053-2be7533e613f,ridge_numpy_fallback,prior_history_plus_caffeine,leave_one_athlete_out:2068e7ec-51a8-441a-8053-2be7533e613f,40.4,41.829619428388185,90.5829596412556,-1.429619428388186
rest_daily_91c3ba85eea8d163,2068e7ec-51a8-441a-8053-2be7533e613f,ridge_numpy_fallback,prior_history_plus_caffeine,leave_one_athlete_out:2068e7ec-51a8-441a-8053-2be7533e613f,43.9,41.71040784738473,98.4304932735426,2.189592152615269
rest_daily_0a396a843fa902b0,2068e7ec-51a8-441a-8053-2be7533e613f,ridge_numpy_fallback,prior_history_plus_caffeine,leave_one_athlete_out:2068e7ec-51a8-441a-8053-2be7533e613f,43.3,41.47777813698456,97.08520179372196,1.8222218630154359
rest_daily_96bd7b99fb596da4,9cee6de4-93b3-46a7-a018-90f60d705ebb,ridge_numpy_fallback,prior_history_plus_caffeine,chronological_holdout:last_30pct_per_athlete_min_1,48.5,47.76040816338013,99.38524590163937,0.7395918366198728
rest_daily_aa66a200e387eba4,9cee6de4-93b3-46a7-a018-90f60d705ebb,ridge_numpy_fallback,prior_history_plus_caffeine,chronological_holdout:last_30pct_per_athlete_min_1,45.7,47.369359330870026,93.93627954779036,-1.669359330870023
rest_daily_9576a5f6cfbca811,8d47422f-2512-44a3-a6d6-8feb726f4759,ridge_numpy_fallback,prior_history_plus_caffeine,chronological_holdout:last_30pct_per_athlete_min_1,31.8,30.085554548531345,102.2508038585209,1.7144454514686558
rest_daily_2b0ad7da5f00c7fb,8d47422f-2512-44a3-a6d6-8feb726f4759,ridge_numpy_fallback,prior_history_plus_caffeine,chronological_holdout:last_30pct_per_athlete_min_1,30.5,29.677315265360846,97.6,0.8226847346391537
rest_daily_c72954ac52f3c08e,ec3fc0a0-ab15-4c0c-b1ad-5243c6e5636f,ridge_numpy_fallback,prior_history_plus_caffeine,chronological_holdout:last_30pct_per_athlete_min_1,31.9,30.483209233590305,105.62913907284768,1.4167907664096937
rest_daily_50f6f1543ffe74e1,ec3fc0a0-ab15-4c0c-b1ad-5243c6e5636f,ridge_numpy_fallback,prior_history_plus_caffeine,chronological_holdout:last_30pct_per_athlete_min_1,29.8,30.083480458660226,96.75324675324676,-0.2834804586602253
rest_daily_6c805b4dd0c2cf3f,f2b08928-a410-4d1d-9f19-1f8c063a6311,ridge_numpy_fallback,prior_history_plus_caffeine,chronological_holdout:last_30pct_per_athlete_min_1,31.5,31.277080824533215,100.0,0.2229191754667852
rest_daily_472237620c8063bf,86fed448-f51d-4005-aef8-bd9413933cbe,ridge_numpy_fallback,prior_history_plus_caffeine,chronological_holdout:last_30pct_per_athlete_min_1,29.8,29.743088165973557,97.0684039087948,0.05691183402644384
rest_daily_a309a15592c25132,86fed448-f51d-4005-aef8-bd9413933cbe,ridge_numpy_fallback,prior_history_plus_caffeine,chronological_holdout:last_30pct_per_athlete_min_1,30.1,29.403406382957815,98.0456026058632,0.6965936170421863
rest_daily_bea3758949606720,86fed448-f51d-4005-aef8-bd9413933cbe,ridge_numpy_fallback,prior_history_plus_caffeine,chronological_holdout:last_30pct_per_athlete_min_1,33.6,28.874374474509064,109.62479608482872,4.725625525490937
rest_daily_1c3acd1f7c8cf85f,a2d89dcf-6bd1-445b-bc9c-7ac6b852a9fc,ridge_numpy_fallback,prior_history_plus_caffeine,chronological_holdout:last_30pct_per_athlete_min_1,26.1,25.869893874338345,100.3846153846154,0.23010612566165634
rest_daily_a5cab1550d5946e9,a2d89dcf-6bd1-445b-bc9c-7ac6b852a9fc,ridge_numpy_fallback,prior_history_plus_caffeine,chronological_holdout:last_30pct_per_athlete_min_1,26.1,25.7391357665261,100.1919385796545,0.36086423347390095
rest_daily_1a821f8053bae41e,6a2ca03c-e61b-4589-a931-58f5e25aacd8,ridge_numpy_fallback,prior_history_plus_caffeine,chronological_holdout:last_30pct_per_athlete_min_1,35.0,36.04499587383085,96.9529085872576,-1.0449958738308496
rest_daily_baad225df3d4f040,957de0b1-7ee9-437c-b47b-dffd09b6653a,ridge_numpy_fallback,prior_history_plus_caffeine,chronological_holdout:last_30pct_per_athlete_min_1,27.5,24.8358247035057,104.9618320610687,2.6641752964942995
rest_daily_24526a257b340324,957de0b1-7ee9-437c-b47b-dffd09b6653a,ridge_numpy_fallback,prior_history_plus_caffeine,chronological_holdout:last_30pct_per_athlete_min_1,27.2,25.196887863251252,103.03030303030305,2.003112136748747
rest_daily_f51837b525fe2758,957de0b1-7ee9-437c-b47b-dffd09b6653a,ridge_numpy_fallback,prior_history_plus_caffeine,chronological_holdout:last_30pct_per_athlete_min_1,27.5,24.668196396429405,103.38345864661652,2.831803603570595
rest_daily_6f1321ab0e065ca1,e362b878-9920-4dcf-9ab7-687a194a821c,ridge_numpy_fallback,prior_history_plus_caffeine,chronological_holdout:last_30pct_per_athlete_min_1,32.6,33.91161659353405,92.35127478753542,-1.3116165935340476
rest_daily_8b1130c2e482bf87,e362b878-9920-4dcf-9ab7-687a194a821c,ridge_numpy_fallback,prior_history_plus_caffeine,chronological_holdout:last_30pct_per_athlete_min_1,30.7,33.56116026984628,87.33997155049786,-2.861160269846284
rest_daily_aac7a0cea32a78f6,e362b878-9920-4dcf-9ab7-687a194a821c,ridge_numpy_fallback,prior_history_plus_caffeine,chronological_holdout:last_30pct_per_athlete_min_1,33.5,31.685455146575617,102.13414634146342,1.8145448534243833
rest_daily_bb1d299fe508ad69,687552ea-5963-45df-8680-c4c6058eab87,ridge_numpy_fallback,prior_history_plus_caffeine,chronological_holdout:last_30pct_per_athlete_min_1,36.8,40.46237008543429,89.10411622276028,-3.66237008543429
rest_daily_1b6135ddcedae6ca,687552ea-5963-45df-8680-c4c6058eab87,ridge_numpy_fallback,prior_history_plus_caffeine,chronological_holdout:last_30pct_per_athlete_min_1,36.4,39.65533688018604,90.77306733167084,-3.255336880186043
rest_daily_b5aee6d21878a523,687552ea-5963-45df-8680-c4c6058eab87,ridge_numpy_fallback,prior_history_plus_caffeine,chronological_holdout:last_30pct_per_athlete_min_1,37.5,38.78385384518539,96.40102827763496,-1.2838538451853907
rest_daily_64860edccfee005f,c887cb7e-63cf-4dc2-9fd2-8429137ba44b,ridge_numpy_fallback,prior_history_plus_caffeine,chronological_holdout:last_30pct_per_athlete_min_1,28.5,28.47892714479064,100.0,0.021072855209361308
rest_daily_b66d89d81131cac9,c887cb7e-63cf-4dc2-9fd2-8429137ba44b,ridge_numpy_fallback,prior_history_plus_caffeine,chronological_holdout:last_30pct_per_athlete_min_1,26.6,27.767467144609547,93.33333333333331,-1.167467144609546
rest_daily_462b7d0d1d4cce3d,c887cb7e-63cf-4dc2-9fd2-8429137ba44b,ridge_numpy_fallback,prior_history_plus_caffeine,chronological_holdout:last_30pct_per_athlete_min_1,24.4,27.359560144978385,85.6140350877193,-2.9595601449783864
rest_daily_9f0c016dc4398960,e6e4e3b9-5cfa-42c6-a4cd-0f96561de3eb,ridge_numpy_fallback,prior_history_plus_caffeine,chronological_holdout:last_30pct_per_athlete_min_1,25.9,31.544547651180356,80.1857585139319,-5.644547651180357
rest_daily_0454c91c3fc710e8,e6e4e3b9-5cfa-42c6-a4cd-0f96561de3eb,ridge_numpy_fallback,prior_history_plus_caffeine,chronological_holdout:last_30pct_per_athlete_min_1,30.8,31.461674997459934,97.62282091917592,-0.661674997459933
rest_daily_3cf67d5887d878f8,efa2dbe6-24c0-4500-8b7b-1d5d14e1d271,ridge_numpy_fallback,prior_history_plus_caffeine,chronological_holdout:last_30pct_per_athlete_min_1,31.5,32.820885084934844,94.311377245509,-1.3208850849348437
rest_daily_568874402ae121a6,fd0c9e61-cb99-4d60-ab37-b4b3f5ac60d2,ridge_numpy_fallback,prior_history_plus_caffeine,chronological_holdout:last_30pct_per_athlete_min_1,38.6,34.6015715641713,106.18982118294362,3.9984284358287
rest_daily_e6273f94a99ad120,fd0c9e61-cb99-4d60-ab37-b4b3f5ac60d2,ridge_numpy_fallback,prior_history_plus_caffeine,chronological_holdout:last_30pct_per_athlete_min_1,36.5,34.565412699304254,100.27472527472528,1.9345873006957461
rest_daily_addc070e41582078,fd0c9e61-cb99-4d60-ab37-b4b3f5ac60d2,ridge_numpy_fallback,prior_history_plus_caffeine,chronological_holdout:last_30pct_per_athlete_min_1,35.8,34.2572804789282,98.21673525377228,1.5427195210717954
rest_daily_91c3ba85eea8d163,2068e7ec-51a8-441a-8053-2be7533e613f,ridge_numpy_fallback,prior_history_plus_caffeine,chronological_holdout:last_30pct_per_athlete_min_1,43.9,41.428758772557025,98.4304932735426,2.471241227442974
rest_daily_0a396a843fa902b0,2068e7ec-51a8-441a-8053-2be7533e613f,ridge_numpy_fallback,prior_history_plus_caffeine,chronological_holdout:last_30pct_per_athlete_min_1,43.3,41.07272024422019,97.08520179372196,2.2272797557798043
rest_daily_a4f0947d555bcfe1,9cee6de4-93b3-46a7-a018-90f60d705ebb,ridge_numpy_fallback,prior_history_plus_wellness,leave_one_athlete_out:9cee6de4-93b3-46a7-a018-90f60d705ebb,48.8,47.86382318314733,100.61855670103093,0.9361768168526652
rest_daily_b0a59a0abf0c6f21,9cee6de4-93b3-46a7-a018-90f60d705ebb,ridge_numpy_fallback,prior_history_plus_wellness,leave_one_athlete_out:9cee6de4-93b3-46a7-a018-90f60d705ebb,49.3,47.78709027161896,101.33607399794452,1.5129097283810395
rest_daily_ad64c57187148a23,9cee6de4-93b3-46a7-a018-90f60d705ebb,ridge_numpy_fallback,prior_history_plus_wellness,leave_one_athlete_out:9cee6de4-93b3-46a7-a018-90f60d705ebb,50.0,47.683355231298094,102.45901639344262,2.316644768701906
rest_daily_bdb6766b9448f55b,9cee6de4-93b3-46a7-a018-90f60d705ebb,ridge_numpy_fallback,prior_history_plus_wellness,leave_one_athlete_out:9cee6de4-93b3-46a7-a018-90f60d705ebb,37.5,46.81406669381493,76.45259938837921,-9.31406669381493
rest_daily_96bd7b99fb596da4,9cee6de4-93b3-46a7-a018-90f60d705ebb,ridge_numpy_fallback,prior_history_plus_wellness,leave_one_athlete_out:9cee6de4-93b3-46a7-a018-90f60d705ebb,48.5,47.41631206529813,99.38524590163937,1.0836879347018709
rest_daily_aa66a200e387eba4,9cee6de4-93b3-46a7-a018-90f60d705ebb,ridge_numpy_fallback,prior_history_plus_wellness,leave_one_athlete_out:9cee6de4-93b3-46a7-a018-90f60d705ebb,45.7,46.64107923898082,93.93627954779036,-0.9410792389808194
rest_daily_b711ef41b7e72a58,8d47422f-2512-44a3-a6d6-8feb726f4759,ridge_numpy_fallback,prior_history_plus_wellness,leave_one_athlete_out:8d47422f-2512-44a3-a6d6-8feb726f4759,32.2,30.82441317103375,102.54777070063696,1.3755868289662523
rest_daily_0056b953332cf48c,8d47422f-2512-44a3-a6d6-8feb726f4759,ridge_numpy_fallback,prior_history_plus_wellness,leave_one_athlete_out:8d47422f-2512-44a3-a6d6-8feb726f4759,31.1,28.473743080844702,99.67948717948718,2.626256919155299
rest_daily_9576a5f6cfbca811,8d47422f-2512-44a3-a6d6-8feb726f4759,ridge_numpy_fallback,prior_history_plus_wellness,leave_one_athlete_out:8d47422f-2512-44a3-a6d6-8feb726f4759,31.8,31.001702530071647,102.2508038585209,0.7982974699283538
rest_daily_2b0ad7da5f00c7fb,8d47422f-2512-44a3-a6d6-8feb726f4759,ridge_numpy_fallback,prior_history_plus_wellness,leave_one_athlete_out:8d47422f-2512-44a3-a6d6-8feb726f4759,30.5,30.48417981531057,97.6,0.01582018468943147
rest_daily_cdf2c1790b6b6b77,ec3fc0a0-ab15-4c0c-b1ad-5243c6e5636f,ridge_numpy_fallback,prior_history_plus_wellness,leave_one_athlete_out:ec3fc0a0-ab15-4c0c-b1ad-5243c6e5636f,30.1,29.39418732272496,103.08219178082192,0.7058126772750413
rest_daily_cd58435642eb8af3,ec3fc0a0-ab15-4c0c-b1ad-5243c6e5636f,ridge_numpy_fallback,prior_history_plus_wellness,leave_one_athlete_out:ec3fc0a0-ab15-4c0c-b1ad-5243c6e5636f,31.4,29.832359360187954,105.90219224283304,1.5676406398120442
rest_daily_f086eef85301ad30,ec3fc0a0-ab15-4c0c-b1ad-5243c6e5636f,ridge_numpy_fallback,prior_history_plus_wellness,leave_one_athlete_out:ec3fc0a0-ab15-4c0c-b1ad-5243c6e5636f,32.9,27.721409037024472,109.30232558139534,5.178590962975527
rest_daily_c1dfb58557a561b2,ec3fc0a0-ab15-4c0c-b1ad-5243c6e5636f,ridge_numpy_fallback,prior_history_plus_wellness,leave_one_athlete_out:ec3fc0a0-ab15-4c0c-b1ad-5243c6e5636f,31.8,31.08476485265917,105.4726368159204,0.7152351473408309
rest_daily_c72954ac52f3c08e,ec3fc0a0-ab15-4c0c-b1ad-5243c6e5636f,ridge_numpy_fallback,prior_history_plus_wellness,leave_one_athlete_out:ec3fc0a0-ab15-4c0c-b1ad-5243c6e5636f,31.9,30.86015392446113,105.62913907284768,1.0398460755388683
rest_daily_50f6f1543ffe74e1,ec3fc0a0-ab15-4c0c-b1ad-5243c6e5636f,ridge_numpy_fallback,prior_history_plus_wellness,leave_one_athlete_out:ec3fc0a0-ab15-4c0c-b1ad-5243c6e5636f,29.8,30.538950002106816,96.75324675324676,-0.7389500021068152
rest_daily_6c805b4dd0c2cf3f,f2b08928-a410-4d1d-9f19-1f8c063a6311,ridge_numpy_fallback,prior_history_plus_wellness,leave_one_athlete_out:f2b08928-a410-4d1d-9f19-1f8c063a6311,31.5,31.813239643785174,100.0,-0.3132396437851739
rest_daily_f4e5f2267c6c0457,86fed448-f51d-4005-aef8-bd9413933cbe,ridge_numpy_fallback,prior_history_plus_wellness,leave_one_athlete_out:86fed448-f51d-4005-aef8-bd9413933cbe,29.2,30.749339379011122,95.4248366013072,-1.5493393790111227
rest_daily_1b54b101c18e95b5,86fed448-f51d-4005-aef8-bd9413933cbe,ridge_numpy_fallback,prior_history_plus_wellness,leave_one_athlete_out:86fed448-f51d-4005-aef8-bd9413933cbe,30.7,30.002270571249458,101.65562913907284,0.6977294287505416
rest_daily_7f7a9baf479d195c,86fed448-f51d-4005-aef8-bd9413933cbe,ridge_numpy_fallback,prior_history_plus_wellness,leave_one_athlete_out:86fed448-f51d-4005-aef8-bd9413933cbe,32.4,29.937467187061543,105.88235294117646,2.4625328129384556
rest_daily_f98b6f0e56bf0285,86fed448-f51d-4005-aef8-bd9413933cbe,ridge_numpy_fallback,prior_history_plus_wellness,leave_one_athlete_out:86fed448-f51d-4005-aef8-bd9413933cbe,30.7,30.995639044447472,100.163132137031,-0.2956390444474728
rest_daily_5091bf99d5924eac,86fed448-f51d-4005-aef8-bd9413933cbe,ridge_numpy_fallback,prior_history_plus_wellness,leave_one_athlete_out:86fed448-f51d-4005-aef8-bd9413933cbe,31.8,29.00746004541271,103.5830618892508,2.7925399545872907
rest_daily_472237620c8063bf,86fed448-f51d-4005-aef8-bd9413933cbe,ridge_numpy_fallback,prior_history_plus_wellness,leave_one_athlete_out:86fed448-f51d-4005-aef8-bd9413933cbe,29.8,30.11405629936816,97.0684039087948,-0.3140562993681577
rest_daily_a309a15592c25132,86fed448-f51d-4005-aef8-bd9413933cbe,ridge_numpy_fallback,prior_history_plus_wellness,leave_one_athlete_out:86fed448-f51d-4005-aef8-bd9413933cbe,30.1,28.329527308278507,98.0456026058632,1.7704726917214941
rest_daily_bea3758949606720,86fed448-f51d-4005-aef8-bd9413933cbe,ridge_numpy_fallback,prior_history_plus_wellness,leave_one_athlete_out:86fed448-f51d-4005-aef8-bd9413933cbe,33.6,29.820966590227197,109.62479608482872,3.779033409772804
rest_daily_82442f8e52aa8256,a2d89dcf-6bd1-445b-bc9c-7ac6b852a9fc,ridge_numpy_fallback,prior_history_plus_wellness,leave_one_athlete_out:a2d89dcf-6bd1-445b-bc9c-7ac6b852a9fc,25.2,27.484651431386823,94.73684210526316,-2.2846514313868234
rest_daily_baa5ee6cfc8f59b5,a2d89dcf-6bd1-445b-bc9c-7ac6b852a9fc,ridge_numpy_fallback,prior_history_plus_wellness,leave_one_athlete_out:a2d89dcf-6bd1-445b-bc9c-7ac6b852a9fc,26.0,26.98126100473344,100.3861003861004,-0.9812610047334402
rest_daily_9afc4bb4cc991ef9,a2d89dcf-6bd1-445b-bc9c-7ac6b852a9fc,ridge_numpy_fallback,prior_history_plus_wellness,leave_one_athlete_out:a2d89dcf-6bd1-445b-bc9c-7ac6b852a9fc,25.9,26.914120666380086,99.6153846153846,-1.0141206663800872
rest_daily_7f8eb3142fb05b5e,a2d89dcf-6bd1-445b-bc9c-7ac6b852a9fc,ridge_numpy_fallback,prior_history_plus_wellness,leave_one_athlete_out:a2d89dcf-6bd1-445b-bc9c-7ac6b852a9fc,27.3,26.895944824513027,105.20231213872832,0.4040551754869739
rest_daily_1c3acd1f7c8cf85f,a2d89dcf-6bd1-445b-bc9c-7ac6b852a9fc,ridge_numpy_fallback,prior_history_plus_wellness,leave_one_athlete_out:a2d89dcf-6bd1-445b-bc9c-7ac6b852a9fc,26.1,25.58428988665294,100.3846153846154,0.5157101133470618
rest_daily_a5cab1550d5946e9,a2d89dcf-6bd1-445b-bc9c-7ac6b852a9fc,ridge_numpy_fallback,prior_history_plus_wellness,leave_one_athlete_out:a2d89dcf-6bd1-445b-bc9c-7ac6b852a9fc,26.1,25.794903945194836,100.1919385796545,0.30509605480516555
rest_daily_1a821f8053bae41e,6a2ca03c-e61b-4589-a931-58f5e25aacd8,ridge_numpy_fallback,prior_history_plus_wellness,leave_one_athlete_out:6a2ca03c-e61b-4589-a931-58f5e25aacd8,35.0,36.3364284905854,96.9529085872576,-1.3364284905853978
rest_daily_1fdf1d5bbe31da02,957de0b1-7ee9-437c-b47b-dffd09b6653a,ridge_numpy_fallback,prior_history_plus_wellness,leave_one_athlete_out:957de0b1-7ee9-437c-b47b-dffd09b6653a,26.4,27.94610808154878,98.50746268656717,-1.5461080815487804
rest_daily_ce8b5b7b591dd0fd,957de0b1-7ee9-437c-b47b-dffd09b6653a,ridge_numpy_fallback,prior_history_plus_wellness,leave_one_athlete_out:957de0b1-7ee9-437c-b47b-dffd09b6653a,24.2,26.7754553361438,90.29850746268656,-2.5754553361438006
rest_daily_5725581e019f5fa6,957de0b1-7ee9-437c-b47b-dffd09b6653a,ridge_numpy_fallback,prior_history_plus_wellness,leave_one_athlete_out:957de0b1-7ee9-437c-b47b-dffd09b6653a,25.2,27.303305818049882,94.02985074626864,-2.1033058180498827
rest_daily_9fdde10651bde0b4,957de0b1-7ee9-437c-b47b-dffd09b6653a,ridge_numpy_fallback,prior_history_plus_wellness,leave_one_athlete_out:957de0b1-7ee9-437c-b47b-dffd09b6653a,25.9,28.12026451390406,96.64179104477611,-2.2202645139040627
rest_daily_4cc527b910742f5f,957de0b1-7ee9-437c-b47b-dffd09b6653a,ridge_numpy_fallback,prior_history_plus_wellness,leave_one_athlete_out:957de0b1-7ee9-437c-b47b-dffd09b6653a,24.4,23.469974732862752,91.72932330827066,0.9300252671372462
rest_daily_a682083333fcffda,957de0b1-7ee9-437c-b47b-dffd09b6653a,ridge_numpy_fallback,prior_history_plus_wellness,leave_one_athlete_out:957de0b1-7ee9-437c-b47b-dffd09b6653a,26.0,27.085928533500688,98.48484848484848,-1.085928533500688
rest_daily_baad225df3d4f040,957de0b1-7ee9-437c-b47b-dffd09b6653a,ridge_numpy_fallback,prior_history_plus_wellness,leave_one_athlete_out:957de0b1-7ee9-437c-b47b-dffd09b6653a,27.5,23.33792432926993,104.9618320610687,4.162075670730069
rest_daily_24526a257b340324,957de0b1-7ee9-437c-b47b-dffd09b6653a,ridge_numpy_fallback,prior_history_plus_wellness,leave_one_athlete_out:957de0b1-7ee9-437c-b47b-dffd09b6653a,27.2,26.082942060367557,103.03030303030305,1.117057939632442
rest_daily_f51837b525fe2758,957de0b1-7ee9-437c-b47b-dffd09b6653a,ridge_numpy_fallback,prior_history_plus_wellness,leave_one_athlete_out:957de0b1-7ee9-437c-b47b-dffd09b6653a,27.5,26.397557417252063,103.38345864661652,1.102442582747937
rest_daily_44c060af4bc142ed,e362b878-9920-4dcf-9ab7-687a194a821c,ridge_numpy_fallback,prior_history_plus_wellness,leave_one_athlete_out:e362b878-9920-4dcf-9ab7-687a194a821c,35.0,35.00142951867094,97.76536312849164,-0.0014295186709389895
rest_daily_e1f7ae429e1b28de,e362b878-9920-4dcf-9ab7-687a194a821c,ridge_numpy_fallback,prior_history_plus_wellness,leave_one_athlete_out:e362b878-9920-4dcf-9ab7-687a194a821c,32.8,36.38738753973958,91.8767507002801,-3.5873875397395807
rest_daily_23de18e0c8746cd7,e362b878-9920-4dcf-9ab7-687a194a821c,ridge_numpy_fallback,prior_history_plus_wellness,leave_one_athlete_out:e362b878-9920-4dcf-9ab7-687a194a821c,35.3,35.14695328221466,99.1573033707865,0.15304671778533674
rest_daily_19d7ba07a6d15f62,e362b878-9920-4dcf-9ab7-687a194a821c,ridge_numpy_fallback,prior_history_plus_wellness,leave_one_athlete_out:e362b878-9920-4dcf-9ab7-687a194a821c,32.0,34.31332590002757,90.26798307475316,-2.3133259000275714
rest_daily_6f1321ab0e065ca1,e362b878-9920-4dcf-9ab7-687a194a821c,ridge_numpy_fallback,prior_history_plus_wellness,leave_one_athlete_out:e362b878-9920-4dcf-9ab7-687a194a821c,32.6,34.25934710793205,92.35127478753542,-1.6593471079320494
rest_daily_8b1130c2e482bf87,e362b878-9920-4dcf-9ab7-687a194a821c,ridge_numpy_fallback,prior_history_plus_wellness,leave_one_athlete_out:e362b878-9920-4dcf-9ab7-687a194a821c,30.7,32.73866111056007,87.33997155049786,-2.038661110560067
rest_daily_aac7a0cea32a78f6,e362b878-9920-4dcf-9ab7-687a194a821c,ridge_numpy_fallback,prior_history_plus_wellness,leave_one_athlete_out:e362b878-9920-4dcf-9ab7-687a194a821c,33.5,33.27404703464549,102.13414634146342,0.2259529653545087
rest_daily_6f910bb9a01cd557,687552ea-5963-45df-8680-c4c6058eab87,ridge_numpy_fallback,prior_history_plus_wellness,leave_one_athlete_out:687552ea-5963-45df-8680-c4c6058eab87,35.7,37.66785624510148,91.7737789203085,-1.9678562451014798
rest_daily_21d41c9eaff91990,687552ea-5963-45df-8680-c4c6058eab87,ridge_numpy_fallback,prior_history_plus_wellness,leave_one_athlete_out:687552ea-5963-45df-8680-c4c6058eab87,43.9,37.39299693881493,117.06666666666666,6.507003061185067
rest_daily_12a68c9036898205,687552ea-5963-45df-8680-c4c6058eab87,ridge_numpy_fallback,prior_history_plus_wellness,leave_one_athlete_out:687552ea-5963-45df-8680-c4c6058eab87,42.7,38.18584287264586,109.76863753213368,4.514157127354146
rest_daily_e3c98654c7975c33,687552ea-5963-45df-8680-c4c6058eab87,ridge_numpy_fallback,prior_history_plus_wellness,leave_one_athlete_out:687552ea-5963-45df-8680-c4c6058eab87,41.3,39.004802615435445,101.9753086419753,2.2951973845645526
rest_daily_bb1d299fe508ad69,687552ea-5963-45df-8680-c4c6058eab87,ridge_numpy_fallback,prior_history_plus_wellness,leave_one_athlete_out:687552ea-5963-45df-8680-c4c6058eab87,36.8,37.54208392412863,89.10411622276028,-0.7420839241286359
rest_daily_1b6135ddcedae6ca,687552ea-5963-45df-8680-c4c6058eab87,ridge_numpy_fallback,prior_history_plus_wellness,leave_one_athlete_out:687552ea-5963-45df-8680-c4c6058eab87,36.4,38.76402058378617,90.77306733167084,-2.3640205837861714
rest_daily_b5aee6d21878a523,687552ea-5963-45df-8680-c4c6058eab87,ridge_numpy_fallback,prior_history_plus_wellness,leave_one_athlete_out:687552ea-5963-45df-8680-c4c6058eab87,37.5,38.42483735766321,96.40102827763496,-0.9248373576632076
rest_daily_a157f3bb920fa92f,c887cb7e-63cf-4dc2-9fd2-8429137ba44b,ridge_numpy_fallback,prior_history_plus_wellness,leave_one_athlete_out:c887cb7e-63cf-4dc2-9fd2-8429137ba44b,30.7,28.029464255425168,116.2878787878788,2.6705357445748312
rest_daily_b8e40341f54d9616,c887cb7e-63cf-4dc2-9fd2-8429137ba44b,ridge_numpy_fallback,prior_history_plus_wellness,leave_one_athlete_out:c887cb7e-63cf-4dc2-9fd2-8429137ba44b,28.1,28.45541737301909,102.1818181818182,-0.3554173730190868
rest_daily_1759366c50384ac7,c887cb7e-63cf-4dc2-9fd2-8429137ba44b,ridge_numpy_fallback,prior_history_plus_wellness,leave_one_athlete_out:c887cb7e-63cf-4dc2-9fd2-8429137ba44b,30.0,28.54407439939346,106.76156583629891,1.455925600606541
rest_daily_0663b3b3ac8bbc8c,c887cb7e-63cf-4dc2-9fd2-8429137ba44b,ridge_numpy_fallback,prior_history_plus_wellness,leave_one_athlete_out:c887cb7e-63cf-4dc2-9fd2-8429137ba44b,28.5,28.514870402534207,100.52910052910052,-0.014870402534207017
rest_daily_64860edccfee005f,c887cb7e-63cf-4dc2-9fd2-8429137ba44b,ridge_numpy_fallback,prior_history_plus_wellness,leave_one_athlete_out:c887cb7e-63cf-4dc2-9fd2-8429137ba44b,28.5,27.43334575742441,100.0,1.0666542425755914
rest_daily_b66d89d81131cac9,c887cb7e-63cf-4dc2-9fd2-8429137ba44b,ridge_numpy_fallback,prior_history_plus_wellness,leave_one_athlete_out:c887cb7e-63cf-4dc2-9fd2-8429137ba44b,26.6,28.24858064971702,93.33333333333331,-1.6485806497170188
rest_daily_462b7d0d1d4cce3d,c887cb7e-63cf-4dc2-9fd2-8429137ba44b,ridge_numpy_fallback,prior_history_plus_wellness,leave_one_athlete_out:c887cb7e-63cf-4dc2-9fd2-8429137ba44b,24.4,29.136186335061556,85.6140350877193,-4.736186335061557
rest_daily_6f2bd48791757d01,e6e4e3b9-5cfa-42c6-a4cd-0f96561de3eb,ridge_numpy_fallback,prior_history_plus_wellness,leave_one_athlete_out:e6e4e3b9-5cfa-42c6-a4cd-0f96561de3eb,32.5,33.55539305371715,100.61919504643964,-1.0553930537171468
rest_daily_02d5b5624ca2a01d,e6e4e3b9-5cfa-42c6-a4cd-0f96561de3eb,ridge_numpy_fallback,prior_history_plus_wellness,leave_one_athlete_out:e6e4e3b9-5cfa-42c6-a4cd-0f96561de3eb,30.3,32.65773626847214,93.51851851851852,-2.3577362684721415
rest_daily_5a6dee4fcd56dbce,e6e4e3b9-5cfa-42c6-a4cd-0f96561de3eb,ridge_numpy_fallback,prior_history_plus_wellness,leave_one_athlete_out:e6e4e3b9-5cfa-42c6-a4cd-0f96561de3eb,32.5,32.155844304385084,100.61919504643964,0.34415569561491566
rest_daily_ab17f1fc7853a9d6,e6e4e3b9-5cfa-42c6-a4cd-0f96561de3eb,ridge_numpy_fallback,prior_history_plus_wellness,leave_one_athlete_out:e6e4e3b9-5cfa-42c6-a4cd-0f96561de3eb,29.9,31.337445766856792,92.28395061728396,-1.4374457668567935
rest_daily_9f0c016dc4398960,e6e4e3b9-5cfa-42c6-a4cd-0f96561de3eb,ridge_numpy_fallback,prior_history_plus_wellness,leave_one_athlete_out:e6e4e3b9-5cfa-42c6-a4cd-0f96561de3eb,25.9,31.241288698909603,80.1857585139319,-5.3412886989096044
rest_daily_0454c91c3fc710e8,e6e4e3b9-5cfa-42c6-a4cd-0f96561de3eb,ridge_numpy_fallback,prior_history_plus_wellness,leave_one_athlete_out:e6e4e3b9-5cfa-42c6-a4cd-0f96561de3eb,30.8,31.21142271992216,97.62282091917592,-0.41142271992216095
rest_daily_d6526cc6a798964b,efa2dbe6-24c0-4500-8b7b-1d5d14e1d271,ridge_numpy_fallback,prior_history_plus_wellness,leave_one_athlete_out:efa2dbe6-24c0-4500-8b7b-1d5d14e1d271,35.2,34.53258786836877,105.07462686567166,0.6674121316312309
rest_daily_1041700280114f2c,efa2dbe6-24c0-4500-8b7b-1d5d14e1d271,ridge_numpy_fallback,prior_history_plus_wellness,leave_one_athlete_out:efa2dbe6-24c0-4500-8b7b-1d5d14e1d271,29.2,33.09187621822013,85.50512445095168,-3.89187621822013
rest_daily_3cf67d5887d878f8,efa2dbe6-24c0-4500-8b7b-1d5d14e1d271,ridge_numpy_fallback,prior_history_plus_wellness,leave_one_athlete_out:efa2dbe6-24c0-4500-8b7b-1d5d14e1d271,31.5,34.63286304851912,94.311377245509,-3.13286304851912
rest_daily_82682445d3ee10d1,fd0c9e61-cb99-4d60-ab37-b4b3f5ac60d2,ridge_numpy_fallback,prior_history_plus_wellness,leave_one_athlete_out:fd0c9e61-cb99-4d60-ab37-b4b3f5ac60d2,36.4,35.76517047751451,96.55172413793105,0.6348295224854894
rest_daily_05f48e6e719ac92e,fd0c9e61-cb99-4d60-ab37-b4b3f5ac60d2,ridge_numpy_fallback,prior_history_plus_wellness,leave_one_athlete_out:fd0c9e61-cb99-4d60-ab37-b4b3f5ac60d2,34.4,35.33194405939243,92.84750337381917,-0.9319440593924284
rest_daily_efc572538dfe1a10,fd0c9e61-cb99-4d60-ab37-b4b3f5ac60d2,ridge_numpy_fallback,prior_history_plus_wellness,leave_one_athlete_out:fd0c9e61-cb99-4d60-ab37-b4b3f5ac60d2,36.3,34.90295639057781,99.72527472527472,1.3970436094221839
rest_daily_01b75bd63b9e0e56,fd0c9e61-cb99-4d60-ab37-b4b3f5ac60d2,ridge_numpy_fallback,prior_history_plus_wellness,leave_one_athlete_out:fd0c9e61-cb99-4d60-ab37-b4b3f5ac60d2,37.2,34.72051895510725,102.33837689133428,2.4794810448927507
rest_daily_7c83bde87c5be749,fd0c9e61-cb99-4d60-ab37-b4b3f5ac60d2,ridge_numpy_fallback,prior_history_plus_wellness,leave_one_athlete_out:fd0c9e61-cb99-4d60-ab37-b4b3f5ac60d2,35.3,33.50704363215166,96.97802197802196,1.7929563678483404
rest_daily_568874402ae121a6,fd0c9e61-cb99-4d60-ab37-b4b3f5ac60d2,ridge_numpy_fallback,prior_history_plus_wellness,leave_one_athlete_out:fd0c9e61-cb99-4d60-ab37-b4b3f5ac60d2,38.6,34.56092881342498,106.18982118294362,4.039071186575022
rest_daily_e6273f94a99ad120,fd0c9e61-cb99-4d60-ab37-b4b3f5ac60d2,ridge_numpy_fallback,prior_history_plus_wellness,leave_one_athlete_out:fd0c9e61-cb99-4d60-ab37-b4b3f5ac60d2,36.5,34.290376868357015,100.27472527472528,2.209623131642985
rest_daily_addc070e41582078,fd0c9e61-cb99-4d60-ab37-b4b3f5ac60d2,ridge_numpy_fallback,prior_history_plus_wellness,leave_one_athlete_out:fd0c9e61-cb99-4d60-ab37-b4b3f5ac60d2,35.8,34.59596458526877,98.21673525377228,1.20403541473123
rest_daily_e0fe6a57d5ba3bee,2068e7ec-51a8-441a-8053-2be7533e613f,ridge_numpy_fallback,prior_history_plus_wellness,leave_one_athlete_out:2068e7ec-51a8-441a-8053-2be7533e613f,45.9,42.989133822642614,101.32450331125828,2.9108661773573843
rest_daily_d493fee7cfdb999b,2068e7ec-51a8-441a-8053-2be7533e613f,ridge_numpy_fallback,prior_history_plus_wellness,leave_one_athlete_out:2068e7ec-51a8-441a-8053-2be7533e613f,44.2,42.49193390645183,98.33147942157952,1.708066093548176
rest_daily_302c1fbaac2944d8,2068e7ec-51a8-441a-8053-2be7533e613f,ridge_numpy_fallback,prior_history_plus_wellness,leave_one_athlete_out:2068e7ec-51a8-441a-8053-2be7533e613f,40.4,40.59571284186864,90.5829596412556,-0.1957128418686409
rest_daily_91c3ba85eea8d163,2068e7ec-51a8-441a-8053-2be7533e613f,ridge_numpy_fallback,prior_history_plus_wellness,leave_one_athlete_out:2068e7ec-51a8-441a-8053-2be7533e613f,43.9,42.486463332097415,98.4304932735426,1.4135366679025836
rest_daily_0a396a843fa902b0,2068e7ec-51a8-441a-8053-2be7533e613f,ridge_numpy_fallback,prior_history_plus_wellness,leave_one_athlete_out:2068e7ec-51a8-441a-8053-2be7533e613f,43.3,42.799167574729445,97.08520179372196,0.500832425270552
rest_daily_96bd7b99fb596da4,9cee6de4-93b3-46a7-a018-90f60d705ebb,ridge_numpy_fallback,prior_history_plus_wellness,chronological_holdout:last_30pct_per_athlete_min_1,48.5,49.025425887503104,99.38524590163937,-0.5254258875031041
rest_daily_aa66a200e387eba4,9cee6de4-93b3-46a7-a018-90f60d705ebb,ridge_numpy_fallback,prior_history_plus_wellness,chronological_holdout:last_30pct_per_athlete_min_1,45.7,48.09533903752944,93.93627954779036,-2.395339037529439
rest_daily_9576a5f6cfbca811,8d47422f-2512-44a3-a6d6-8feb726f4759,ridge_numpy_fallback,prior_history_plus_wellness,chronological_holdout:last_30pct_per_athlete_min_1,31.8,30.707240363913847,102.2508038585209,1.0927596360861536
rest_daily_2b0ad7da5f00c7fb,8d47422f-2512-44a3-a6d6-8feb726f4759,ridge_numpy_fallback,prior_history_plus_wellness,chronological_holdout:last_30pct_per_athlete_min_1,30.5,30.43270933966348,97.6,0.06729066033652131
rest_daily_c72954ac52f3c08e,ec3fc0a0-ab15-4c0c-b1ad-5243c6e5636f,ridge_numpy_fallback,prior_history_plus_wellness,chronological_holdout:last_30pct_per_athlete_min_1,31.9,30.108642304043464,105.62913907284768,1.7913576959565347
rest_daily_50f6f1543ffe74e1,ec3fc0a0-ab15-4c0c-b1ad-5243c6e5636f,ridge_numpy_fallback,prior_history_plus_wellness,chronological_holdout:last_30pct_per_athlete_min_1,29.8,30.320680788903804,96.75324675324676,-0.5206807889038032
rest_daily_6c805b4dd0c2cf3f,f2b08928-a410-4d1d-9f19-1f8c063a6311,ridge_numpy_fallback,prior_history_plus_wellness,chronological_holdout:last_30pct_per_athlete_min_1,31.5,31.63330001183489,100.0,-0.1333000118348906
rest_daily_472237620c8063bf,86fed448-f51d-4005-aef8-bd9413933cbe,ridge_numpy_fallback,prior_history_plus_wellness,chronological_holdout:last_30pct_per_athlete_min_1,29.8,30.541316105923386,97.0684039087948,-0.741316105923385
rest_daily_a309a15592c25132,86fed448-f51d-4005-aef8-bd9413933cbe,ridge_numpy_fallback,prior_history_plus_wellness,chronological_holdout:last_30pct_per_athlete_min_1,30.1,29.519778966350298,98.0456026058632,0.5802210336497033
rest_daily_bea3758949606720,86fed448-f51d-4005-aef8-bd9413933cbe,ridge_numpy_fallback,prior_history_plus_wellness,chronological_holdout:last_30pct_per_athlete_min_1,33.6,30.622643272655445,109.62479608482872,2.9773567273445565
rest_daily_1c3acd1f7c8cf85f,a2d89dcf-6bd1-445b-bc9c-7ac6b852a9fc,ridge_numpy_fallback,prior_history_plus_wellness,chronological_holdout:last_30pct_per_athlete_min_1,26.1,23.218270961962695,100.3846153846154,2.8817290380373066
rest_daily_a5cab1550d5946e9,a2d89dcf-6bd1-445b-bc9c-7ac6b852a9fc,ridge_numpy_fallback,prior_history_plus_wellness,chronological_holdout:last_30pct_per_athlete_min_1,26.1,23.895480824428432,100.1919385796545,2.204519175571569
rest_daily_1a821f8053bae41e,6a2ca03c-e61b-4589-a931-58f5e25aacd8,ridge_numpy_fallback,prior_history_plus_wellness,chronological_holdout:last_30pct_per_athlete_min_1,35.0,37.4302290578256,96.9529085872576,-2.430229057825599
rest_daily_baad225df3d4f040,957de0b1-7ee9-437c-b47b-dffd09b6653a,ridge_numpy_fallback,prior_history_plus_wellness,chronological_holdout:last_30pct_per_athlete_min_1,27.5,23.401449746513485,104.9618320610687,4.098550253486515
rest_daily_24526a257b340324,957de0b1-7ee9-437c-b47b-dffd09b6653a,ridge_numpy_fallback,prior_history_plus_wellness,chronological_holdout:last_30pct_per_athlete_min_1,27.2,25.95738078078329,103.03030303030305,1.24261921921671
rest_daily_f51837b525fe2758,957de0b1-7ee9-437c-b47b-dffd09b6653a,ridge_numpy_fallback,prior_history_plus_wellness,chronological_holdout:last_30pct_per_athlete_min_1,27.5,26.285662888738784,103.38345864661652,1.2143371112612158
rest_daily_6f1321ab0e065ca1,e362b878-9920-4dcf-9ab7-687a194a821c,ridge_numpy_fallback,prior_history_plus_wellness,chronological_holdout:last_30pct_per_athlete_min_1,32.6,33.81212918740462,92.35127478753542,-1.2121291874046207
rest_daily_8b1130c2e482bf87,e362b878-9920-4dcf-9ab7-687a194a821c,ridge_numpy_fallback,prior_history_plus_wellness,chronological_holdout:last_30pct_per_athlete_min_1,30.7,32.17104409102565,87.33997155049786,-1.4710440910256501
rest_daily_aac7a0cea32a78f6,e362b878-9920-4dcf-9ab7-687a194a821c,ridge_numpy_fallback,prior_history_plus_wellness,chronological_holdout:last_30pct_per_athlete_min_1,33.5,35.448046434990864,102.13414634146342,-1.9480464349908644
rest_daily_bb1d299fe508ad69,687552ea-5963-45df-8680-c4c6058eab87,ridge_numpy_fallback,prior_history_plus_wellness,chronological_holdout:last_30pct_per_athlete_min_1,36.8,39.462145295332334,89.10411622276028,-2.662145295332337
rest_daily_1b6135ddcedae6ca,687552ea-5963-45df-8680-c4c6058eab87,ridge_numpy_fallback,prior_history_plus_wellness,chronological_holdout:last_30pct_per_athlete_min_1,36.4,40.29039565684996,90.77306733167084,-3.890395656849961
rest_daily_b5aee6d21878a523,687552ea-5963-45df-8680-c4c6058eab87,ridge_numpy_fallback,prior_history_plus_wellness,chronological_holdout:last_30pct_per_athlete_min_1,37.5,40.698273624563,96.40102827763496,-3.198273624563001
rest_daily_64860edccfee005f,c887cb7e-63cf-4dc2-9fd2-8429137ba44b,ridge_numpy_fallback,prior_history_plus_wellness,chronological_holdout:last_30pct_per_athlete_min_1,28.5,27.722952106166584,100.0,0.7770478938334158
rest_daily_b66d89d81131cac9,c887cb7e-63cf-4dc2-9fd2-8429137ba44b,ridge_numpy_fallback,prior_history_plus_wellness,chronological_holdout:last_30pct_per_athlete_min_1,26.6,28.57295672767046,93.33333333333331,-1.9729567276704572
rest_daily_462b7d0d1d4cce3d,c887cb7e-63cf-4dc2-9fd2-8429137ba44b,ridge_numpy_fallback,prior_history_plus_wellness,chronological_holdout:last_30pct_per_athlete_min_1,24.4,29.295756702407942,85.6140350877193,-4.895756702407944
rest_daily_9f0c016dc4398960,e6e4e3b9-5cfa-42c6-a4cd-0f96561de3eb,ridge_numpy_fallback,prior_history_plus_wellness,chronological_holdout:last_30pct_per_athlete_min_1,25.9,32.36284861235767,80.1857585139319,-6.462848612357675
rest_daily_0454c91c3fc710e8,e6e4e3b9-5cfa-42c6-a4cd-0f96561de3eb,ridge_numpy_fallback,prior_history_plus_wellness,chronological_holdout:last_30pct_per_athlete_min_1,30.8,31.83687977515799,97.62282091917592,-1.0368797751579883
rest_daily_3cf67d5887d878f8,efa2dbe6-24c0-4500-8b7b-1d5d14e1d271,ridge_numpy_fallback,prior_history_plus_wellness,chronological_holdout:last_30pct_per_athlete_min_1,31.5,34.40477284262506,94.311377245509,-2.904772842625057
rest_daily_568874402ae121a6,fd0c9e61-cb99-4d60-ab37-b4b3f5ac60d2,ridge_numpy_fallback,prior_history_plus_wellness,chronological_holdout:last_30pct_per_athlete_min_1,38.6,34.57265590053959,106.18982118294362,4.027344099460414
rest_daily_e6273f94a99ad120,fd0c9e61-cb99-4d60-ab37-b4b3f5ac60d2,ridge_numpy_fallback,prior_history_plus_wellness,chronological_holdout:last_30pct_per_athlete_min_1,36.5,34.010729004354985,100.27472527472528,2.4892709956450148
rest_daily_addc070e41582078,fd0c9e61-cb99-4d60-ab37-b4b3f5ac60d2,ridge_numpy_fallback,prior_history_plus_wellness,chronological_holdout:last_30pct_per_athlete_min_1,35.8,34.39344406329783,98.21673525377228,1.4065559367021692
rest_daily_91c3ba85eea8d163,2068e7ec-51a8-441a-8053-2be7533e613f,ridge_numpy_fallback,prior_history_plus_wellness,chronological_holdout:last_30pct_per_athlete_min_1,43.9,43.09898508733035,98.4304932735426,0.8010149126696504
rest_daily_0a396a843fa902b0,2068e7ec-51a8-441a-8053-2be7533e613f,ridge_numpy_fallback,prior_history_plus_wellness,chronological_holdout:last_30pct_per_athlete_min_1,43.3,44.63266511133267,97.08520179372196,-1.3326651113326733
rest_daily_a4f0947d555bcfe1,9cee6de4-93b3-46a7-a018-90f60d705ebb,ridge_numpy_fallback,prior_history_plus_match_context,leave_one_athlete_out:9cee6de4-93b3-46a7-a018-90f60d705ebb,48.8,47.84929851504844,100.61855670103093,0.9507014849515585
rest_daily_b0a59a0abf0c6f21,9cee6de4-93b3-46a7-a018-90f60d705ebb,ridge_numpy_fallback,prior_history_plus_match_context,leave_one_athlete_out:9cee6de4-93b3-46a7-a018-90f60d705ebb,49.3,48.24666085224852,101.33607399794452,1.0533391477514797
rest_daily_ad64c57187148a23,9cee6de4-93b3-46a7-a018-90f60d705ebb,ridge_numpy_fallback,prior_history_plus_match_context,leave_one_athlete_out:9cee6de4-93b3-46a7-a018-90f60d705ebb,50.0,47.48048735095748,102.45901639344262,2.519512649042518
rest_daily_bdb6766b9448f55b,9cee6de4-93b3-46a7-a018-90f60d705ebb,ridge_numpy_fallback,prior_history_plus_match_context,leave_one_athlete_out:9cee6de4-93b3-46a7-a018-90f60d705ebb,37.5,46.91387501324901,76.45259938837921,-9.413875013249012
rest_daily_96bd7b99fb596da4,9cee6de4-93b3-46a7-a018-90f60d705ebb,ridge_numpy_fallback,prior_history_plus_match_context,leave_one_athlete_out:9cee6de4-93b3-46a7-a018-90f60d705ebb,48.5,46.48061266912164,99.38524590163937,2.0193873308783594
rest_daily_aa66a200e387eba4,9cee6de4-93b3-46a7-a018-90f60d705ebb,ridge_numpy_fallback,prior_history_plus_match_context,leave_one_athlete_out:9cee6de4-93b3-46a7-a018-90f60d705ebb,45.7,47.00965458940086,93.93627954779036,-1.309654589400857
rest_daily_b711ef41b7e72a58,8d47422f-2512-44a3-a6d6-8feb726f4759,ridge_numpy_fallback,prior_history_plus_match_context,leave_one_athlete_out:8d47422f-2512-44a3-a6d6-8feb726f4759,32.2,32.03287200941891,102.54777070063696,0.1671279905810934
rest_daily_0056b953332cf48c,8d47422f-2512-44a3-a6d6-8feb726f4759,ridge_numpy_fallback,prior_history_plus_match_context,leave_one_athlete_out:8d47422f-2512-44a3-a6d6-8feb726f4759,31.1,29.68506754317068,99.67948717948718,1.4149324568293231
rest_daily_9576a5f6cfbca811,8d47422f-2512-44a3-a6d6-8feb726f4759,ridge_numpy_fallback,prior_history_plus_match_context,leave_one_athlete_out:8d47422f-2512-44a3-a6d6-8feb726f4759,31.8,30.61457021287913,102.2508038585209,1.1854297871208708
rest_daily_2b0ad7da5f00c7fb,8d47422f-2512-44a3-a6d6-8feb726f4759,ridge_numpy_fallback,prior_history_plus_match_context,leave_one_athlete_out:8d47422f-2512-44a3-a6d6-8feb726f4759,30.5,31.01989498308872,97.6,-0.5198949830887187
rest_daily_cdf2c1790b6b6b77,ec3fc0a0-ab15-4c0c-b1ad-5243c6e5636f,ridge_numpy_fallback,prior_history_plus_match_context,leave_one_athlete_out:ec3fc0a0-ab15-4c0c-b1ad-5243c6e5636f,30.1,29.278390169989414,103.08219178082192,0.821609830010587
rest_daily_cd58435642eb8af3,ec3fc0a0-ab15-4c0c-b1ad-5243c6e5636f,ridge_numpy_fallback,prior_history_plus_match_context,leave_one_athlete_out:ec3fc0a0-ab15-4c0c-b1ad-5243c6e5636f,31.4,29.94442352826174,105.90219224283304,1.455576471738258
rest_daily_f086eef85301ad30,ec3fc0a0-ab15-4c0c-b1ad-5243c6e5636f,ridge_numpy_fallback,prior_history_plus_match_context,leave_one_athlete_out:ec3fc0a0-ab15-4c0c-b1ad-5243c6e5636f,32.9,29.412047897894304,109.30232558139534,3.4879521021056945
rest_daily_c1dfb58557a561b2,ec3fc0a0-ab15-4c0c-b1ad-5243c6e5636f,ridge_numpy_fallback,prior_history_plus_match_context,leave_one_athlete_out:ec3fc0a0-ab15-4c0c-b1ad-5243c6e5636f,31.8,30.207117912876324,105.4726368159204,1.5928820871236766
rest_daily_c72954ac52f3c08e,ec3fc0a0-ab15-4c0c-b1ad-5243c6e5636f,ridge_numpy_fallback,prior_history_plus_match_context,leave_one_athlete_out:ec3fc0a0-ab15-4c0c-b1ad-5243c6e5636f,31.9,30.269037509419853,105.62913907284768,1.6309624905801456
rest_daily_50f6f1543ffe74e1,ec3fc0a0-ab15-4c0c-b1ad-5243c6e5636f,ridge_numpy_fallback,prior_history_plus_match_context,leave_one_athlete_out:ec3fc0a0-ab15-4c0c-b1ad-5243c6e5636f,29.8,30.786060666111283,96.75324675324676,-0.9860606661112818
rest_daily_6c805b4dd0c2cf3f,f2b08928-a410-4d1d-9f19-1f8c063a6311,ridge_numpy_fallback,prior_history_plus_match_context,leave_one_athlete_out:f2b08928-a410-4d1d-9f19-1f8c063a6311,31.5,32.34516981078303,100.0,-0.8451698107830268
rest_daily_f4e5f2267c6c0457,86fed448-f51d-4005-aef8-bd9413933cbe,ridge_numpy_fallback,prior_history_plus_match_context,leave_one_athlete_out:86fed448-f51d-4005-aef8-bd9413933cbe,29.2,29.62093202277436,95.4248366013072,-0.4209320227743625
rest_daily_1b54b101c18e95b5,86fed448-f51d-4005-aef8-bd9413933cbe,ridge_numpy_fallback,prior_history_plus_match_context,leave_one_athlete_out:86fed448-f51d-4005-aef8-bd9413933cbe,30.7,29.153003012499433,101.65562913907284,1.5469969875005667
rest_daily_7f7a9baf479d195c,86fed448-f51d-4005-aef8-bd9413933cbe,ridge_numpy_fallback,prior_history_plus_match_context,leave_one_athlete_out:86fed448-f51d-4005-aef8-bd9413933cbe,32.4,30.18233485300421,105.88235294117646,2.217665146995788
rest_daily_f98b6f0e56bf0285,86fed448-f51d-4005-aef8-bd9413933cbe,ridge_numpy_fallback,prior_history_plus_match_context,leave_one_athlete_out:86fed448-f51d-4005-aef8-bd9413933cbe,30.7,30.885241879026257,100.163132137031,-0.18524187902625755
rest_daily_5091bf99d5924eac,86fed448-f51d-4005-aef8-bd9413933cbe,ridge_numpy_fallback,prior_history_plus_match_context,leave_one_athlete_out:86fed448-f51d-4005-aef8-bd9413933cbe,31.8,30.082876764391003,103.5830618892508,1.717123235608998
rest_daily_472237620c8063bf,86fed448-f51d-4005-aef8-bd9413933cbe,ridge_numpy_fallback,prior_history_plus_match_context,leave_one_athlete_out:86fed448-f51d-4005-aef8-bd9413933cbe,29.8,30.078555413646693,97.0684039087948,-0.2785554136466928
rest_daily_a309a15592c25132,86fed448-f51d-4005-aef8-bd9413933cbe,ridge_numpy_fallback,prior_history_plus_match_context,leave_one_athlete_out:86fed448-f51d-4005-aef8-bd9413933cbe,30.1,28.59574969600115,98.0456026058632,1.5042503039988517
rest_daily_bea3758949606720,86fed448-f51d-4005-aef8-bd9413933cbe,ridge_numpy_fallback,prior_history_plus_match_context,leave_one_athlete_out:86fed448-f51d-4005-aef8-bd9413933cbe,33.6,29.868089930947523,109.62479608482872,3.7319100690524785
rest_daily_82442f8e52aa8256,a2d89dcf-6bd1-445b-bc9c-7ac6b852a9fc,ridge_numpy_fallback,prior_history_plus_match_context,leave_one_athlete_out:a2d89dcf-6bd1-445b-bc9c-7ac6b852a9fc,25.2,26.72001401523198,94.73684210526316,-1.520014015231979
rest_daily_baa5ee6cfc8f59b5,a2d89dcf-6bd1-445b-bc9c-7ac6b852a9fc,ridge_numpy_fallback,prior_history_plus_match_context,leave_one_athlete_out:a2d89dcf-6bd1-445b-bc9c-7ac6b852a9fc,26.0,26.15087992332335,100.3861003861004,-0.15087992332335176
rest_daily_9afc4bb4cc991ef9,a2d89dcf-6bd1-445b-bc9c-7ac6b852a9fc,ridge_numpy_fallback,prior_history_plus_match_context,leave_one_athlete_out:a2d89dcf-6bd1-445b-bc9c-7ac6b852a9fc,25.9,26.97051550605147,99.6153846153846,-1.0705155060514713
rest_daily_7f8eb3142fb05b5e,a2d89dcf-6bd1-445b-bc9c-7ac6b852a9fc,ridge_numpy_fallback,prior_history_plus_match_context,leave_one_athlete_out:a2d89dcf-6bd1-445b-bc9c-7ac6b852a9fc,27.3,27.101615881677947,105.20231213872832,0.19838411832205338
rest_daily_1c3acd1f7c8cf85f,a2d89dcf-6bd1-445b-bc9c-7ac6b852a9fc,ridge_numpy_fallback,prior_history_plus_match_context,leave_one_athlete_out:a2d89dcf-6bd1-445b-bc9c-7ac6b852a9fc,26.1,26.593272345248202,100.3846153846154,-0.49327234524820085
rest_daily_a5cab1550d5946e9,a2d89dcf-6bd1-445b-bc9c-7ac6b852a9fc,ridge_numpy_fallback,prior_history_plus_match_context,leave_one_athlete_out:a2d89dcf-6bd1-445b-bc9c-7ac6b852a9fc,26.1,25.128168442512827,100.1919385796545,0.9718315574871745
rest_daily_1a821f8053bae41e,6a2ca03c-e61b-4589-a931-58f5e25aacd8,ridge_numpy_fallback,prior_history_plus_match_context,leave_one_athlete_out:6a2ca03c-e61b-4589-a931-58f5e25aacd8,35.0,34.542080399417145,96.9529085872576,0.45791960058285497
rest_daily_1fdf1d5bbe31da02,957de0b1-7ee9-437c-b47b-dffd09b6653a,ridge_numpy_fallback,prior_history_plus_match_context,leave_one_athlete_out:957de0b1-7ee9-437c-b47b-dffd09b6653a,26.4,26.547090014380966,98.50746268656717,-0.14709001438096792
rest_daily_ce8b5b7b591dd0fd,957de0b1-7ee9-437c-b47b-dffd09b6653a,ridge_numpy_fallback,prior_history_plus_match_context,leave_one_athlete_out:957de0b1-7ee9-437c-b47b-dffd09b6653a,24.2,26.412464278108,90.29850746268656,-2.2124642781080013
rest_daily_5725581e019f5fa6,957de0b1-7ee9-437c-b47b-dffd09b6653a,ridge_numpy_fallback,prior_history_plus_match_context,leave_one_athlete_out:957de0b1-7ee9-437c-b47b-dffd09b6653a,25.2,27.021414785793052,94.02985074626864,-1.8214147857930527
rest_daily_9fdde10651bde0b4,957de0b1-7ee9-437c-b47b-dffd09b6653a,ridge_numpy_fallback,prior_history_plus_match_context,leave_one_athlete_out:957de0b1-7ee9-437c-b47b-dffd09b6653a,25.9,27.072489590841148,96.64179104477611,-1.172489590841149
rest_daily_4cc527b910742f5f,957de0b1-7ee9-437c-b47b-dffd09b6653a,ridge_numpy_fallback,prior_history_plus_match_context,leave_one_athlete_out:957de0b1-7ee9-437c-b47b-dffd09b6653a,24.4,26.516856940667797,91.72932330827066,-2.116856940667798
rest_daily_a682083333fcffda,957de0b1-7ee9-437c-b47b-dffd09b6653a,ridge_numpy_fallback,prior_history_plus_match_context,leave_one_athlete_out:957de0b1-7ee9-437c-b47b-dffd09b6653a,26.0,25.744831291345577,98.48484848484848,0.2551687086544234
rest_daily_baad225df3d4f040,957de0b1-7ee9-437c-b47b-dffd09b6653a,ridge_numpy_fallback,prior_history_plus_match_context,leave_one_athlete_out:957de0b1-7ee9-437c-b47b-dffd09b6653a,27.5,24.210114976303693,104.9618320610687,3.289885023696307
rest_daily_24526a257b340324,957de0b1-7ee9-437c-b47b-dffd09b6653a,ridge_numpy_fallback,prior_history_plus_match_context,leave_one_athlete_out:957de0b1-7ee9-437c-b47b-dffd09b6653a,27.2,25.268306939139045,103.03030303030305,1.9316930608609546
rest_daily_f51837b525fe2758,957de0b1-7ee9-437c-b47b-dffd09b6653a,ridge_numpy_fallback,prior_history_plus_match_context,leave_one_athlete_out:957de0b1-7ee9-437c-b47b-dffd09b6653a,27.5,25.568132872732214,103.38345864661652,1.931867127267786
rest_daily_44c060af4bc142ed,e362b878-9920-4dcf-9ab7-687a194a821c,ridge_numpy_fallback,prior_history_plus_match_context,leave_one_athlete_out:e362b878-9920-4dcf-9ab7-687a194a821c,35.0,34.403559876922394,97.76536312849164,0.5964401230776062
rest_daily_e1f7ae429e1b28de,e362b878-9920-4dcf-9ab7-687a194a821c,ridge_numpy_fallback,prior_history_plus_match_context,leave_one_athlete_out:e362b878-9920-4dcf-9ab7-687a194a821c,32.8,35.573418814244135,91.8767507002801,-2.7734188142441383
rest_daily_23de18e0c8746cd7,e362b878-9920-4dcf-9ab7-687a194a821c,ridge_numpy_fallback,prior_history_plus_match_context,leave_one_athlete_out:e362b878-9920-4dcf-9ab7-687a194a821c,35.3,35.50444808299274,99.1573033707865,-0.20444808299274086
rest_daily_19d7ba07a6d15f62,e362b878-9920-4dcf-9ab7-687a194a821c,ridge_numpy_fallback,prior_history_plus_match_context,leave_one_athlete_out:e362b878-9920-4dcf-9ab7-687a194a821c,32.0,35.22570385500783,90.26798307475316,-3.225703855007829
rest_daily_6f1321ab0e065ca1,e362b878-9920-4dcf-9ab7-687a194a821c,ridge_numpy_fallback,prior_history_plus_match_context,leave_one_athlete_out:e362b878-9920-4dcf-9ab7-687a194a821c,32.6,34.373506869625594,92.35127478753542,-1.7735068696255922
rest_daily_8b1130c2e482bf87,e362b878-9920-4dcf-9ab7-687a194a821c,ridge_numpy_fallback,prior_history_plus_match_context,leave_one_athlete_out:e362b878-9920-4dcf-9ab7-687a194a821c,30.7,32.810981864829536,87.33997155049786,-2.1109818648295366
rest_daily_aac7a0cea32a78f6,e362b878-9920-4dcf-9ab7-687a194a821c,ridge_numpy_fallback,prior_history_plus_match_context,leave_one_athlete_out:e362b878-9920-4dcf-9ab7-687a194a821c,33.5,33.01279955630749,102.13414634146342,0.48720044369250814
rest_daily_6f910bb9a01cd557,687552ea-5963-45df-8680-c4c6058eab87,ridge_numpy_fallback,prior_history_plus_match_context,leave_one_athlete_out:687552ea-5963-45df-8680-c4c6058eab87,35.7,38.21944182604092,91.7737789203085,-2.519441826040918
rest_daily_21d41c9eaff91990,687552ea-5963-45df-8680-c4c6058eab87,ridge_numpy_fallback,prior_history_plus_match_context,leave_one_athlete_out:687552ea-5963-45df-8680-c4c6058eab87,43.9,37.93123999521929,117.06666666666666,5.968760004780705
rest_daily_12a68c9036898205,687552ea-5963-45df-8680-c4c6058eab87,ridge_numpy_fallback,prior_history_plus_match_context,leave_one_athlete_out:687552ea-5963-45df-8680-c4c6058eab87,42.7,39.57698745032488,109.76863753213368,3.123012549675124
rest_daily_e3c98654c7975c33,687552ea-5963-45df-8680-c4c6058eab87,ridge_numpy_fallback,prior_history_plus_match_context,leave_one_athlete_out:687552ea-5963-45df-8680-c4c6058eab87,41.3,39.59308984250631,101.9753086419753,1.706910157493688
rest_daily_bb1d299fe508ad69,687552ea-5963-45df-8680-c4c6058eab87,ridge_numpy_fallback,prior_history_plus_match_context,leave_one_athlete_out:687552ea-5963-45df-8680-c4c6058eab87,36.8,38.727204570531384,89.10411622276028,-1.9272045705313872
rest_daily_1b6135ddcedae6ca,687552ea-5963-45df-8680-c4c6058eab87,ridge_numpy_fallback,prior_history_plus_match_context,leave_one_athlete_out:687552ea-5963-45df-8680-c4c6058eab87,36.4,39.00120077274289,90.77306733167084,-2.6012007727428923
rest_daily_b5aee6d21878a523,687552ea-5963-45df-8680-c4c6058eab87,ridge_numpy_fallback,prior_history_plus_match_context,leave_one_athlete_out:687552ea-5963-45df-8680-c4c6058eab87,37.5,38.88547188105222,96.40102827763496,-1.3854718810522186
rest_daily_a157f3bb920fa92f,c887cb7e-63cf-4dc2-9fd2-8429137ba44b,ridge_numpy_fallback,prior_history_plus_match_context,leave_one_athlete_out:c887cb7e-63cf-4dc2-9fd2-8429137ba44b,30.7,28.38318777291113,116.2878787878788,2.316812227088871
rest_daily_b8e40341f54d9616,c887cb7e-63cf-4dc2-9fd2-8429137ba44b,ridge_numpy_fallback,prior_history_plus_match_context,leave_one_athlete_out:c887cb7e-63cf-4dc2-9fd2-8429137ba44b,28.1,27.679459940647376,102.1818181818182,0.42054005935262495
rest_daily_1759366c50384ac7,c887cb7e-63cf-4dc2-9fd2-8429137ba44b,ridge_numpy_fallback,prior_history_plus_match_context,leave_one_athlete_out:c887cb7e-63cf-4dc2-9fd2-8429137ba44b,30.0,29.126865829253745,106.76156583629891,0.8731341707462548
rest_daily_0663b3b3ac8bbc8c,c887cb7e-63cf-4dc2-9fd2-8429137ba44b,ridge_numpy_fallback,prior_history_plus_match_context,leave_one_athlete_out:c887cb7e-63cf-4dc2-9fd2-8429137ba44b,28.5,28.82553197206587,100.52910052910052,-0.32553197206587114
rest_daily_64860edccfee005f,c887cb7e-63cf-4dc2-9fd2-8429137ba44b,ridge_numpy_fallback,prior_history_plus_match_context,leave_one_athlete_out:c887cb7e-63cf-4dc2-9fd2-8429137ba44b,28.5,27.388377431548335,100.0,1.111622568451665
rest_daily_b66d89d81131cac9,c887cb7e-63cf-4dc2-9fd2-8429137ba44b,ridge_numpy_fallback,prior_history_plus_match_context,leave_one_athlete_out:c887cb7e-63cf-4dc2-9fd2-8429137ba44b,26.6,28.471105935913265,93.33333333333331,-1.8711059359132634
rest_daily_462b7d0d1d4cce3d,c887cb7e-63cf-4dc2-9fd2-8429137ba44b,ridge_numpy_fallback,prior_history_plus_match_context,leave_one_athlete_out:c887cb7e-63cf-4dc2-9fd2-8429137ba44b,24.4,28.60749742351142,85.6140350877193,-4.20749742351142
rest_daily_6f2bd48791757d01,e6e4e3b9-5cfa-42c6-a4cd-0f96561de3eb,ridge_numpy_fallback,prior_history_plus_match_context,leave_one_athlete_out:e6e4e3b9-5cfa-42c6-a4cd-0f96561de3eb,32.5,31.871339459698355,100.61919504643964,0.6286605403016452
rest_daily_02d5b5624ca2a01d,e6e4e3b9-5cfa-42c6-a4cd-0f96561de3eb,ridge_numpy_fallback,prior_history_plus_match_context,leave_one_athlete_out:e6e4e3b9-5cfa-42c6-a4cd-0f96561de3eb,30.3,31.791361328335277,93.51851851851852,-1.4913613283352767
rest_daily_5a6dee4fcd56dbce,e6e4e3b9-5cfa-42c6-a4cd-0f96561de3eb,ridge_numpy_fallback,prior_history_plus_match_context,leave_one_athlete_out:e6e4e3b9-5cfa-42c6-a4cd-0f96561de3eb,32.5,32.79755447362806,100.61919504643964,-0.2975544736280611
rest_daily_ab17f1fc7853a9d6,e6e4e3b9-5cfa-42c6-a4cd-0f96561de3eb,ridge_numpy_fallback,prior_history_plus_match_context,leave_one_athlete_out:e6e4e3b9-5cfa-42c6-a4cd-0f96561de3eb,29.9,32.13737490863603,92.28395061728396,-2.237374908636035
rest_daily_9f0c016dc4398960,e6e4e3b9-5cfa-42c6-a4cd-0f96561de3eb,ridge_numpy_fallback,prior_history_plus_match_context,leave_one_athlete_out:e6e4e3b9-5cfa-42c6-a4cd-0f96561de3eb,25.9,30.76476459221118,80.1857585139319,-4.864764592211181
rest_daily_0454c91c3fc710e8,e6e4e3b9-5cfa-42c6-a4cd-0f96561de3eb,ridge_numpy_fallback,prior_history_plus_match_context,leave_one_athlete_out:e6e4e3b9-5cfa-42c6-a4cd-0f96561de3eb,30.8,31.676385198936273,97.62282091917592,-0.8763851989362728
rest_daily_d6526cc6a798964b,efa2dbe6-24c0-4500-8b7b-1d5d14e1d271,ridge_numpy_fallback,prior_history_plus_match_context,leave_one_athlete_out:efa2dbe6-24c0-4500-8b7b-1d5d14e1d271,35.2,34.14578245741835,105.07462686567166,1.0542175425816538
rest_daily_1041700280114f2c,efa2dbe6-24c0-4500-8b7b-1d5d14e1d271,ridge_numpy_fallback,prior_history_plus_match_context,leave_one_athlete_out:efa2dbe6-24c0-4500-8b7b-1d5d14e1d271,29.2,33.82995002525293,85.50512445095168,-4.629950025252928
rest_daily_3cf67d5887d878f8,efa2dbe6-24c0-4500-8b7b-1d5d14e1d271,ridge_numpy_fallback,prior_history_plus_match_context,leave_one_athlete_out:efa2dbe6-24c0-4500-8b7b-1d5d14e1d271,31.5,32.935059229605585,94.311377245509,-1.435059229605585
rest_daily_82682445d3ee10d1,fd0c9e61-cb99-4d60-ab37-b4b3f5ac60d2,ridge_numpy_fallback,prior_history_plus_match_context,leave_one_athlete_out:fd0c9e61-cb99-4d60-ab37-b4b3f5ac60d2,36.4,35.92745946769936,96.55172413793105,0.4725405323006413
rest_daily_05f48e6e719ac92e,fd0c9e61-cb99-4d60-ab37-b4b3f5ac60d2,ridge_numpy_fallback,prior_history_plus_match_context,leave_one_athlete_out:fd0c9e61-cb99-4d60-ab37-b4b3f5ac60d2,34.4,35.675903761852766,92.84750337381917,-1.275903761852767
rest_daily_efc572538dfe1a10,fd0c9e61-cb99-4d60-ab37-b4b3f5ac60d2,ridge_numpy_fallback,prior_history_plus_match_context,leave_one_athlete_out:fd0c9e61-cb99-4d60-ab37-b4b3f5ac60d2,36.3,36.22399768019994,99.72527472527472,0.0760023198000539
rest_daily_01b75bd63b9e0e56,fd0c9e61-cb99-4d60-ab37-b4b3f5ac60d2,ridge_numpy_fallback,prior_history_plus_match_context,leave_one_athlete_out:fd0c9e61-cb99-4d60-ab37-b4b3f5ac60d2,37.2,36.40447626650878,102.33837689133428,0.7955237334912226
rest_daily_7c83bde87c5be749,fd0c9e61-cb99-4d60-ab37-b4b3f5ac60d2,ridge_numpy_fallback,prior_history_plus_match_context,leave_one_athlete_out:fd0c9e61-cb99-4d60-ab37-b4b3f5ac60d2,35.3,35.84237867489621,96.97802197802196,-0.5423786748962129
rest_daily_568874402ae121a6,fd0c9e61-cb99-4d60-ab37-b4b3f5ac60d2,ridge_numpy_fallback,prior_history_plus_match_context,leave_one_athlete_out:fd0c9e61-cb99-4d60-ab37-b4b3f5ac60d2,38.6,34.03941032606186,106.18982118294362,4.560589673938139
rest_daily_e6273f94a99ad120,fd0c9e61-cb99-4d60-ab37-b4b3f5ac60d2,ridge_numpy_fallback,prior_history_plus_match_context,leave_one_athlete_out:fd0c9e61-cb99-4d60-ab37-b4b3f5ac60d2,36.5,35.36907707949142,100.27472527472528,1.1309229205085813
rest_daily_addc070e41582078,fd0c9e61-cb99-4d60-ab37-b4b3f5ac60d2,ridge_numpy_fallback,prior_history_plus_match_context,leave_one_athlete_out:fd0c9e61-cb99-4d60-ab37-b4b3f5ac60d2,35.8,35.599971022405384,98.21673525377228,0.2000289775946129
rest_daily_e0fe6a57d5ba3bee,2068e7ec-51a8-441a-8053-2be7533e613f,ridge_numpy_fallback,prior_history_plus_match_context,leave_one_athlete_out:2068e7ec-51a8-441a-8053-2be7533e613f,45.9,41.31142644713036,101.32450331125828,4.58857355286964
rest_daily_d493fee7cfdb999b,2068e7ec-51a8-441a-8053-2be7533e613f,ridge_numpy_fallback,prior_history_plus_match_context,leave_one_athlete_out:2068e7ec-51a8-441a-8053-2be7533e613f,44.2,42.09426738750132,98.33147942157952,2.1057326124986844
rest_daily_302c1fbaac2944d8,2068e7ec-51a8-441a-8053-2be7533e613f,ridge_numpy_fallback,prior_history_plus_match_context,leave_one_athlete_out:2068e7ec-51a8-441a-8053-2be7533e613f,40.4,40.83536242094788,90.5829596412556,-0.43536242094788236
rest_daily_91c3ba85eea8d163,2068e7ec-51a8-441a-8053-2be7533e613f,ridge_numpy_fallback,prior_history_plus_match_context,leave_one_athlete_out:2068e7ec-51a8-441a-8053-2be7533e613f,43.9,41.48514134036906,98.4304932735426,2.414858659630937
rest_daily_0a396a843fa902b0,2068e7ec-51a8-441a-8053-2be7533e613f,ridge_numpy_fallback,prior_history_plus_match_context,leave_one_athlete_out:2068e7ec-51a8-441a-8053-2be7533e613f,43.3,41.71714595634216,97.08520179372196,1.5828540436578393
rest_daily_96bd7b99fb596da4,9cee6de4-93b3-46a7-a018-90f60d705ebb,ridge_numpy_fallback,prior_history_plus_match_context,chronological_holdout:last_30pct_per_athlete_min_1,48.5,47.77741501291539,99.38524590163937,0.722584987084609
rest_daily_aa66a200e387eba4,9cee6de4-93b3-46a7-a018-90f60d705ebb,ridge_numpy_fallback,prior_history_plus_match_context,chronological_holdout:last_30pct_per_athlete_min_1,45.7,47.867612113905025,93.93627954779036,-2.1676121139050224
rest_daily_9576a5f6cfbca811,8d47422f-2512-44a3-a6d6-8feb726f4759,ridge_numpy_fallback,prior_history_plus_match_context,chronological_holdout:last_30pct_per_athlete_min_1,31.8,29.848098914953788,102.2508038585209,1.951901085046213
rest_daily_2b0ad7da5f00c7fb,8d47422f-2512-44a3-a6d6-8feb726f4759,ridge_numpy_fallback,prior_history_plus_match_context,chronological_holdout:last_30pct_per_athlete_min_1,30.5,30.208406430096048,97.6,0.29159356990395224
rest_daily_c72954ac52f3c08e,ec3fc0a0-ab15-4c0c-b1ad-5243c6e5636f,ridge_numpy_fallback,prior_history_plus_match_context,chronological_holdout:last_30pct_per_athlete_min_1,31.9,30.070915818395125,105.62913907284768,1.8290841816048733
rest_daily_50f6f1543ffe74e1,ec3fc0a0-ab15-4c0c-b1ad-5243c6e5636f,ridge_numpy_fallback,prior_history_plus_match_context,chronological_holdout:last_30pct_per_athlete_min_1,29.8,30.586649769506078,96.75324675324676,-0.7866497695060772
rest_daily_6c805b4dd0c2cf3f,f2b08928-a410-4d1d-9f19-1f8c063a6311,ridge_numpy_fallback,prior_history_plus_match_context,chronological_holdout:last_30pct_per_athlete_min_1,31.5,32.62372741148912,100.0,-1.1237274114891207
rest_daily_472237620c8063bf,86fed448-f51d-4005-aef8-bd9413933cbe,ridge_numpy_fallback,prior_history_plus_match_context,chronological_holdout:last_30pct_per_athlete_min_1,29.8,29.26801402521888,97.0684039087948,0.5319859747811222
rest_daily_a309a15592c25132,86fed448-f51d-4005-aef8-bd9413933cbe,ridge_numpy_fallback,prior_history_plus_match_context,chronological_holdout:last_30pct_per_athlete_min_1,30.1,27.55292707403251,98.0456026058632,2.547072925967491
rest_daily_bea3758949606720,86fed448-f51d-4005-aef8-bd9413933cbe,ridge_numpy_fallback,prior_history_plus_match_context,chronological_holdout:last_30pct_per_athlete_min_1,33.6,28.9178222933919,109.62479608482872,4.682177706608101
rest_daily_1c3acd1f7c8cf85f,a2d89dcf-6bd1-445b-bc9c-7ac6b852a9fc,ridge_numpy_fallback,prior_history_plus_match_context,chronological_holdout:last_30pct_per_athlete_min_1,26.1,25.817587262777263,100.3846153846154,0.28241273722273874
rest_daily_a5cab1550d5946e9,a2d89dcf-6bd1-445b-bc9c-7ac6b852a9fc,ridge_numpy_fallback,prior_history_plus_match_context,chronological_holdout:last_30pct_per_athlete_min_1,26.1,24.108358537018585,100.1919385796545,1.9916414629814163
rest_daily_1a821f8053bae41e,6a2ca03c-e61b-4589-a931-58f5e25aacd8,ridge_numpy_fallback,prior_history_plus_match_context,chronological_holdout:last_30pct_per_athlete_min_1,35.0,35.394799053876895,96.9529085872576,-0.39479905387689485
rest_daily_baad225df3d4f040,957de0b1-7ee9-437c-b47b-dffd09b6653a,ridge_numpy_fallback,prior_history_plus_match_context,chronological_holdout:last_30pct_per_athlete_min_1,27.5,23.126265219672554,104.9618320610687,4.373734780327446
rest_daily_24526a257b340324,957de0b1-7ee9-437c-b47b-dffd09b6653a,ridge_numpy_fallback,prior_history_plus_match_context,chronological_holdout:last_30pct_per_athlete_min_1,27.2,23.972671767935857,103.03030303030305,3.227328232064142
rest_daily_f51837b525fe2758,957de0b1-7ee9-437c-b47b-dffd09b6653a,ridge_numpy_fallback,prior_history_plus_match_context,chronological_holdout:last_30pct_per_athlete_min_1,27.5,24.33536551672879,103.38345864661652,3.164634483271211
rest_daily_6f1321ab0e065ca1,e362b878-9920-4dcf-9ab7-687a194a821c,ridge_numpy_fallback,prior_history_plus_match_context,chronological_holdout:last_30pct_per_athlete_min_1,32.6,33.90509884851312,92.35127478753542,-1.3050988485131185
rest_daily_8b1130c2e482bf87,e362b878-9920-4dcf-9ab7-687a194a821c,ridge_numpy_fallback,prior_history_plus_match_context,chronological_holdout:last_30pct_per_athlete_min_1,30.7,32.09911845753539,87.33997155049786,-1.3991184575353905
rest_daily_aac7a0cea32a78f6,e362b878-9920-4dcf-9ab7-687a194a821c,ridge_numpy_fallback,prior_history_plus_match_context,chronological_holdout:last_30pct_per_athlete_min_1,33.5,31.675735236661673,102.13414634146342,1.824264763338327
rest_daily_bb1d299fe508ad69,687552ea-5963-45df-8680-c4c6058eab87,ridge_numpy_fallback,prior_history_plus_match_context,chronological_holdout:last_30pct_per_athlete_min_1,36.8,39.0350887486229,89.10411622276028,-2.2350887486229
rest_daily_1b6135ddcedae6ca,687552ea-5963-45df-8680-c4c6058eab87,ridge_numpy_fallback,prior_history_plus_match_context,chronological_holdout:last_30pct_per_athlete_min_1,36.4,39.122417441960835,90.77306733167084,-2.722417441960836
rest_daily_b5aee6d21878a523,687552ea-5963-45df-8680-c4c6058eab87,ridge_numpy_fallback,prior_history_plus_match_context,chronological_holdout:last_30pct_per_athlete_min_1,37.5,38.81559478362712,96.40102827763496,-1.3155947836271196
rest_daily_64860edccfee005f,c887cb7e-63cf-4dc2-9fd2-8429137ba44b,ridge_numpy_fallback,prior_history_plus_match_context,chronological_holdout:last_30pct_per_athlete_min_1,28.5,26.893549074395853,100.0,1.6064509256041468
rest_daily_b66d89d81131cac9,c887cb7e-63cf-4dc2-9fd2-8429137ba44b,ridge_numpy_fallback,prior_history_plus_match_context,chronological_holdout:last_30pct_per_athlete_min_1,26.6,27.516453625703416,93.33333333333331,-0.916453625703415
rest_daily_462b7d0d1d4cce3d,c887cb7e-63cf-4dc2-9fd2-8429137ba44b,ridge_numpy_fallback,prior_history_plus_match_context,chronological_holdout:last_30pct_per_athlete_min_1,24.4,27.683655888842615,85.6140350877193,-3.283655888842617
rest_daily_9f0c016dc4398960,e6e4e3b9-5cfa-42c6-a4cd-0f96561de3eb,ridge_numpy_fallback,prior_history_plus_match_context,chronological_holdout:last_30pct_per_athlete_min_1,25.9,30.0403046657077,80.1857585139319,-4.140304665707703
rest_daily_0454c91c3fc710e8,e6e4e3b9-5cfa-42c6-a4cd-0f96561de3eb,ridge_numpy_fallback,prior_history_plus_match_context,chronological_holdout:last_30pct_per_athlete_min_1,30.8,31.537276606031014,97.62282091917592,-0.7372766060310134
rest_daily_3cf67d5887d878f8,efa2dbe6-24c0-4500-8b7b-1d5d14e1d271,ridge_numpy_fallback,prior_history_plus_match_context,chronological_holdout:last_30pct_per_athlete_min_1,31.5,32.272501508409,94.311377245509,-0.7725015084090003
rest_daily_568874402ae121a6,fd0c9e61-cb99-4d60-ab37-b4b3f5ac60d2,ridge_numpy_fallback,prior_history_plus_match_context,chronological_holdout:last_30pct_per_athlete_min_1,38.6,33.4149564404528,106.18982118294362,5.1850435595472035
rest_daily_e6273f94a99ad120,fd0c9e61-cb99-4d60-ab37-b4b3f5ac60d2,ridge_numpy_fallback,prior_history_plus_match_context,chronological_holdout:last_30pct_per_athlete_min_1,36.5,34.37071818969193,100.27472527472528,2.129281810308072
rest_daily_addc070e41582078,fd0c9e61-cb99-4d60-ab37-b4b3f5ac60d2,ridge_numpy_fallback,prior_history_plus_match_context,chronological_holdout:last_30pct_per_athlete_min_1,35.8,34.5901916999167,98.21673525377228,1.2098083000832958
rest_daily_91c3ba85eea8d163,2068e7ec-51a8-441a-8053-2be7533e613f,ridge_numpy_fallback,prior_history_plus_match_context,chronological_holdout:last_30pct_per_athlete_min_1,43.9,41.15594538906552,98.4304932735426,2.7440546109344766
rest_daily_0a396a843fa902b0,2068e7ec-51a8-441a-8053-2be7533e613f,ridge_numpy_fallback,prior_history_plus_match_context,chronological_holdout:last_30pct_per_athlete_min_1,43.3,41.349413530822005,97.08520179372196,1.950586469177992
rest_daily_a4f0947d555bcfe1,9cee6de4-93b3-46a7-a018-90f60d705ebb,ridge_numpy_fallback,prior_history_plus_actigraphy,leave_one_athlete_out:9cee6de4-93b3-46a7-a018-90f60d705ebb,48.8,47.74324040003057,100.61855670103093,1.0567595999694248
rest_daily_b0a59a0abf0c6f21,9cee6de4-93b3-46a7-a018-90f60d705ebb,ridge_numpy_fallback,prior_history_plus_actigraphy,leave_one_athlete_out:9cee6de4-93b3-46a7-a018-90f60d705ebb,49.3,48.24680927967039,101.33607399794452,1.05319072032961
rest_daily_ad64c57187148a23,9cee6de4-93b3-46a7-a018-90f60d705ebb,ridge_numpy_fallback,prior_history_plus_actigraphy,leave_one_athlete_out:9cee6de4-93b3-46a7-a018-90f60d705ebb,50.0,46.40263288609665,102.45901639344262,3.5973671139033527
rest_daily_bdb6766b9448f55b,9cee6de4-93b3-46a7-a018-90f60d705ebb,ridge_numpy_fallback,prior_history_plus_actigraphy,leave_one_athlete_out:9cee6de4-93b3-46a7-a018-90f60d705ebb,37.5,46.83363545065153,76.45259938837921,-9.333635450651528
rest_daily_96bd7b99fb596da4,9cee6de4-93b3-46a7-a018-90f60d705ebb,ridge_numpy_fallback,prior_history_plus_actigraphy,leave_one_athlete_out:9cee6de4-93b3-46a7-a018-90f60d705ebb,48.5,46.84211260107449,99.38524590163937,1.65788739892551
rest_daily_aa66a200e387eba4,9cee6de4-93b3-46a7-a018-90f60d705ebb,ridge_numpy_fallback,prior_history_plus_actigraphy,leave_one_athlete_out:9cee6de4-93b3-46a7-a018-90f60d705ebb,45.7,47.46333671752742,93.93627954779036,-1.763336717527416
rest_daily_b711ef41b7e72a58,8d47422f-2512-44a3-a6d6-8feb726f4759,ridge_numpy_fallback,prior_history_plus_actigraphy,leave_one_athlete_out:8d47422f-2512-44a3-a6d6-8feb726f4759,32.2,30.568371783582585,102.54777070063696,1.6316282164174183
rest_daily_0056b953332cf48c,8d47422f-2512-44a3-a6d6-8feb726f4759,ridge_numpy_fallback,prior_history_plus_actigraphy,leave_one_athlete_out:8d47422f-2512-44a3-a6d6-8feb726f4759,31.1,29.438273727712033,99.67948717948718,1.661726272287968
rest_daily_9576a5f6cfbca811,8d47422f-2512-44a3-a6d6-8feb726f4759,ridge_numpy_fallback,prior_history_plus_actigraphy,leave_one_athlete_out:8d47422f-2512-44a3-a6d6-8feb726f4759,31.8,29.970068711842625,102.2508038585209,1.8299312881573755
rest_daily_2b0ad7da5f00c7fb,8d47422f-2512-44a3-a6d6-8feb726f4759,ridge_numpy_fallback,prior_history_plus_actigraphy,leave_one_athlete_out:8d47422f-2512-44a3-a6d6-8feb726f4759,30.5,29.63244684276343,97.6,0.8675531572365713
rest_daily_cdf2c1790b6b6b77,ec3fc0a0-ab15-4c0c-b1ad-5243c6e5636f,ridge_numpy_fallback,prior_history_plus_actigraphy,leave_one_athlete_out:ec3fc0a0-ab15-4c0c-b1ad-5243c6e5636f,30.1,29.274557943574123,103.08219178082192,0.825442056425878
rest_daily_cd58435642eb8af3,ec3fc0a0-ab15-4c0c-b1ad-5243c6e5636f,ridge_numpy_fallback,prior_history_plus_actigraphy,leave_one_athlete_out:ec3fc0a0-ab15-4c0c-b1ad-5243c6e5636f,31.4,30.295845838975076,105.90219224283304,1.1041541610249226
rest_daily_f086eef85301ad30,ec3fc0a0-ab15-4c0c-b1ad-5243c6e5636f,ridge_numpy_fallback,prior_history_plus_actigraphy,leave_one_athlete_out:ec3fc0a0-ab15-4c0c-b1ad-5243c6e5636f,32.9,30.483806197415575,109.30232558139534,2.4161938025844236
rest_daily_c1dfb58557a561b2,ec3fc0a0-ab15-4c0c-b1ad-5243c6e5636f,ridge_numpy_fallback,prior_history_plus_actigraphy,leave_one_athlete_out:ec3fc0a0-ab15-4c0c-b1ad-5243c6e5636f,31.8,29.512562282304476,105.4726368159204,2.287437717695525
rest_daily_c72954ac52f3c08e,ec3fc0a0-ab15-4c0c-b1ad-5243c6e5636f,ridge_numpy_fallback,prior_history_plus_actigraphy,leave_one_athlete_out:ec3fc0a0-ab15-4c0c-b1ad-5243c6e5636f,31.9,30.19889479255812,105.62913907284768,1.701105207441877
rest_daily_50f6f1543ffe74e1,ec3fc0a0-ab15-4c0c-b1ad-5243c6e5636f,ridge_numpy_fallback,prior_history_plus_actigraphy,leave_one_athlete_out:ec3fc0a0-ab15-4c0c-b1ad-5243c6e5636f,29.8,31.089939333514813,96.75324675324676,-1.2899393335148126
rest_daily_6c805b4dd0c2cf3f,f2b08928-a410-4d1d-9f19-1f8c063a6311,ridge_numpy_fallback,prior_history_plus_actigraphy,leave_one_athlete_out:f2b08928-a410-4d1d-9f19-1f8c063a6311,31.5,31.987921413302224,100.0,-0.4879214133022245
rest_daily_f4e5f2267c6c0457,86fed448-f51d-4005-aef8-bd9413933cbe,ridge_numpy_fallback,prior_history_plus_actigraphy,leave_one_athlete_out:86fed448-f51d-4005-aef8-bd9413933cbe,29.2,30.546709667190967,95.4248366013072,-1.346709667190968
rest_daily_1b54b101c18e95b5,86fed448-f51d-4005-aef8-bd9413933cbe,ridge_numpy_fallback,prior_history_plus_actigraphy,leave_one_athlete_out:86fed448-f51d-4005-aef8-bd9413933cbe,30.7,29.724731463263527,101.65562913907284,0.975268536736472
rest_daily_7f7a9baf479d195c,86fed448-f51d-4005-aef8-bd9413933cbe,ridge_numpy_fallback,prior_history_plus_actigraphy,leave_one_athlete_out:86fed448-f51d-4005-aef8-bd9413933cbe,32.4,30.107967714084648,105.88235294117646,2.292032285915351
rest_daily_f98b6f0e56bf0285,86fed448-f51d-4005-aef8-bd9413933cbe,ridge_numpy_fallback,prior_history_plus_actigraphy,leave_one_athlete_out:86fed448-f51d-4005-aef8-bd9413933cbe,30.7,31.55377143470301,100.163132137031,-0.8537714347030096
rest_daily_5091bf99d5924eac,86fed448-f51d-4005-aef8-bd9413933cbe,ridge_numpy_fallback,prior_history_plus_actigraphy,leave_one_athlete_out:86fed448-f51d-4005-aef8-bd9413933cbe,31.8,31.06980755508086,103.5830618892508,0.7301924449191404
rest_daily_472237620c8063bf,86fed448-f51d-4005-aef8-bd9413933cbe,ridge_numpy_fallback,prior_history_plus_actigraphy,leave_one_athlete_out:86fed448-f51d-4005-aef8-bd9413933cbe,29.8,29.908872408819036,97.0684039087948,-0.10887240881903537
rest_daily_a309a15592c25132,86fed448-f51d-4005-aef8-bd9413933cbe,ridge_numpy_fallback,prior_history_plus_actigraphy,leave_one_athlete_out:86fed448-f51d-4005-aef8-bd9413933cbe,30.1,29.13470931364216,98.0456026058632,0.965290686357843
rest_daily_bea3758949606720,86fed448-f51d-4005-aef8-bd9413933cbe,ridge_numpy_fallback,prior_history_plus_actigraphy,leave_one_athlete_out:86fed448-f51d-4005-aef8-bd9413933cbe,33.6,30.583310933788276,109.62479608482872,3.0166890662117254
rest_daily_82442f8e52aa8256,a2d89dcf-6bd1-445b-bc9c-7ac6b852a9fc,ridge_numpy_fallback,prior_history_plus_actigraphy,leave_one_athlete_out:a2d89dcf-6bd1-445b-bc9c-7ac6b852a9fc,25.2,28.245834414256343,94.73684210526316,-3.045834414256344
rest_daily_baa5ee6cfc8f59b5,a2d89dcf-6bd1-445b-bc9c-7ac6b852a9fc,ridge_numpy_fallback,prior_history_plus_actigraphy,leave_one_athlete_out:a2d89dcf-6bd1-445b-bc9c-7ac6b852a9fc,26.0,27.499525834666517,100.3861003861004,-1.4995258346665175
rest_daily_9afc4bb4cc991ef9,a2d89dcf-6bd1-445b-bc9c-7ac6b852a9fc,ridge_numpy_fallback,prior_history_plus_actigraphy,leave_one_athlete_out:a2d89dcf-6bd1-445b-bc9c-7ac6b852a9fc,25.9,27.81806033318256,99.6153846153846,-1.918060333182563
rest_daily_7f8eb3142fb05b5e,a2d89dcf-6bd1-445b-bc9c-7ac6b852a9fc,ridge_numpy_fallback,prior_history_plus_actigraphy,leave_one_athlete_out:a2d89dcf-6bd1-445b-bc9c-7ac6b852a9fc,27.3,28.797783044692977,105.20231213872832,-1.4977830446929765
rest_daily_1c3acd1f7c8cf85f,a2d89dcf-6bd1-445b-bc9c-7ac6b852a9fc,ridge_numpy_fallback,prior_history_plus_actigraphy,leave_one_athlete_out:a2d89dcf-6bd1-445b-bc9c-7ac6b852a9fc,26.1,26.74608563415977,100.3846153846154,-0.6460856341597676
rest_daily_a5cab1550d5946e9,a2d89dcf-6bd1-445b-bc9c-7ac6b852a9fc,ridge_numpy_fallback,prior_history_plus_actigraphy,leave_one_athlete_out:a2d89dcf-6bd1-445b-bc9c-7ac6b852a9fc,26.1,26.439615363953305,100.1919385796545,-0.3396153639533033
rest_daily_1a821f8053bae41e,6a2ca03c-e61b-4589-a931-58f5e25aacd8,ridge_numpy_fallback,prior_history_plus_actigraphy,leave_one_athlete_out:6a2ca03c-e61b-4589-a931-58f5e25aacd8,35.0,34.79648833386092,96.9529085872576,0.20351166613907878
rest_daily_1fdf1d5bbe31da02,957de0b1-7ee9-437c-b47b-dffd09b6653a,ridge_numpy_fallback,prior_history_plus_actigraphy,leave_one_athlete_out:957de0b1-7ee9-437c-b47b-dffd09b6653a,26.4,26.859648619574386,98.50746268656717,-0.45964861957438785
rest_daily_ce8b5b7b591dd0fd,957de0b1-7ee9-437c-b47b-dffd09b6653a,ridge_numpy_fallback,prior_history_plus_actigraphy,leave_one_athlete_out:957de0b1-7ee9-437c-b47b-dffd09b6653a,24.2,26.155587226854273,90.29850746268656,-1.9555872268542736
rest_daily_5725581e019f5fa6,957de0b1-7ee9-437c-b47b-dffd09b6653a,ridge_numpy_fallback,prior_history_plus_actigraphy,leave_one_athlete_out:957de0b1-7ee9-437c-b47b-dffd09b6653a,25.2,26.62014304278185,94.02985074626864,-1.4201430427818522
rest_daily_9fdde10651bde0b4,957de0b1-7ee9-437c-b47b-dffd09b6653a,ridge_numpy_fallback,prior_history_plus_actigraphy,leave_one_athlete_out:957de0b1-7ee9-437c-b47b-dffd09b6653a,25.9,27.03880432732088,96.64179104477611,-1.13880432732088
rest_daily_4cc527b910742f5f,957de0b1-7ee9-437c-b47b-dffd09b6653a,ridge_numpy_fallback,prior_history_plus_actigraphy,leave_one_athlete_out:957de0b1-7ee9-437c-b47b-dffd09b6653a,24.4,27.153558033125414,91.72932330827066,-2.7535580331254152
rest_daily_a682083333fcffda,957de0b1-7ee9-437c-b47b-dffd09b6653a,ridge_numpy_fallback,prior_history_plus_actigraphy,leave_one_athlete_out:957de0b1-7ee9-437c-b47b-dffd09b6653a,26.0,24.5037810304828,98.48484848484848,1.4962189695172015
rest_daily_baad225df3d4f040,957de0b1-7ee9-437c-b47b-dffd09b6653a,ridge_numpy_fallback,prior_history_plus_actigraphy,leave_one_athlete_out:957de0b1-7ee9-437c-b47b-dffd09b6653a,27.5,23.984113791427482,104.9618320610687,3.5158862085725175
rest_daily_24526a257b340324,957de0b1-7ee9-437c-b47b-dffd09b6653a,ridge_numpy_fallback,prior_history_plus_actigraphy,leave_one_athlete_out:957de0b1-7ee9-437c-b47b-dffd09b6653a,27.2,24.76986504045229,103.03030303030305,2.4301349595477078
rest_daily_f51837b525fe2758,957de0b1-7ee9-437c-b47b-dffd09b6653a,ridge_numpy_fallback,prior_history_plus_actigraphy,leave_one_athlete_out:957de0b1-7ee9-437c-b47b-dffd09b6653a,27.5,25.43380138537614,103.38345864661652,2.066198614623861
rest_daily_44c060af4bc142ed,e362b878-9920-4dcf-9ab7-687a194a821c,ridge_numpy_fallback,prior_history_plus_actigraphy,leave_one_athlete_out:e362b878-9920-4dcf-9ab7-687a194a821c,35.0,35.27893419885006,97.76536312849164,-0.27893419885005954
rest_daily_e1f7ae429e1b28de,e362b878-9920-4dcf-9ab7-687a194a821c,ridge_numpy_fallback,prior_history_plus_actigraphy,leave_one_athlete_out:e362b878-9920-4dcf-9ab7-687a194a821c,32.8,35.63037507312866,91.8767507002801,-2.830375073128664
rest_daily_23de18e0c8746cd7,e362b878-9920-4dcf-9ab7-687a194a821c,ridge_numpy_fallback,prior_history_plus_actigraphy,leave_one_athlete_out:e362b878-9920-4dcf-9ab7-687a194a821c,35.3,35.92001121533799,99.1573033707865,-0.6200112153379962
rest_daily_19d7ba07a6d15f62,e362b878-9920-4dcf-9ab7-687a194a821c,ridge_numpy_fallback,prior_history_plus_actigraphy,leave_one_athlete_out:e362b878-9920-4dcf-9ab7-687a194a821c,32.0,35.69261984211819,90.26798307475316,-3.692619842118191
rest_daily_6f1321ab0e065ca1,e362b878-9920-4dcf-9ab7-687a194a821c,ridge_numpy_fallback,prior_history_plus_actigraphy,leave_one_athlete_out:e362b878-9920-4dcf-9ab7-687a194a821c,32.6,33.902261074782515,92.35127478753542,-1.302261074782514
rest_daily_8b1130c2e482bf87,e362b878-9920-4dcf-9ab7-687a194a821c,ridge_numpy_fallback,prior_history_plus_actigraphy,leave_one_athlete_out:e362b878-9920-4dcf-9ab7-687a194a821c,30.7,33.386405930476414,87.33997155049786,-2.6864059304764147
rest_daily_aac7a0cea32a78f6,e362b878-9920-4dcf-9ab7-687a194a821c,ridge_numpy_fallback,prior_history_plus_actigraphy,leave_one_athlete_out:e362b878-9920-4dcf-9ab7-687a194a821c,33.5,33.54522658784677,102.13414634146342,-0.04522658784676992
rest_daily_6f910bb9a01cd557,687552ea-5963-45df-8680-c4c6058eab87,ridge_numpy_fallback,prior_history_plus_actigraphy,leave_one_athlete_out:687552ea-5963-45df-8680-c4c6058eab87,35.7,37.749629522193224,91.7737789203085,-2.0496295221932215
rest_daily_21d41c9eaff91990,687552ea-5963-45df-8680-c4c6058eab87,ridge_numpy_fallback,prior_history_plus_actigraphy,leave_one_athlete_out:687552ea-5963-45df-8680-c4c6058eab87,43.9,37.104714923550475,117.06666666666666,6.795285076449524
rest_daily_12a68c9036898205,687552ea-5963-45df-8680-c4c6058eab87,ridge_numpy_fallback,prior_history_plus_actigraphy,leave_one_athlete_out:687552ea-5963-45df-8680-c4c6058eab87,42.7,39.15061488825799,109.76863753213368,3.549385111742012
rest_daily_e3c98654c7975c33,687552ea-5963-45df-8680-c4c6058eab87,ridge_numpy_fallback,prior_history_plus_actigraphy,leave_one_athlete_out:687552ea-5963-45df-8680-c4c6058eab87,41.3,38.42739441905676,101.9753086419753,2.8726055809432367
rest_daily_bb1d299fe508ad69,687552ea-5963-45df-8680-c4c6058eab87,ridge_numpy_fallback,prior_history_plus_actigraphy,leave_one_athlete_out:687552ea-5963-45df-8680-c4c6058eab87,36.8,38.4743955380466,89.10411622276028,-1.6743955380466033
rest_daily_1b6135ddcedae6ca,687552ea-5963-45df-8680-c4c6058eab87,ridge_numpy_fallback,prior_history_plus_actigraphy,leave_one_athlete_out:687552ea-5963-45df-8680-c4c6058eab87,36.4,38.15783230004661,90.77306733167084,-1.7578323000466085
rest_daily_b5aee6d21878a523,687552ea-5963-45df-8680-c4c6058eab87,ridge_numpy_fallback,prior_history_plus_actigraphy,leave_one_athlete_out:687552ea-5963-45df-8680-c4c6058eab87,37.5,38.48065322419954,96.40102827763496,-0.9806532241995427
rest_daily_a157f3bb920fa92f,c887cb7e-63cf-4dc2-9fd2-8429137ba44b,ridge_numpy_fallback,prior_history_plus_actigraphy,leave_one_athlete_out:c887cb7e-63cf-4dc2-9fd2-8429137ba44b,30.7,28.36073236188114,116.2878787878788,2.3392676381188586
rest_daily_b8e40341f54d9616,c887cb7e-63cf-4dc2-9fd2-8429137ba44b,ridge_numpy_fallback,prior_history_plus_actigraphy,leave_one_athlete_out:c887cb7e-63cf-4dc2-9fd2-8429137ba44b,28.1,28.6064204796807,102.1818181818182,-0.506420479680699
rest_daily_1759366c50384ac7,c887cb7e-63cf-4dc2-9fd2-8429137ba44b,ridge_numpy_fallback,prior_history_plus_actigraphy,leave_one_athlete_out:c887cb7e-63cf-4dc2-9fd2-8429137ba44b,30.0,29.29367329993091,106.76156583629891,0.7063267000690914
rest_daily_0663b3b3ac8bbc8c,c887cb7e-63cf-4dc2-9fd2-8429137ba44b,ridge_numpy_fallback,prior_history_plus_actigraphy,leave_one_athlete_out:c887cb7e-63cf-4dc2-9fd2-8429137ba44b,28.5,28.07266603453676,100.52910052910052,0.4273339654632409
rest_daily_64860edccfee005f,c887cb7e-63cf-4dc2-9fd2-8429137ba44b,ridge_numpy_fallback,prior_history_plus_actigraphy,leave_one_athlete_out:c887cb7e-63cf-4dc2-9fd2-8429137ba44b,28.5,27.360976210113655,100.0,1.1390237898863447
rest_daily_b66d89d81131cac9,c887cb7e-63cf-4dc2-9fd2-8429137ba44b,ridge_numpy_fallback,prior_history_plus_actigraphy,leave_one_athlete_out:c887cb7e-63cf-4dc2-9fd2-8429137ba44b,26.6,28.332851125817726,93.33333333333331,-1.7328511258177244
rest_daily_462b7d0d1d4cce3d,c887cb7e-63cf-4dc2-9fd2-8429137ba44b,ridge_numpy_fallback,prior_history_plus_actigraphy,leave_one_athlete_out:c887cb7e-63cf-4dc2-9fd2-8429137ba44b,24.4,28.736351815107962,85.6140350877193,-4.336351815107964
rest_daily_6f2bd48791757d01,e6e4e3b9-5cfa-42c6-a4cd-0f96561de3eb,ridge_numpy_fallback,prior_history_plus_actigraphy,leave_one_athlete_out:e6e4e3b9-5cfa-42c6-a4cd-0f96561de3eb,32.5,32.18920489489319,100.61919504643964,0.31079510510681274
rest_daily_02d5b5624ca2a01d,e6e4e3b9-5cfa-42c6-a4cd-0f96561de3eb,ridge_numpy_fallback,prior_history_plus_actigraphy,leave_one_athlete_out:e6e4e3b9-5cfa-42c6-a4cd-0f96561de3eb,30.3,32.595621191948965,93.51851851851852,-2.295621191948964
rest_daily_5a6dee4fcd56dbce,e6e4e3b9-5cfa-42c6-a4cd-0f96561de3eb,ridge_numpy_fallback,prior_history_plus_actigraphy,leave_one_athlete_out:e6e4e3b9-5cfa-42c6-a4cd-0f96561de3eb,32.5,31.665273894062388,100.61919504643964,0.8347261059376123
rest_daily_ab17f1fc7853a9d6,e6e4e3b9-5cfa-42c6-a4cd-0f96561de3eb,ridge_numpy_fallback,prior_history_plus_actigraphy,leave_one_athlete_out:e6e4e3b9-5cfa-42c6-a4cd-0f96561de3eb,29.9,30.99568709341714,92.28395061728396,-1.0956870934171405
rest_daily_9f0c016dc4398960,e6e4e3b9-5cfa-42c6-a4cd-0f96561de3eb,ridge_numpy_fallback,prior_history_plus_actigraphy,leave_one_athlete_out:e6e4e3b9-5cfa-42c6-a4cd-0f96561de3eb,25.9,31.50222312984512,80.1857585139319,-5.602223129845122
rest_daily_0454c91c3fc710e8,e6e4e3b9-5cfa-42c6-a4cd-0f96561de3eb,ridge_numpy_fallback,prior_history_plus_actigraphy,leave_one_athlete_out:e6e4e3b9-5cfa-42c6-a4cd-0f96561de3eb,30.8,30.634002570118742,97.62282091917592,0.16599742988125854
rest_daily_d6526cc6a798964b,efa2dbe6-24c0-4500-8b7b-1d5d14e1d271,ridge_numpy_fallback,prior_history_plus_actigraphy,leave_one_athlete_out:efa2dbe6-24c0-4500-8b7b-1d5d14e1d271,35.2,33.21819496822883,105.07462686567166,1.9818050317711737
rest_daily_1041700280114f2c,efa2dbe6-24c0-4500-8b7b-1d5d14e1d271,ridge_numpy_fallback,prior_history_plus_actigraphy,leave_one_athlete_out:efa2dbe6-24c0-4500-8b7b-1d5d14e1d271,29.2,32.835007992414944,85.50512445095168,-3.6350079924149448
rest_daily_3cf67d5887d878f8,efa2dbe6-24c0-4500-8b7b-1d5d14e1d271,ridge_numpy_fallback,prior_history_plus_actigraphy,leave_one_athlete_out:efa2dbe6-24c0-4500-8b7b-1d5d14e1d271,31.5,32.217596573529946,94.311377245509,-0.7175965735299457
rest_daily_82682445d3ee10d1,fd0c9e61-cb99-4d60-ab37-b4b3f5ac60d2,ridge_numpy_fallback,prior_history_plus_actigraphy,leave_one_athlete_out:fd0c9e61-cb99-4d60-ab37-b4b3f5ac60d2,36.4,36.19518352715406,96.55172413793105,0.20481647284594118
rest_daily_05f48e6e719ac92e,fd0c9e61-cb99-4d60-ab37-b4b3f5ac60d2,ridge_numpy_fallback,prior_history_plus_actigraphy,leave_one_athlete_out:fd0c9e61-cb99-4d60-ab37-b4b3f5ac60d2,34.4,35.78379714674105,92.84750337381917,-1.3837971467410526
rest_daily_efc572538dfe1a10,fd0c9e61-cb99-4d60-ab37-b4b3f5ac60d2,ridge_numpy_fallback,prior_history_plus_actigraphy,leave_one_athlete_out:fd0c9e61-cb99-4d60-ab37-b4b3f5ac60d2,36.3,36.46487087278828,99.72527472527472,-0.16487087278828483
rest_daily_01b75bd63b9e0e56,fd0c9e61-cb99-4d60-ab37-b4b3f5ac60d2,ridge_numpy_fallback,prior_history_plus_actigraphy,leave_one_athlete_out:fd0c9e61-cb99-4d60-ab37-b4b3f5ac60d2,37.2,37.52473783158412,102.33837689133428,-0.32473783158411607
rest_daily_7c83bde87c5be749,fd0c9e61-cb99-4d60-ab37-b4b3f5ac60d2,ridge_numpy_fallback,prior_history_plus_actigraphy,leave_one_athlete_out:fd0c9e61-cb99-4d60-ab37-b4b3f5ac60d2,35.3,37.316798681134486,96.97802197802196,-2.016798681134489
rest_daily_568874402ae121a6,fd0c9e61-cb99-4d60-ab37-b4b3f5ac60d2,ridge_numpy_fallback,prior_history_plus_actigraphy,leave_one_athlete_out:fd0c9e61-cb99-4d60-ab37-b4b3f5ac60d2,38.6,34.31610976155867,106.18982118294362,4.28389023844133
rest_daily_e6273f94a99ad120,fd0c9e61-cb99-4d60-ab37-b4b3f5ac60d2,ridge_numpy_fallback,prior_history_plus_actigraphy,leave_one_athlete_out:fd0c9e61-cb99-4d60-ab37-b4b3f5ac60d2,36.5,35.57397631184415,100.27472527472528,0.9260236881558512
rest_daily_addc070e41582078,fd0c9e61-cb99-4d60-ab37-b4b3f5ac60d2,ridge_numpy_fallback,prior_history_plus_actigraphy,leave_one_athlete_out:fd0c9e61-cb99-4d60-ab37-b4b3f5ac60d2,35.8,36.68634205554037,98.21673525377228,-0.8863420555403749
rest_daily_e0fe6a57d5ba3bee,2068e7ec-51a8-441a-8053-2be7533e613f,ridge_numpy_fallback,prior_history_plus_actigraphy,leave_one_athlete_out:2068e7ec-51a8-441a-8053-2be7533e613f,45.9,40.74371328874197,101.32450331125828,5.156286711258026
rest_daily_d493fee7cfdb999b,2068e7ec-51a8-441a-8053-2be7533e613f,ridge_numpy_fallback,prior_history_plus_actigraphy,leave_one_athlete_out:2068e7ec-51a8-441a-8053-2be7533e613f,44.2,40.59672512366458,98.33147942157952,3.6032748763354263
rest_daily_302c1fbaac2944d8,2068e7ec-51a8-441a-8053-2be7533e613f,ridge_numpy_fallback,prior_history_plus_actigraphy,leave_one_athlete_out:2068e7ec-51a8-441a-8053-2be7533e613f,40.4,39.924179213586854,90.5829596412556,0.47582078641314496
rest_daily_91c3ba85eea8d163,2068e7ec-51a8-441a-8053-2be7533e613f,ridge_numpy_fallback,prior_history_plus_actigraphy,leave_one_athlete_out:2068e7ec-51a8-441a-8053-2be7533e613f,43.9,41.02689254372373,98.4304932735426,2.8731074562762657
rest_daily_0a396a843fa902b0,2068e7ec-51a8-441a-8053-2be7533e613f,ridge_numpy_fallback,prior_history_plus_actigraphy,leave_one_athlete_out:2068e7ec-51a8-441a-8053-2be7533e613f,43.3,41.97667096539147,97.08520179372196,1.323329034608527
rest_daily_96bd7b99fb596da4,9cee6de4-93b3-46a7-a018-90f60d705ebb,ridge_numpy_fallback,prior_history_plus_actigraphy,chronological_holdout:last_30pct_per_athlete_min_1,48.5,47.30566473954495,99.38524590163937,1.1943352604550483
rest_daily_aa66a200e387eba4,9cee6de4-93b3-46a7-a018-90f60d705ebb,ridge_numpy_fallback,prior_history_plus_actigraphy,chronological_holdout:last_30pct_per_athlete_min_1,45.7,49.25813829606806,93.93627954779036,-3.5581382960680585
rest_daily_9576a5f6cfbca811,8d47422f-2512-44a3-a6d6-8feb726f4759,ridge_numpy_fallback,prior_history_plus_actigraphy,chronological_holdout:last_30pct_per_athlete_min_1,31.8,29.447255546816187,102.2508038585209,2.3527444531838135
rest_daily_2b0ad7da5f00c7fb,8d47422f-2512-44a3-a6d6-8feb726f4759,ridge_numpy_fallback,prior_history_plus_actigraphy,chronological_holdout:last_30pct_per_athlete_min_1,30.5,29.561764916024863,97.6,0.9382350839751368
rest_daily_c72954ac52f3c08e,ec3fc0a0-ab15-4c0c-b1ad-5243c6e5636f,ridge_numpy_fallback,prior_history_plus_actigraphy,chronological_holdout:last_30pct_per_athlete_min_1,31.9,30.105816925053418,105.62913907284768,1.7941830749465808
rest_daily_50f6f1543ffe74e1,ec3fc0a0-ab15-4c0c-b1ad-5243c6e5636f,ridge_numpy_fallback,prior_history_plus_actigraphy,chronological_holdout:last_30pct_per_athlete_min_1,29.8,31.0401451355895,96.75324675324676,-1.2401451355895006
rest_daily_6c805b4dd0c2cf3f,f2b08928-a410-4d1d-9f19-1f8c063a6311,ridge_numpy_fallback,prior_history_plus_actigraphy,chronological_holdout:last_30pct_per_athlete_min_1,31.5,32.231873792457016,100.0,-0.7318737924570158
rest_daily_472237620c8063bf,86fed448-f51d-4005-aef8-bd9413933cbe,ridge_numpy_fallback,prior_history_plus_actigraphy,chronological_holdout:last_30pct_per_athlete_min_1,29.8,28.846786725787418,97.0684039087948,0.9532132742125832
rest_daily_a309a15592c25132,86fed448-f51d-4005-aef8-bd9413933cbe,ridge_numpy_fallback,prior_history_plus_actigraphy,chronological_holdout:last_30pct_per_athlete_min_1,30.1,27.28991640564655,98.0456026058632,2.8100835943534506
rest_daily_bea3758949606720,86fed448-f51d-4005-aef8-bd9413933cbe,ridge_numpy_fallback,prior_history_plus_actigraphy,chronological_holdout:last_30pct_per_athlete_min_1,33.6,29.749322287531264,109.62479608482872,3.8506777124687375
rest_daily_1c3acd1f7c8cf85f,a2d89dcf-6bd1-445b-bc9c-7ac6b852a9fc,ridge_numpy_fallback,prior_history_plus_actigraphy,chronological_holdout:last_30pct_per_athlete_min_1,26.1,23.099405205489987,100.3846153846154,3.0005947945100147
rest_daily_a5cab1550d5946e9,a2d89dcf-6bd1-445b-bc9c-7ac6b852a9fc,ridge_numpy_fallback,prior_history_plus_actigraphy,chronological_holdout:last_30pct_per_athlete_min_1,26.1,24.46381968198969,100.1919385796545,1.636180318010311
rest_daily_1a821f8053bae41e,6a2ca03c-e61b-4589-a931-58f5e25aacd8,ridge_numpy_fallback,prior_history_plus_actigraphy,chronological_holdout:last_30pct_per_athlete_min_1,35.0,35.95558493508174,96.9529085872576,-0.9555849350817383
rest_daily_baad225df3d4f040,957de0b1-7ee9-437c-b47b-dffd09b6653a,ridge_numpy_fallback,prior_history_plus_actigraphy,chronological_holdout:last_30pct_per_athlete_min_1,27.5,23.30208285603109,104.9618320610687,4.197917143968908
rest_daily_24526a257b340324,957de0b1-7ee9-437c-b47b-dffd09b6653a,ridge_numpy_fallback,prior_history_plus_actigraphy,chronological_holdout:last_30pct_per_athlete_min_1,27.2,24.08904291706238,103.03030303030305,3.1109570829376203
rest_daily_f51837b525fe2758,957de0b1-7ee9-437c-b47b-dffd09b6653a,ridge_numpy_fallback,prior_history_plus_actigraphy,chronological_holdout:last_30pct_per_athlete_min_1,27.5,25.062329091556144,103.38345864661652,2.437670908443856
rest_daily_6f1321ab0e065ca1,e362b878-9920-4dcf-9ab7-687a194a821c,ridge_numpy_fallback,prior_history_plus_actigraphy,chronological_holdout:last_30pct_per_athlete_min_1,32.6,33.46828979464662,92.35127478753542,-0.8682897946466213
rest_daily_8b1130c2e482bf87,e362b878-9920-4dcf-9ab7-687a194a821c,ridge_numpy_fallback,prior_history_plus_actigraphy,chronological_holdout:last_30pct_per_athlete_min_1,30.7,32.780587944049834,87.33997155049786,-2.080587944049835
rest_daily_aac7a0cea32a78f6,e362b878-9920-4dcf-9ab7-687a194a821c,ridge_numpy_fallback,prior_history_plus_actigraphy,chronological_holdout:last_30pct_per_athlete_min_1,33.5,32.365118211047516,102.13414634146342,1.1348817889524838
rest_daily_bb1d299fe508ad69,687552ea-5963-45df-8680-c4c6058eab87,ridge_numpy_fallback,prior_history_plus_actigraphy,chronological_holdout:last_30pct_per_athlete_min_1,36.8,39.456236574865976,89.10411622276028,-2.6562365748659786
rest_daily_1b6135ddcedae6ca,687552ea-5963-45df-8680-c4c6058eab87,ridge_numpy_fallback,prior_history_plus_actigraphy,chronological_holdout:last_30pct_per_athlete_min_1,36.4,39.65929936463117,90.77306733167084,-3.2592993646311683
rest_daily_b5aee6d21878a523,687552ea-5963-45df-8680-c4c6058eab87,ridge_numpy_fallback,prior_history_plus_actigraphy,chronological_holdout:last_30pct_per_athlete_min_1,37.5,39.873444344188385,96.40102827763496,-2.3734443441883855
rest_daily_64860edccfee005f,c887cb7e-63cf-4dc2-9fd2-8429137ba44b,ridge_numpy_fallback,prior_history_plus_actigraphy,chronological_holdout:last_30pct_per_athlete_min_1,28.5,25.89706287315989,100.0,2.6029371268401107
rest_daily_b66d89d81131cac9,c887cb7e-63cf-4dc2-9fd2-8429137ba44b,ridge_numpy_fallback,prior_history_plus_actigraphy,chronological_holdout:last_30pct_per_athlete_min_1,26.6,27.678936327621365,93.33333333333331,-1.0789363276213635
rest_daily_462b7d0d1d4cce3d,c887cb7e-63cf-4dc2-9fd2-8429137ba44b,ridge_numpy_fallback,prior_history_plus_actigraphy,chronological_holdout:last_30pct_per_athlete_min_1,24.4,28.443917936300338,85.6140350877193,-4.043917936300339
rest_daily_9f0c016dc4398960,e6e4e3b9-5cfa-42c6-a4cd-0f96561de3eb,ridge_numpy_fallback,prior_history_plus_actigraphy,chronological_holdout:last_30pct_per_athlete_min_1,25.9,31.156597780036023,80.1857585139319,-5.256597780036024
rest_daily_0454c91c3fc710e8,e6e4e3b9-5cfa-42c6-a4cd-0f96561de3eb,ridge_numpy_fallback,prior_history_plus_actigraphy,chronological_holdout:last_30pct_per_athlete_min_1,30.8,30.43825881281969,97.62282091917592,0.3617411871803107
rest_daily_3cf67d5887d878f8,efa2dbe6-24c0-4500-8b7b-1d5d14e1d271,ridge_numpy_fallback,prior_history_plus_actigraphy,chronological_holdout:last_30pct_per_athlete_min_1,31.5,32.16059540521129,94.311377245509,-0.6605954052112892
rest_daily_568874402ae121a6,fd0c9e61-cb99-4d60-ab37-b4b3f5ac60d2,ridge_numpy_fallback,prior_history_plus_actigraphy,chronological_holdout:last_30pct_per_athlete_min_1,38.6,33.579715408084176,106.18982118294362,5.020284591915825
rest_daily_e6273f94a99ad120,fd0c9e61-cb99-4d60-ab37-b4b3f5ac60d2,ridge_numpy_fallback,prior_history_plus_actigraphy,chronological_holdout:last_30pct_per_athlete_min_1,36.5,33.552789641467875,100.27472527472528,2.947210358532125
rest_daily_addc070e41582078,fd0c9e61-cb99-4d60-ab37-b4b3f5ac60d2,ridge_numpy_fallback,prior_history_plus_actigraphy,chronological_holdout:last_30pct_per_athlete_min_1,35.8,35.61531209365811,98.21673525377228,0.18468790634188537
rest_daily_91c3ba85eea8d163,2068e7ec-51a8-441a-8053-2be7533e613f,ridge_numpy_fallback,prior_history_plus_actigraphy,chronological_holdout:last_30pct_per_athlete_min_1,43.9,42.59447804768718,98.4304932735426,1.3055219523128159
rest_daily_0a396a843fa902b0,2068e7ec-51a8-441a-8053-2be7533e613f,ridge_numpy_fallback,prior_history_plus_actigraphy,chronological_holdout:last_30pct_per_athlete_min_1,43.3,42.56578947673274,97.08520179372196,0.734210523267258
rest_daily_a4f0947d555bcfe1,9cee6de4-93b3-46a7-a018-90f60d705ebb,ridge_numpy_fallback,all_track_b_exploratory,leave_one_athlete_out:9cee6de4-93b3-46a7-a018-90f60d705ebb,48.8,49.78017965262035,100.61855670103093,-0.9801796526203503
rest_daily_b0a59a0abf0c6f21,9cee6de4-93b3-46a7-a018-90f60d705ebb,ridge_numpy_fallback,all_track_b_exploratory,leave_one_athlete_out:9cee6de4-93b3-46a7-a018-90f60d705ebb,49.3,48.75610339487388,101.33607399794452,0.5438966051261147
rest_daily_ad64c57187148a23,9cee6de4-93b3-46a7-a018-90f60d705ebb,ridge_numpy_fallback,all_track_b_exploratory,leave_one_athlete_out:9cee6de4-93b3-46a7-a018-90f60d705ebb,50.0,50.346611198331885,102.45901639344262,-0.34661119833188536
rest_daily_bdb6766b9448f55b,9cee6de4-93b3-46a7-a018-90f60d705ebb,ridge_numpy_fallback,all_track_b_exploratory,leave_one_athlete_out:9cee6de4-93b3-46a7-a018-90f60d705ebb,37.5,49.56643087727389,76.45259938837921,-12.066430877273888
rest_daily_96bd7b99fb596da4,9cee6de4-93b3-46a7-a018-90f60d705ebb,ridge_numpy_fallback,all_track_b_exploratory,leave_one_athlete_out:9cee6de4-93b3-46a7-a018-90f60d705ebb,48.5,47.60260536086895,99.38524590163937,0.8973946391310506
rest_daily_aa66a200e387eba4,9cee6de4-93b3-46a7-a018-90f60d705ebb,ridge_numpy_fallback,all_track_b_exploratory,leave_one_athlete_out:9cee6de4-93b3-46a7-a018-90f60d705ebb,45.7,45.84470663439682,93.93627954779036,-0.14470663439681886
rest_daily_b711ef41b7e72a58,8d47422f-2512-44a3-a6d6-8feb726f4759,ridge_numpy_fallback,all_track_b_exploratory,leave_one_athlete_out:8d47422f-2512-44a3-a6d6-8feb726f4759,32.2,30.47116253033721,102.54777070063696,1.7288374696627926
rest_daily_0056b953332cf48c,8d47422f-2512-44a3-a6d6-8feb726f4759,ridge_numpy_fallback,all_track_b_exploratory,leave_one_athlete_out:8d47422f-2512-44a3-a6d6-8feb726f4759,31.1,27.614007660342065,99.67948717948718,3.485992339657937
rest_daily_9576a5f6cfbca811,8d47422f-2512-44a3-a6d6-8feb726f4759,ridge_numpy_fallback,all_track_b_exploratory,leave_one_athlete_out:8d47422f-2512-44a3-a6d6-8feb726f4759,31.8,30.76164680145266,102.2508038585209,1.038353198547341
rest_daily_2b0ad7da5f00c7fb,8d47422f-2512-44a3-a6d6-8feb726f4759,ridge_numpy_fallback,all_track_b_exploratory,leave_one_athlete_out:8d47422f-2512-44a3-a6d6-8feb726f4759,30.5,28.946349632536588,97.6,1.553650367463412
rest_daily_cdf2c1790b6b6b77,ec3fc0a0-ab15-4c0c-b1ad-5243c6e5636f,ridge_numpy_fallback,all_track_b_exploratory,leave_one_athlete_out:ec3fc0a0-ab15-4c0c-b1ad-5243c6e5636f,30.1,28.761467235574074,103.08219178082192,1.3385327644259277
rest_daily_cd58435642eb8af3,ec3fc0a0-ab15-4c0c-b1ad-5243c6e5636f,ridge_numpy_fallback,all_track_b_exploratory,leave_one_athlete_out:ec3fc0a0-ab15-4c0c-b1ad-5243c6e5636f,31.4,29.949895399771663,105.90219224283304,1.450104600228336
rest_daily_f086eef85301ad30,ec3fc0a0-ab15-4c0c-b1ad-5243c6e5636f,ridge_numpy_fallback,all_track_b_exploratory,leave_one_athlete_out:ec3fc0a0-ab15-4c0c-b1ad-5243c6e5636f,32.9,25.531146808611272,109.30232558139534,7.368853191388727
rest_daily_c1dfb58557a561b2,ec3fc0a0-ab15-4c0c-b1ad-5243c6e5636f,ridge_numpy_fallback,all_track_b_exploratory,leave_one_athlete_out:ec3fc0a0-ab15-4c0c-b1ad-5243c6e5636f,31.8,31.176371989994486,105.4726368159204,0.6236280100055147
rest_daily_c72954ac52f3c08e,ec3fc0a0-ab15-4c0c-b1ad-5243c6e5636f,ridge_numpy_fallback,all_track_b_exploratory,leave_one_athlete_out:ec3fc0a0-ab15-4c0c-b1ad-5243c6e5636f,31.9,29.523326076306112,105.62913907284768,2.376673923693886
rest_daily_50f6f1543ffe74e1,ec3fc0a0-ab15-4c0c-b1ad-5243c6e5636f,ridge_numpy_fallback,all_track_b_exploratory,leave_one_athlete_out:ec3fc0a0-ab15-4c0c-b1ad-5243c6e5636f,29.8,31.08337848542257,96.75324675324676,-1.2833784854225705
rest_daily_6c805b4dd0c2cf3f,f2b08928-a410-4d1d-9f19-1f8c063a6311,ridge_numpy_fallback,all_track_b_exploratory,leave_one_athlete_out:f2b08928-a410-4d1d-9f19-1f8c063a6311,31.5,32.62126289125349,100.0,-1.1212628912534868
rest_daily_f4e5f2267c6c0457,86fed448-f51d-4005-aef8-bd9413933cbe,ridge_numpy_fallback,all_track_b_exploratory,leave_one_athlete_out:86fed448-f51d-4005-aef8-bd9413933cbe,29.2,26.660737008413893,95.4248366013072,2.5392629915861065
rest_daily_1b54b101c18e95b5,86fed448-f51d-4005-aef8-bd9413933cbe,ridge_numpy_fallback,all_track_b_exploratory,leave_one_athlete_out:86fed448-f51d-4005-aef8-bd9413933cbe,30.7,26.283600483339352,101.65562913907284,4.416399516660647
rest_daily_7f7a9baf479d195c,86fed448-f51d-4005-aef8-bd9413933cbe,ridge_numpy_fallback,all_track_b_exploratory,leave_one_athlete_out:86fed448-f51d-4005-aef8-bd9413933cbe,32.4,26.5592218514356,105.88235294117646,5.8407781485644
rest_daily_f98b6f0e56bf0285,86fed448-f51d-4005-aef8-bd9413933cbe,ridge_numpy_fallback,all_track_b_exploratory,leave_one_athlete_out:86fed448-f51d-4005-aef8-bd9413933cbe,30.7,29.264437809215963,100.163132137031,1.4355621907840366
rest_daily_5091bf99d5924eac,86fed448-f51d-4005-aef8-bd9413933cbe,ridge_numpy_fallback,all_track_b_exploratory,leave_one_athlete_out:86fed448-f51d-4005-aef8-bd9413933cbe,31.8,27.813368816978667,103.5830618892508,3.986631183021334
rest_daily_472237620c8063bf,86fed448-f51d-4005-aef8-bd9413933cbe,ridge_numpy_fallback,all_track_b_exploratory,leave_one_athlete_out:86fed448-f51d-4005-aef8-bd9413933cbe,29.8,31.461640421889975,97.0684039087948,-1.6616404218899739
rest_daily_a309a15592c25132,86fed448-f51d-4005-aef8-bd9413933cbe,ridge_numpy_fallback,all_track_b_exploratory,leave_one_athlete_out:86fed448-f51d-4005-aef8-bd9413933cbe,30.1,26.495117733998548,98.0456026058632,3.6048822660014537
rest_daily_bea3758949606720,86fed448-f51d-4005-aef8-bd9413933cbe,ridge_numpy_fallback,all_track_b_exploratory,leave_one_athlete_out:86fed448-f51d-4005-aef8-bd9413933cbe,33.6,28.798987192227784,109.62479608482872,4.801012807772217
rest_daily_82442f8e52aa8256,a2d89dcf-6bd1-445b-bc9c-7ac6b852a9fc,ridge_numpy_fallback,all_track_b_exploratory,leave_one_athlete_out:a2d89dcf-6bd1-445b-bc9c-7ac6b852a9fc,25.2,29.67093469937806,94.73684210526316,-4.470934699378059
rest_daily_baa5ee6cfc8f59b5,a2d89dcf-6bd1-445b-bc9c-7ac6b852a9fc,ridge_numpy_fallback,all_track_b_exploratory,leave_one_athlete_out:a2d89dcf-6bd1-445b-bc9c-7ac6b852a9fc,26.0,27.50397150774183,100.3861003861004,-1.5039715077418307
rest_daily_9afc4bb4cc991ef9,a2d89dcf-6bd1-445b-bc9c-7ac6b852a9fc,ridge_numpy_fallback,all_track_b_exploratory,leave_one_athlete_out:a2d89dcf-6bd1-445b-bc9c-7ac6b852a9fc,25.9,27.92280643598038,99.6153846153846,-2.0228064359803817
rest_daily_7f8eb3142fb05b5e,a2d89dcf-6bd1-445b-bc9c-7ac6b852a9fc,ridge_numpy_fallback,all_track_b_exploratory,leave_one_athlete_out:a2d89dcf-6bd1-445b-bc9c-7ac6b852a9fc,27.3,31.010812917786,105.20231213872832,-3.7108129177860008
rest_daily_1c3acd1f7c8cf85f,a2d89dcf-6bd1-445b-bc9c-7ac6b852a9fc,ridge_numpy_fallback,all_track_b_exploratory,leave_one_athlete_out:a2d89dcf-6bd1-445b-bc9c-7ac6b852a9fc,26.1,27.318258349779455,100.3846153846154,-1.218258349779454
rest_daily_a5cab1550d5946e9,a2d89dcf-6bd1-445b-bc9c-7ac6b852a9fc,ridge_numpy_fallback,all_track_b_exploratory,leave_one_athlete_out:a2d89dcf-6bd1-445b-bc9c-7ac6b852a9fc,26.1,26.618005046132062,100.1919385796545,-0.5180050461320604
rest_daily_1a821f8053bae41e,6a2ca03c-e61b-4589-a931-58f5e25aacd8,ridge_numpy_fallback,all_track_b_exploratory,leave_one_athlete_out:6a2ca03c-e61b-4589-a931-58f5e25aacd8,35.0,36.885858548833106,96.9529085872576,-1.8858585488331059
rest_daily_1fdf1d5bbe31da02,957de0b1-7ee9-437c-b47b-dffd09b6653a,ridge_numpy_fallback,all_track_b_exploratory,leave_one_athlete_out:957de0b1-7ee9-437c-b47b-dffd09b6653a,26.4,26.693682308917154,98.50746268656717,-0.2936823089171554
rest_daily_ce8b5b7b591dd0fd,957de0b1-7ee9-437c-b47b-dffd09b6653a,ridge_numpy_fallback,all_track_b_exploratory,leave_one_athlete_out:957de0b1-7ee9-437c-b47b-dffd09b6653a,24.2,26.99621971292821,90.29850746268656,-2.7962197129282096
rest_daily_5725581e019f5fa6,957de0b1-7ee9-437c-b47b-dffd09b6653a,ridge_numpy_fallback,all_track_b_exploratory,leave_one_athlete_out:957de0b1-7ee9-437c-b47b-dffd09b6653a,25.2,27.47879284366025,94.02985074626864,-2.278792843660252
rest_daily_9fdde10651bde0b4,957de0b1-7ee9-437c-b47b-dffd09b6653a,ridge_numpy_fallback,all_track_b_exploratory,leave_one_athlete_out:957de0b1-7ee9-437c-b47b-dffd09b6653a,25.9,28.238225952674497,96.64179104477611,-2.338225952674499
rest_daily_4cc527b910742f5f,957de0b1-7ee9-437c-b47b-dffd09b6653a,ridge_numpy_fallback,all_track_b_exploratory,leave_one_athlete_out:957de0b1-7ee9-437c-b47b-dffd09b6653a,24.4,25.399160275663707,91.72932330827066,-0.9991602756637086
rest_daily_a682083333fcffda,957de0b1-7ee9-437c-b47b-dffd09b6653a,ridge_numpy_fallback,all_track_b_exploratory,leave_one_athlete_out:957de0b1-7ee9-437c-b47b-dffd09b6653a,26.0,25.51955935351021,98.48484848484848,0.48044064648978946
rest_daily_baad225df3d4f040,957de0b1-7ee9-437c-b47b-dffd09b6653a,ridge_numpy_fallback,all_track_b_exploratory,leave_one_athlete_out:957de0b1-7ee9-437c-b47b-dffd09b6653a,27.5,21.16820205917579,104.9618320610687,6.3317979408242095
rest_daily_24526a257b340324,957de0b1-7ee9-437c-b47b-dffd09b6653a,ridge_numpy_fallback,all_track_b_exploratory,leave_one_athlete_out:957de0b1-7ee9-437c-b47b-dffd09b6653a,27.2,25.28780668243312,103.03030303030305,1.912193317566878
rest_daily_f51837b525fe2758,957de0b1-7ee9-437c-b47b-dffd09b6653a,ridge_numpy_fallback,all_track_b_exploratory,leave_one_athlete_out:957de0b1-7ee9-437c-b47b-dffd09b6653a,27.5,26.021064053600305,103.38345864661652,1.4789359463996945
rest_daily_44c060af4bc142ed,e362b878-9920-4dcf-9ab7-687a194a821c,ridge_numpy_fallback,all_track_b_exploratory,leave_one_athlete_out:e362b878-9920-4dcf-9ab7-687a194a821c,35.0,33.46732841011591,97.76536312849164,1.5326715898840888
rest_daily_e1f7ae429e1b28de,e362b878-9920-4dcf-9ab7-687a194a821c,ridge_numpy_fallback,all_track_b_exploratory,leave_one_athlete_out:e362b878-9920-4dcf-9ab7-687a194a821c,32.8,39.268164246866675,91.8767507002801,-6.468164246866678
rest_daily_23de18e0c8746cd7,e362b878-9920-4dcf-9ab7-687a194a821c,ridge_numpy_fallback,all_track_b_exploratory,leave_one_athlete_out:e362b878-9920-4dcf-9ab7-687a194a821c,35.3,35.643252043166136,99.1573033707865,-0.3432520431661388
rest_daily_19d7ba07a6d15f62,e362b878-9920-4dcf-9ab7-687a194a821c,ridge_numpy_fallback,all_track_b_exploratory,leave_one_athlete_out:e362b878-9920-4dcf-9ab7-687a194a821c,32.0,35.7950354330149,90.26798307475316,-3.7950354330149025
rest_daily_6f1321ab0e065ca1,e362b878-9920-4dcf-9ab7-687a194a821c,ridge_numpy_fallback,all_track_b_exploratory,leave_one_athlete_out:e362b878-9920-4dcf-9ab7-687a194a821c,32.6,34.212043856607735,92.35127478753542,-1.612043856607734
rest_daily_8b1130c2e482bf87,e362b878-9920-4dcf-9ab7-687a194a821c,ridge_numpy_fallback,all_track_b_exploratory,leave_one_athlete_out:e362b878-9920-4dcf-9ab7-687a194a821c,30.7,32.12083437928081,87.33997155049786,-1.4208343792808087
rest_daily_aac7a0cea32a78f6,e362b878-9920-4dcf-9ab7-687a194a821c,ridge_numpy_fallback,all_track_b_exploratory,leave_one_athlete_out:e362b878-9920-4dcf-9ab7-687a194a821c,33.5,32.68044711490766,102.13414634146342,0.8195528850923424
rest_daily_6f910bb9a01cd557,687552ea-5963-45df-8680-c4c6058eab87,ridge_numpy_fallback,all_track_b_exploratory,leave_one_athlete_out:687552ea-5963-45df-8680-c4c6058eab87,35.7,36.70054965793877,91.7737789203085,-1.0005496579387696
rest_daily_21d41c9eaff91990,687552ea-5963-45df-8680-c4c6058eab87,ridge_numpy_fallback,all_track_b_exploratory,leave_one_athlete_out:687552ea-5963-45df-8680-c4c6058eab87,43.9,36.468919326916755,117.06666666666666,7.431080673083244
rest_daily_12a68c9036898205,687552ea-5963-45df-8680-c4c6058eab87,ridge_numpy_fallback,all_track_b_exploratory,leave_one_athlete_out:687552ea-5963-45df-8680-c4c6058eab87,42.7,37.77137852892469,109.76863753213368,4.92862147107531
rest_daily_e3c98654c7975c33,687552ea-5963-45df-8680-c4c6058eab87,ridge_numpy_fallback,all_track_b_exploratory,leave_one_athlete_out:687552ea-5963-45df-8680-c4c6058eab87,41.3,37.53874913351633,101.9753086419753,3.761250866483664
rest_daily_bb1d299fe508ad69,687552ea-5963-45df-8680-c4c6058eab87,ridge_numpy_fallback,all_track_b_exploratory,leave_one_athlete_out:687552ea-5963-45df-8680-c4c6058eab87,36.8,36.5396708033074,89.10411622276028,0.26032919669259513
rest_daily_1b6135ddcedae6ca,687552ea-5963-45df-8680-c4c6058eab87,ridge_numpy_fallback,all_track_b_exploratory,leave_one_athlete_out:687552ea-5963-45df-8680-c4c6058eab87,36.4,37.61533245082349,90.77306733167084,-1.2153324508234888
rest_daily_b5aee6d21878a523,687552ea-5963-45df-8680-c4c6058eab87,ridge_numpy_fallback,all_track_b_exploratory,leave_one_athlete_out:687552ea-5963-45df-8680-c4c6058eab87,37.5,37.32256306525157,96.40102827763496,0.17743693474842814
rest_daily_a157f3bb920fa92f,c887cb7e-63cf-4dc2-9fd2-8429137ba44b,ridge_numpy_fallback,all_track_b_exploratory,leave_one_athlete_out:c887cb7e-63cf-4dc2-9fd2-8429137ba44b,30.7,30.34630694731687,116.2878787878788,0.35369305268313056
rest_daily_b8e40341f54d9616,c887cb7e-63cf-4dc2-9fd2-8429137ba44b,ridge_numpy_fallback,all_track_b_exploratory,leave_one_athlete_out:c887cb7e-63cf-4dc2-9fd2-8429137ba44b,28.1,29.937350302523022,102.1818181818182,-1.8373503025230207
rest_daily_1759366c50384ac7,c887cb7e-63cf-4dc2-9fd2-8429137ba44b,ridge_numpy_fallback,all_track_b_exploratory,leave_one_athlete_out:c887cb7e-63cf-4dc2-9fd2-8429137ba44b,30.0,30.602824504140354,106.76156583629891,-0.6028245041403544
rest_daily_0663b3b3ac8bbc8c,c887cb7e-63cf-4dc2-9fd2-8429137ba44b,ridge_numpy_fallback,all_track_b_exploratory,leave_one_athlete_out:c887cb7e-63cf-4dc2-9fd2-8429137ba44b,28.5,29.654419280424506,100.52910052910052,-1.1544192804245057
rest_daily_64860edccfee005f,c887cb7e-63cf-4dc2-9fd2-8429137ba44b,ridge_numpy_fallback,all_track_b_exploratory,leave_one_athlete_out:c887cb7e-63cf-4dc2-9fd2-8429137ba44b,28.5,25.494287549904126,100.0,3.0057124500958743
rest_daily_b66d89d81131cac9,c887cb7e-63cf-4dc2-9fd2-8429137ba44b,ridge_numpy_fallback,all_track_b_exploratory,leave_one_athlete_out:c887cb7e-63cf-4dc2-9fd2-8429137ba44b,26.6,29.903370209204702,93.33333333333331,-3.303370209204701
rest_daily_462b7d0d1d4cce3d,c887cb7e-63cf-4dc2-9fd2-8429137ba44b,ridge_numpy_fallback,all_track_b_exploratory,leave_one_athlete_out:c887cb7e-63cf-4dc2-9fd2-8429137ba44b,24.4,31.355288584568534,85.6140350877193,-6.955288584568535
rest_daily_6f2bd48791757d01,e6e4e3b9-5cfa-42c6-a4cd-0f96561de3eb,ridge_numpy_fallback,all_track_b_exploratory,leave_one_athlete_out:e6e4e3b9-5cfa-42c6-a4cd-0f96561de3eb,32.5,32.19061388380129,100.61919504643964,0.30938611619870926
rest_daily_02d5b5624ca2a01d,e6e4e3b9-5cfa-42c6-a4cd-0f96561de3eb,ridge_numpy_fallback,all_track_b_exploratory,leave_one_athlete_out:e6e4e3b9-5cfa-42c6-a4cd-0f96561de3eb,30.3,32.07096308047607,93.51851851851852,-1.7709630804760685
rest_daily_5a6dee4fcd56dbce,e6e4e3b9-5cfa-42c6-a4cd-0f96561de3eb,ridge_numpy_fallback,all_track_b_exploratory,leave_one_athlete_out:e6e4e3b9-5cfa-42c6-a4cd-0f96561de3eb,32.5,32.1244861463142,100.61919504643964,0.3755138536858027
rest_daily_ab17f1fc7853a9d6,e6e4e3b9-5cfa-42c6-a4cd-0f96561de3eb,ridge_numpy_fallback,all_track_b_exploratory,leave_one_athlete_out:e6e4e3b9-5cfa-42c6-a4cd-0f96561de3eb,29.9,31.081189043978842,92.28395061728396,-1.1811890439788435
rest_daily_9f0c016dc4398960,e6e4e3b9-5cfa-42c6-a4cd-0f96561de3eb,ridge_numpy_fallback,all_track_b_exploratory,leave_one_athlete_out:e6e4e3b9-5cfa-42c6-a4cd-0f96561de3eb,25.9,30.85225021653591,80.1857585139319,-4.952250216535912
rest_daily_0454c91c3fc710e8,e6e4e3b9-5cfa-42c6-a4cd-0f96561de3eb,ridge_numpy_fallback,all_track_b_exploratory,leave_one_athlete_out:e6e4e3b9-5cfa-42c6-a4cd-0f96561de3eb,30.8,30.881584270668085,97.62282091917592,-0.08158427066808471
rest_daily_d6526cc6a798964b,efa2dbe6-24c0-4500-8b7b-1d5d14e1d271,ridge_numpy_fallback,all_track_b_exploratory,leave_one_athlete_out:efa2dbe6-24c0-4500-8b7b-1d5d14e1d271,35.2,35.714301971324,105.07462686567166,-0.5143019713239951
rest_daily_1041700280114f2c,efa2dbe6-24c0-4500-8b7b-1d5d14e1d271,ridge_numpy_fallback,all_track_b_exploratory,leave_one_athlete_out:efa2dbe6-24c0-4500-8b7b-1d5d14e1d271,29.2,32.48607589393715,85.50512445095168,-3.2860758939371486
rest_daily_3cf67d5887d878f8,efa2dbe6-24c0-4500-8b7b-1d5d14e1d271,ridge_numpy_fallback,all_track_b_exploratory,leave_one_athlete_out:efa2dbe6-24c0-4500-8b7b-1d5d14e1d271,31.5,34.407932303740765,94.311377245509,-2.9079323037407647
rest_daily_82682445d3ee10d1,fd0c9e61-cb99-4d60-ab37-b4b3f5ac60d2,ridge_numpy_fallback,all_track_b_exploratory,leave_one_athlete_out:fd0c9e61-cb99-4d60-ab37-b4b3f5ac60d2,36.4,34.400944876315116,96.55172413793105,1.999055123684883
rest_daily_05f48e6e719ac92e,fd0c9e61-cb99-4d60-ab37-b4b3f5ac60d2,ridge_numpy_fallback,all_track_b_exploratory,leave_one_athlete_out:fd0c9e61-cb99-4d60-ab37-b4b3f5ac60d2,34.4,33.2468921268211,92.84750337381917,1.1531078731788966
rest_daily_efc572538dfe1a10,fd0c9e61-cb99-4d60-ab37-b4b3f5ac60d2,ridge_numpy_fallback,all_track_b_exploratory,leave_one_athlete_out:fd0c9e61-cb99-4d60-ab37-b4b3f5ac60d2,36.3,37.98213456264446,99.72527472527472,-1.682134562644464
rest_daily_01b75bd63b9e0e56,fd0c9e61-cb99-4d60-ab37-b4b3f5ac60d2,ridge_numpy_fallback,all_track_b_exploratory,leave_one_athlete_out:fd0c9e61-cb99-4d60-ab37-b4b3f5ac60d2,37.2,36.385045583568186,102.33837689133428,0.8149544164318172
rest_daily_7c83bde87c5be749,fd0c9e61-cb99-4d60-ab37-b4b3f5ac60d2,ridge_numpy_fallback,all_track_b_exploratory,leave_one_athlete_out:fd0c9e61-cb99-4d60-ab37-b4b3f5ac60d2,35.3,37.09379175719837,96.97802197802196,-1.7937917571983704
rest_daily_568874402ae121a6,fd0c9e61-cb99-4d60-ab37-b4b3f5ac60d2,ridge_numpy_fallback,all_track_b_exploratory,leave_one_athlete_out:fd0c9e61-cb99-4d60-ab37-b4b3f5ac60d2,38.6,31.783324922368614,106.18982118294362,6.816675077631388
rest_daily_e6273f94a99ad120,fd0c9e61-cb99-4d60-ab37-b4b3f5ac60d2,ridge_numpy_fallback,all_track_b_exploratory,leave_one_athlete_out:fd0c9e61-cb99-4d60-ab37-b4b3f5ac60d2,36.5,35.55294153790137,100.27472527472528,0.9470584620986315
rest_daily_addc070e41582078,fd0c9e61-cb99-4d60-ab37-b4b3f5ac60d2,ridge_numpy_fallback,all_track_b_exploratory,leave_one_athlete_out:fd0c9e61-cb99-4d60-ab37-b4b3f5ac60d2,35.8,35.770734885034884,98.21673525377228,0.029265114965113526
rest_daily_e0fe6a57d5ba3bee,2068e7ec-51a8-441a-8053-2be7533e613f,ridge_numpy_fallback,all_track_b_exploratory,leave_one_athlete_out:2068e7ec-51a8-441a-8053-2be7533e613f,45.9,40.14883269117168,101.32450331125828,5.751167308828322
rest_daily_d493fee7cfdb999b,2068e7ec-51a8-441a-8053-2be7533e613f,ridge_numpy_fallback,all_track_b_exploratory,leave_one_athlete_out:2068e7ec-51a8-441a-8053-2be7533e613f,44.2,40.63285484540215,98.33147942157952,3.5671451545978528
rest_daily_302c1fbaac2944d8,2068e7ec-51a8-441a-8053-2be7533e613f,ridge_numpy_fallback,all_track_b_exploratory,leave_one_athlete_out:2068e7ec-51a8-441a-8053-2be7533e613f,40.4,37.45109031374584,90.5829596412556,2.9489096862541615
rest_daily_91c3ba85eea8d163,2068e7ec-51a8-441a-8053-2be7533e613f,ridge_numpy_fallback,all_track_b_exploratory,leave_one_athlete_out:2068e7ec-51a8-441a-8053-2be7533e613f,43.9,40.44308887752936,98.4304932735426,3.456911122470636
rest_daily_0a396a843fa902b0,2068e7ec-51a8-441a-8053-2be7533e613f,ridge_numpy_fallback,all_track_b_exploratory,leave_one_athlete_out:2068e7ec-51a8-441a-8053-2be7533e613f,43.3,41.96309755854482,97.08520179372196,1.3369024414551802
rest_daily_96bd7b99fb596da4,9cee6de4-93b3-46a7-a018-90f60d705ebb,ridge_numpy_fallback,all_track_b_exploratory,chronological_holdout:last_30pct_per_athlete_min_1,48.5,46.10071817063813,99.38524590163937,2.3992818293618683
rest_daily_aa66a200e387eba4,9cee6de4-93b3-46a7-a018-90f60d705ebb,ridge_numpy_fallback,all_track_b_exploratory,chronological_holdout:last_30pct_per_athlete_min_1,45.7,46.16142308248388,93.93627954779036,-0.46142308248387565
rest_daily_9576a5f6cfbca811,8d47422f-2512-44a3-a6d6-8feb726f4759,ridge_numpy_fallback,all_track_b_exploratory,chronological_holdout:last_30pct_per_athlete_min_1,31.8,29.95352592354898,102.2508038585209,1.8464740764510204
rest_daily_2b0ad7da5f00c7fb,8d47422f-2512-44a3-a6d6-8feb726f4759,ridge_numpy_fallback,all_track_b_exploratory,chronological_holdout:last_30pct_per_athlete_min_1,30.5,28.737404400641445,97.6,1.762595599358555
rest_daily_c72954ac52f3c08e,ec3fc0a0-ab15-4c0c-b1ad-5243c6e5636f,ridge_numpy_fallback,all_track_b_exploratory,chronological_holdout:last_30pct_per_athlete_min_1,31.9,28.792701739885786,105.62913907284768,3.107298260114213
rest_daily_50f6f1543ffe74e1,ec3fc0a0-ab15-4c0c-b1ad-5243c6e5636f,ridge_numpy_fallback,all_track_b_exploratory,chronological_holdout:last_30pct_per_athlete_min_1,29.8,31.289286496135603,96.75324675324676,-1.4892864961356018
rest_daily_6c805b4dd0c2cf3f,f2b08928-a410-4d1d-9f19-1f8c063a6311,ridge_numpy_fallback,all_track_b_exploratory,chronological_holdout:last_30pct_per_athlete_min_1,31.5,32.620319959772885,100.0,-1.1203199597728855
rest_daily_472237620c8063bf,86fed448-f51d-4005-aef8-bd9413933cbe,ridge_numpy_fallback,all_track_b_exploratory,chronological_holdout:last_30pct_per_athlete_min_1,29.8,34.03009465659873,97.0684039087948,-4.230094656598727
rest_daily_a309a15592c25132,86fed448-f51d-4005-aef8-bd9413933cbe,ridge_numpy_fallback,all_track_b_exploratory,chronological_holdout:last_30pct_per_athlete_min_1,30.1,28.89105468442996,98.0456026058632,1.2089453155700411
rest_daily_bea3758949606720,86fed448-f51d-4005-aef8-bd9413933cbe,ridge_numpy_fallback,all_track_b_exploratory,chronological_holdout:last_30pct_per_athlete_min_1,33.6,32.13501258522962,109.62479608482872,1.464987414770384
rest_daily_1c3acd1f7c8cf85f,a2d89dcf-6bd1-445b-bc9c-7ac6b852a9fc,ridge_numpy_fallback,all_track_b_exploratory,chronological_holdout:last_30pct_per_athlete_min_1,26.1,24.640410448295285,100.3846153846154,1.4595895517047168
rest_daily_a5cab1550d5946e9,a2d89dcf-6bd1-445b-bc9c-7ac6b852a9fc,ridge_numpy_fallback,all_track_b_exploratory,chronological_holdout:last_30pct_per_athlete_min_1,26.1,25.433924389143165,100.1919385796545,0.6660756108568364
rest_daily_1a821f8053bae41e,6a2ca03c-e61b-4589-a931-58f5e25aacd8,ridge_numpy_fallback,all_track_b_exploratory,chronological_holdout:last_30pct_per_athlete_min_1,35.0,39.004047636786,96.9529085872576,-4.004047636785998
rest_daily_baad225df3d4f040,957de0b1-7ee9-437c-b47b-dffd09b6653a,ridge_numpy_fallback,all_track_b_exploratory,chronological_holdout:last_30pct_per_athlete_min_1,27.5,22.828242800396474,104.9618320610687,4.671757199603526
rest_daily_24526a257b340324,957de0b1-7ee9-437c-b47b-dffd09b6653a,ridge_numpy_fallback,all_track_b_exploratory,chronological_holdout:last_30pct_per_athlete_min_1,27.2,24.24351110482275,103.03030303030305,2.956488895177248
rest_daily_f51837b525fe2758,957de0b1-7ee9-437c-b47b-dffd09b6653a,ridge_numpy_fallback,all_track_b_exploratory,chronological_holdout:last_30pct_per_athlete_min_1,27.5,26.589684020911406,103.38345864661652,0.910315979088594
rest_daily_6f1321ab0e065ca1,e362b878-9920-4dcf-9ab7-687a194a821c,ridge_numpy_fallback,all_track_b_exploratory,chronological_holdout:last_30pct_per_athlete_min_1,32.6,31.36287377878437,92.35127478753542,1.2371262212156324
rest_daily_8b1130c2e482bf87,e362b878-9920-4dcf-9ab7-687a194a821c,ridge_numpy_fallback,all_track_b_exploratory,chronological_holdout:last_30pct_per_athlete_min_1,30.7,32.1020762664563,87.33997155049786,-1.4020762664563016
rest_daily_aac7a0cea32a78f6,e362b878-9920-4dcf-9ab7-687a194a821c,ridge_numpy_fallback,all_track_b_exploratory,chronological_holdout:last_30pct_per_athlete_min_1,33.5,35.04919255168437,102.13414634146342,-1.5491925516843708
rest_daily_bb1d299fe508ad69,687552ea-5963-45df-8680-c4c6058eab87,ridge_numpy_fallback,all_track_b_exploratory,chronological_holdout:last_30pct_per_athlete_min_1,36.8,38.780334377813816,89.10411622276028,-1.9803343778138185
rest_daily_1b6135ddcedae6ca,687552ea-5963-45df-8680-c4c6058eab87,ridge_numpy_fallback,all_track_b_exploratory,chronological_holdout:last_30pct_per_athlete_min_1,36.4,40.453852141739354,90.77306733167084,-4.053852141739355
rest_daily_b5aee6d21878a523,687552ea-5963-45df-8680-c4c6058eab87,ridge_numpy_fallback,all_track_b_exploratory,chronological_holdout:last_30pct_per_athlete_min_1,37.5,40.60805385749506,96.40102827763496,-3.108053857495058
rest_daily_64860edccfee005f,c887cb7e-63cf-4dc2-9fd2-8429137ba44b,ridge_numpy_fallback,all_track_b_exploratory,chronological_holdout:last_30pct_per_athlete_min_1,28.5,23.234743792755488,100.0,5.265256207244512
rest_daily_b66d89d81131cac9,c887cb7e-63cf-4dc2-9fd2-8429137ba44b,ridge_numpy_fallback,all_track_b_exploratory,chronological_holdout:last_30pct_per_athlete_min_1,26.6,28.092167057460806,93.33333333333331,-1.4921670574608044
rest_daily_462b7d0d1d4cce3d,c887cb7e-63cf-4dc2-9fd2-8429137ba44b,ridge_numpy_fallback,all_track_b_exploratory,chronological_holdout:last_30pct_per_athlete_min_1,24.4,30.317073642297473,85.6140350877193,-5.917073642297474
rest_daily_9f0c016dc4398960,e6e4e3b9-5cfa-42c6-a4cd-0f96561de3eb,ridge_numpy_fallback,all_track_b_exploratory,chronological_holdout:last_30pct_per_athlete_min_1,25.9,29.783588443250594,80.1857585139319,-3.883588443250595
rest_daily_0454c91c3fc710e8,e6e4e3b9-5cfa-42c6-a4cd-0f96561de3eb,ridge_numpy_fallback,all_track_b_exploratory,chronological_holdout:last_30pct_per_athlete_min_1,30.8,29.323999142118105,97.62282091917592,1.4760008578818962
rest_daily_3cf67d5887d878f8,efa2dbe6-24c0-4500-8b7b-1d5d14e1d271,ridge_numpy_fallback,all_track_b_exploratory,chronological_holdout:last_30pct_per_athlete_min_1,31.5,33.160113892494245,94.311377245509,-1.6601138924942447
rest_daily_568874402ae121a6,fd0c9e61-cb99-4d60-ab37-b4b3f5ac60d2,ridge_numpy_fallback,all_track_b_exploratory,chronological_holdout:last_30pct_per_athlete_min_1,38.6,32.02521991449626,106.18982118294362,6.57478008550374
rest_daily_e6273f94a99ad120,fd0c9e61-cb99-4d60-ab37-b4b3f5ac60d2,ridge_numpy_fallback,all_track_b_exploratory,chronological_holdout:last_30pct_per_athlete_min_1,36.5,35.61626105178236,100.27472527472528,0.8837389482176405
rest_daily_addc070e41582078,fd0c9e61-cb99-4d60-ab37-b4b3f5ac60d2,ridge_numpy_fallback,all_track_b_exploratory,chronological_holdout:last_30pct_per_athlete_min_1,35.8,36.06266348951093,98.21673525377228,-0.26266348951093477
rest_daily_91c3ba85eea8d163,2068e7ec-51a8-441a-8053-2be7533e613f,ridge_numpy_fallback,all_track_b_exploratory,chronological_holdout:last_30pct_per_athlete_min_1,43.9,43.7913642585782,98.4304932735426,0.10863574142179999
rest_daily_0a396a843fa902b0,2068e7ec-51a8-441a-8053-2be7533e613f,ridge_numpy_fallback,all_track_b_exploratory,chronological_holdout:last_30pct_per_athlete_min_1,43.3,45.110289679030245,97.08520179372196,-1.810289679030248
